date,sku_id,on_hand_units,on_order_units,lead_time_days,reorder_point
2023-01-01,SKU_0001,346,0,14.0,94
2023-01-08,SKU_0001,266,0,14.0,94
2023-01-15,SKU_0001,219,0,14.0,94
2023-01-22,SKU_0001,157,0,14.0,94
2023-01-29,SKU_0001,144,0,14.0,94
2023-02-05,SKU_0001,107,0,14.0,94
2023-02-12,SKU_0001,95,0,14.0,94
2023-02-19,SKU_0001,95,0,14.0,94
2023-02-26,SKU_0001,163,0,14.0,94
2023-03-05,SKU_0001,130,0,14.0,94
2023-03-12,SKU_0001,113,0,14.0,94
2023-03-19,SKU_0001,206,0,14.0,94
2023-03-26,SKU_0001,203,0,14.0,94
2023-04-02,SKU_0001,192,0,14.0,94
2023-04-09,SKU_0001,192,0,14.0,94
2023-04-16,SKU_0001,141,0,14.0,94
2023-04-23,SKU_0001,113,0,14.0,94
2023-04-30,SKU_0001,97,0,14.0,94
2023-05-07,SKU_0001,183,0,14.0,94
2023-05-14,SKU_0001,147,0,14.0,94
2023-05-21,SKU_0001,115,0,14.0,94
2023-05-28,SKU_0001,111,0,14.0,94
2023-06-04,SKU_0001,100,0,14.0,94
2023-06-11,SKU_0001,125,0,14.0,94
2023-06-18,SKU_0001,112,0,14.0,94
2023-06-25,SKU_0001,103,0,14.0,94
2023-07-02,SKU_0001,101,0,14.0,94
2023-07-09,SKU_0001,100,0,14.0,94
2023-07-16,SKU_0001,72,71,14.0,94
2023-07-23,SKU_0001,52,62,14.0,94
2023-07-30,SKU_0001,205,0,14.0,94
2023-08-06,SKU_0001,156,0,14.0,94
2023-08-13,SKU_0001,144,0,14.0,94
2023-08-20,SKU_0001,144,0,14.0,94
2023-08-27,SKU_0001,128,0,14.0,94
2023-09-03,SKU_0001,95,0,14.0,94
2023-09-10,SKU_0001,92,70,14.0,94
2023-09-17,SKU_0001,84,130,14.0,94
2023-09-24,SKU_0001,75,168,14.0,94
2023-10-01,SKU_0001,159,0,14.0,94
2023-10-08,SKU_0001,137,0,14.0,94
2023-10-15,SKU_0001,119,0,14.0,94
2023-10-22,SKU_0001,95,0,14.0,94
2023-10-29,SKU_0001,83,159,14.0,94
2023-11-05,SKU_0001,83,165,14.0,94
2023-11-12,SKU_0001,192,0,14.0,94
2023-11-19,SKU_0001,146,0,14.0,94
2023-11-26,SKU_0001,145,0,14.0,94
2023-12-03,SKU_0001,102,0,14.0,94
2023-12-10,SKU_0001,274,0,14.0,94
2023-12-17,SKU_0001,219,0,14.0,94
2023-12-24,SKU_0001,182,0,14.0,94
2023-12-31,SKU_0001,141,0,14.0,94
2024-01-07,SKU_0001,112,0,14.0,94
2024-01-14,SKU_0001,82,57,14.0,94
2024-01-21,SKU_0001,75,126,14.0,94
2024-01-28,SKU_0001,107,0,14.0,94
2024-02-04,SKU_0001,107,0,14.0,94
2024-02-11,SKU_0001,249,0,14.0,94
2024-02-18,SKU_0001,193,0,14.0,94
2024-02-25,SKU_0001,143,0,14.0,94
2024-03-03,SKU_0001,127,0,14.0,94
2024-03-10,SKU_0001,113,0,14.0,94
2024-03-17,SKU_0001,103,0,14.0,94
2024-03-24,SKU_0001,101,0,14.0,94
2024-03-31,SKU_0001,88,165,14.0,94
2024-04-07,SKU_0001,74,58,14.0,94
2024-04-14,SKU_0001,59,132,14.0,94
2024-04-21,SKU_0001,221,0,14.0,94
2024-04-28,SKU_0001,158,0,14.0,94
2024-05-05,SKU_0001,121,0,14.0,94
2024-05-12,SKU_0001,113,0,14.0,94
2024-05-19,SKU_0001,112,0,14.0,94
2024-05-26,SKU_0001,96,0,14.0,94
2024-06-02,SKU_0001,248,0,14.0,94
2024-06-09,SKU_0001,233,0,14.0,94
2024-06-16,SKU_0001,185,0,14.0,94
2024-06-23,SKU_0001,172,0,14.0,94
2024-06-30,SKU_0001,160,0,14.0,94
2024-07-07,SKU_0001,155,0,14.0,94
2024-07-14,SKU_0001,140,0,14.0,94
2024-07-21,SKU_0001,102,0,14.0,94
2024-07-28,SKU_0001,76,94,14.0,94
2024-08-04,SKU_0001,68,91,14.0,94
2024-08-11,SKU_0001,233,0,14.0,94
2024-08-18,SKU_0001,227,0,14.0,94
2024-08-25,SKU_0001,217,0,14.0,94
2024-09-01,SKU_0001,154,0,14.0,94
2024-09-08,SKU_0001,129,0,14.0,94
2024-09-15,SKU_0001,262,0,14.0,94
2024-09-22,SKU_0001,256,0,14.0,94
2024-09-29,SKU_0001,200,0,14.0,94
2024-10-06,SKU_0001,186,0,14.0,94
2024-10-13,SKU_0001,140,0,14.0,94
2024-10-20,SKU_0001,113,0,14.0,94
2024-10-27,SKU_0001,105,0,14.0,94
2024-11-03,SKU_0001,101,0,14.0,94
2024-11-10,SKU_0001,93,154,14.0,94
2024-11-17,SKU_0001,146,0,14.0,94
2024-11-24,SKU_0001,121,0,14.0,94
2024-12-01,SKU_0001,88,152,14.0,94
2024-12-08,SKU_0001,258,0,14.0,94
2024-12-15,SKU_0001,204,0,14.0,94
2024-12-22,SKU_0001,184,0,14.0,94
2024-12-29,SKU_0001,161,0,14.0,94
2023-01-01,SKU_0002,181,0,14.0,34
2023-01-08,SKU_0002,178,0,14.0,34
2023-01-15,SKU_0002,127,0,14.0,34
2023-01-22,SKU_0002,114,0,14.0,34
2023-01-29,SKU_0002,81,0,14.0,34
2023-02-05,SKU_0002,76,0,14.0,34
2023-02-12,SKU_0002,73,0,14.0,34
2023-02-19,SKU_0002,57,0,14.0,34
2023-02-26,SKU_0002,56,0,14.0,34
2023-03-05,SKU_0002,47,0,14.0,34
2023-03-12,SKU_0002,40,0,14.0,34
2023-03-19,SKU_0002,30,57,14.0,34
2023-03-26,SKU_0002,152,0,14.0,34
2023-04-02,SKU_0002,117,0,14.0,34
2023-04-09,SKU_0002,94,0,14.0,34
2023-04-16,SKU_0002,76,0,14.0,34
2023-04-23,SKU_0002,57,0,14.0,34
2023-04-30,SKU_0002,52,0,14.0,34
2023-05-07,SKU_0002,47,0,14.0,34
2023-05-14,SKU_0002,39,0,14.0,34
2023-05-21,SKU_0002,37,0,14.0,34
2023-05-28,SKU_0002,34,0,14.0,34
2023-06-04,SKU_0002,32,99,14.0,34
2023-06-11,SKU_0002,152,0,14.0,34
2023-06-18,SKU_0002,120,0,14.0,34
2023-06-25,SKU_0002,109,0,14.0,34
2023-07-02,SKU_0002,97,0,14.0,34
2023-07-09,SKU_0002,85,0,14.0,34
2023-07-16,SKU_0002,62,0,14.0,34
2023-07-23,SKU_0002,52,0,14.0,34
2023-07-30,SKU_0002,48,0,14.0,34
2023-08-06,SKU_0002,46,0,14.0,34
2023-08-13,SKU_0002,38,0,14.0,34
2023-08-20,SKU_0002,35,0,14.0,34
2023-08-27,SKU_0002,31,86,14.0,34
2023-09-03,SKU_0002,28,155,14.0,34
2023-09-10,SKU_0002,74,0,14.0,34
2023-09-17,SKU_0002,57,0,14.0,34
2023-09-24,SKU_0002,42,0,14.0,34
2023-10-01,SKU_0002,38,0,14.0,34
2023-10-08,SKU_0002,119,0,14.0,34
2023-10-15,SKU_0002,117,0,14.0,34
2023-10-22,SKU_0002,111,0,14.0,34
2023-10-29,SKU_0002,81,0,14.0,34
2023-11-05,SKU_0002,74,0,14.0,34
2023-11-12,SKU_0002,61,0,14.0,34
2023-11-19,SKU_0002,61,0,14.0,34
2023-11-26,SKU_0002,48,0,14.0,34
2023-12-03,SKU_0002,43,0,14.0,34
2023-12-10,SKU_0002,35,0,14.0,34
2023-12-17,SKU_0002,34,0,14.0,34
2023-12-24,SKU_0002,31,163,14.0,34
2023-12-31,SKU_0002,22,101,14.0,34
2024-01-07,SKU_0002,22,98,14.0,34
2024-01-14,SKU_0002,122,0,14.0,34
2024-01-21,SKU_0002,93,0,14.0,34
2024-01-28,SKU_0002,84,0,14.0,34
2024-02-04,SKU_0002,74,0,14.0,34
2024-02-11,SKU_0002,74,0,14.0,34
2024-02-18,SKU_0002,65,0,14.0,34
2024-02-25,SKU_0002,63,0,14.0,34
2024-03-03,SKU_0002,61,0,14.0,34
2024-03-10,SKU_0002,48,0,14.0,34
2024-03-17,SKU_0002,43,0,14.0,34
2024-03-24,SKU_0002,41,0,14.0,34
2024-03-31,SKU_0002,37,0,14.0,34
2024-04-07,SKU_0002,26,113,14.0,34
2024-04-14,SKU_0002,138,0,14.0,34
2024-04-21,SKU_0002,118,0,14.0,34
2024-04-28,SKU_0002,95,0,14.0,34
2024-05-05,SKU_0002,77,0,14.0,34
2024-05-12,SKU_0002,59,0,14.0,34
2024-05-19,SKU_0002,59,0,14.0,34
2024-05-26,SKU_0002,42,0,14.0,34
2024-06-02,SKU_0002,36,0,14.0,34
2024-06-09,SKU_0002,27,144,14.0,34
2024-06-16,SKU_0002,88,0,14.0,34
2024-06-23,SKU_0002,74,0,14.0,34
2024-06-30,SKU_0002,53,0,14.0,34
2024-07-07,SKU_0002,41,0,14.0,34
2024-07-14,SKU_0002,41,0,14.0,34
2024-07-21,SKU_0002,39,0,14.0,34
2024-07-28,SKU_0002,34,0,14.0,34
2024-08-04,SKU_0002,31,154,14.0,34
2024-08-11,SKU_0002,29,79,14.0,34
2024-08-18,SKU_0002,149,0,14.0,34
2024-08-25,SKU_0002,139,0,14.0,34
2024-09-01,SKU_0002,126,0,14.0,34
2024-09-08,SKU_0002,125,0,14.0,34
2024-09-15,SKU_0002,122,0,14.0,34
2024-09-22,SKU_0002,86,0,14.0,34
2024-09-29,SKU_0002,68,0,14.0,34
2024-10-06,SKU_0002,62,0,14.0,34
2024-10-13,SKU_0002,50,0,14.0,34
2024-10-20,SKU_0002,35,0,14.0,34
2024-10-27,SKU_0002,134,0,14.0,34
2024-11-03,SKU_0002,127,0,14.0,34
2024-11-10,SKU_0002,101,0,14.0,34
2024-11-17,SKU_0002,94,0,14.0,34
2024-11-24,SKU_0002,90,0,14.0,34
2024-12-01,SKU_0002,77,0,14.0,34
2024-12-08,SKU_0002,62,0,14.0,34
2024-12-15,SKU_0002,48,0,14.0,34
2024-12-22,SKU_0002,44,0,14.0,34
2024-12-29,SKU_0002,38,0,14.0,34
2023-01-01,SKU_0003,472,0,21.0,94
2023-01-08,SKU_0003,420,0,21.0,94
2023-01-15,SKU_0003,369,0,21.0,94
2023-01-22,SKU_0003,304,0,21.0,94
2023-01-29,SKU_0003,222,0,21.0,94
2023-02-05,SKU_0003,158,0,21.0,94
2023-02-12,SKU_0003,118,0,21.0,94
2023-02-19,SKU_0003,117,0,21.0,94
2023-02-26,SKU_0003,106,0,21.0,94
2023-03-05,SKU_0003,206,0,21.0,94
2023-03-12,SKU_0003,158,0,21.0,94
2023-03-19,SKU_0003,157,0,21.0,94
2023-03-26,SKU_0003,138,0,21.0,94
2023-04-02,SKU_0003,138,0,21.0,94
2023-04-09,SKU_0003,125,0,21.0,94
2023-04-16,SKU_0003,115,0,21.0,94
2023-04-23,SKU_0003,211,0,21.0,94
2023-04-30,SKU_0003,176,0,21.0,94
2023-05-07,SKU_0003,164,0,21.0,94
2023-05-14,SKU_0003,119,0,21.0,94
2023-05-21,SKU_0003,104,0,21.0,94
2023-05-28,SKU_0003,207,0,21.0,94
2023-06-04,SKU_0003,167,0,21.0,94
2023-06-11,SKU_0003,164,0,21.0,94
2023-06-18,SKU_0003,135,0,21.0,94
2023-06-25,SKU_0003,100,0,21.0,94
2023-07-02,SKU_0003,89,134,21.0,94
2023-07-09,SKU_0003,147,0,21.0,94
2023-07-16,SKU_0003,139,0,21.0,94
2023-07-23,SKU_0003,139,0,21.0,94
2023-07-30,SKU_0003,117,0,21.0,94
2023-08-06,SKU_0003,95,0,21.0,94
2023-08-13,SKU_0003,88,79,21.0,94
2023-08-20,SKU_0003,82,166,21.0,94
2023-08-27,SKU_0003,252,0,21.0,94
2023-09-03,SKU_0003,243,0,21.0,94
2023-09-10,SKU_0003,230,0,21.0,94
2023-09-17,SKU_0003,172,0,21.0,94
2023-09-24,SKU_0003,124,0,21.0,94
2023-10-01,SKU_0003,109,0,21.0,94
2023-10-08,SKU_0003,99,0,21.0,94
2023-10-15,SKU_0003,125,0,21.0,94
2023-10-22,SKU_0003,105,0,21.0,94
2023-10-29,SKU_0003,85,174,21.0,94
2023-11-05,SKU_0003,179,0,21.0,94
2023-11-12,SKU_0003,172,0,21.0,94
2023-11-19,SKU_0003,145,0,21.0,94
2023-11-26,SKU_0003,139,0,21.0,94
2023-12-03,SKU_0003,131,0,21.0,94
2023-12-10,SKU_0003,131,0,21.0,94
2023-12-17,SKU_0003,96,0,21.0,94
2023-12-24,SKU_0003,73,60,21.0,94
2023-12-31,SKU_0003,54,165,21.0,94
2024-01-07,SKU_0003,124,0,21.0,94
2024-01-14,SKU_0003,94,0,21.0,94
2024-01-21,SKU_0003,164,0,21.0,94
2024-01-28,SKU_0003,137,0,21.0,94
2024-02-04,SKU_0003,126,0,21.0,94
2024-02-11,SKU_0003,96,0,21.0,94
2024-02-18,SKU_0003,91,197,21.0,94
2024-02-25,SKU_0003,69,165,21.0,94
2024-03-03,SKU_0003,115,0,21.0,94
2024-03-10,SKU_0003,112,0,21.0,94
2024-03-17,SKU_0003,112,0,21.0,94
2024-03-24,SKU_0003,90,146,21.0,94
2024-03-31,SKU_0003,77,67,21.0,94
2024-04-07,SKU_0003,60,150,21.0,94
2024-04-14,SKU_0003,126,0,21.0,94
2024-04-21,SKU_0003,105,0,21.0,94
2024-04-28,SKU_0003,94,0,21.0,94
2024-05-05,SKU_0003,89,67,21.0,94
2024-05-12,SKU_0003,66,97,21.0,94
2024-05-19,SKU_0003,48,60,21.0,94
2024-05-26,SKU_0003,39,160,21.0,94
2024-06-02,SKU_0003,152,0,21.0,94
2024-06-09,SKU_0003,116,0,21.0,94
2024-06-16,SKU_0003,101,0,21.0,94
2024-06-23,SKU_0003,84,61,21.0,94
2024-06-30,SKU_0003,200,0,21.0,94
2024-07-07,SKU_0003,170,0,21.0,94
2024-07-14,SKU_0003,150,0,21.0,94
2024-07-21,SKU_0003,131,0,21.0,94
2024-07-28,SKU_0003,115,0,21.0,94
2024-08-04,SKU_0003,106,0,21.0,94
2024-08-11,SKU_0003,96,0,21.0,94
2024-08-18,SKU_0003,78,124,21.0,94
2024-08-25,SKU_0003,204,0,21.0,94
2024-09-01,SKU_0003,152,0,21.0,94
2024-09-08,SKU_0003,119,0,21.0,94
2024-09-15,SKU_0003,118,0,21.0,94
2024-09-22,SKU_0003,102,0,21.0,94
2024-09-29,SKU_0003,237,0,21.0,94
2024-10-06,SKU_0003,186,0,21.0,94
2024-10-13,SKU_0003,175,0,21.0,94
2024-10-20,SKU_0003,123,0,21.0,94
2024-10-27,SKU_0003,113,0,21.0,94
2024-11-03,SKU_0003,87,115,21.0,94
2024-11-10,SKU_0003,64,169,21.0,94
2024-11-17,SKU_0003,53,148,21.0,94
2024-11-24,SKU_0003,47,96,21.0,94
2024-12-01,SKU_0003,131,0,21.0,94
2024-12-08,SKU_0003,122,0,21.0,94
2024-12-15,SKU_0003,97,0,21.0,94
2024-12-22,SKU_0003,81,144,21.0,94
2024-12-29,SKU_0003,66,120,21.0,94
2023-01-01,SKU_0004,307,0,21.0,41
2023-01-08,SKU_0004,284,0,21.0,41
2023-01-15,SKU_0004,246,0,21.0,41
2023-01-22,SKU_0004,184,0,21.0,41
2023-01-29,SKU_0004,140,0,21.0,41
2023-02-05,SKU_0004,132,0,21.0,41
2023-02-12,SKU_0004,115,0,21.0,41
2023-02-19,SKU_0004,90,0,21.0,41
2023-02-26,SKU_0004,70,0,21.0,41
2023-03-05,SKU_0004,54,0,21.0,41
2023-03-12,SKU_0004,49,0,21.0,41
2023-03-19,SKU_0004,45,0,21.0,41
2023-03-26,SKU_0004,132,0,21.0,41
2023-04-02,SKU_0004,97,0,21.0,41
2023-04-09,SKU_0004,86,0,21.0,41
2023-04-16,SKU_0004,73,0,21.0,41
2023-04-23,SKU_0004,58,0,21.0,41
2023-04-30,SKU_0004,42,0,21.0,41
2023-05-07,SKU_0004,182,0,21.0,41
2023-05-14,SKU_0004,177,0,21.0,41
2023-05-21,SKU_0004,141,0,21.0,41
2023-05-28,SKU_0004,109,0,21.0,41
2023-06-04,SKU_0004,108,0,21.0,41
2023-06-11,SKU_0004,90,0,21.0,41
2023-06-18,SKU_0004,77,0,21.0,41
2023-06-25,SKU_0004,64,0,21.0,41
2023-07-02,SKU_0004,52,0,21.0,41
2023-07-09,SKU_0004,37,134,21.0,41
2023-07-16,SKU_0004,158,0,21.0,41
2023-07-23,SKU_0004,153,0,21.0,41
2023-07-30,SKU_0004,151,0,21.0,41
2023-08-06,SKU_0004,136,0,21.0,41
2023-08-13,SKU_0004,125,0,21.0,41
2023-08-20,SKU_0004,118,0,21.0,41
2023-08-27,SKU_0004,115,0,21.0,41
2023-09-03,SKU_0004,105,0,21.0,41
2023-09-10,SKU_0004,82,0,21.0,41
2023-09-17,SKU_0004,62,0,21.0,41
2023-09-24,SKU_0004,45,0,21.0,41
2023-10-01,SKU_0004,35,94,21.0,41
2023-10-08,SKU_0004,28,152,21.0,41
2023-10-15,SKU_0004,21,102,21.0,41
2023-10-22,SKU_0004,146,0,21.0,41
2023-10-29,SKU_0004,122,0,21.0,41
2023-11-05,SKU_0004,117,0,21.0,41
2023-11-12,SKU_0004,87,0,21.0,41
2023-11-19,SKU_0004,66,0,21.0,41
2023-11-26,SKU_0004,66,0,21.0,41
2023-12-03,SKU_0004,64,0,21.0,41
2023-12-10,SKU_0004,50,0,21.0,41
2023-12-17,SKU_0004,44,0,21.0,41
2023-12-24,SKU_0004,118,0,21.0,41
2023-12-31,SKU_0004,107,0,21.0,41
2024-01-07,SKU_0004,92,0,21.0,41
2024-01-14,SKU_0004,75,0,21.0,41
2024-01-21,SKU_0004,65,0,21.0,41
2024-01-28,SKU_0004,46,0,21.0,41
2024-02-04,SKU_0004,44,0,21.0,41
2024-02-11,SKU_0004,43,0,21.0,41
2024-02-18,SKU_0004,202,0,21.0,41
2024-02-25,SKU_0004,161,0,21.0,41
2024-03-03,SKU_0004,152,0,21.0,41
2024-03-10,SKU_0004,115,0,21.0,41
2024-03-17,SKU_0004,100,0,21.0,41
2024-03-24,SKU_0004,81,0,21.0,41
2024-03-31,SKU_0004,68,0,21.0,41
2024-04-07,SKU_0004,68,0,21.0,41
2024-04-14,SKU_0004,63,0,21.0,41
2024-04-21,SKU_0004,45,0,21.0,41
2024-04-28,SKU_0004,33,64,21.0,41
2024-05-05,SKU_0004,158,0,21.0,41
2024-05-12,SKU_0004,142,0,21.0,41
2024-05-19,SKU_0004,102,0,21.0,41
2024-05-26,SKU_0004,83,0,21.0,41
2024-06-02,SKU_0004,76,0,21.0,41
2024-06-09,SKU_0004,73,0,21.0,41
2024-06-16,SKU_0004,57,0,21.0,41
2024-06-23,SKU_0004,55,0,21.0,41
2024-06-30,SKU_0004,39,99,21.0,41
2024-07-07,SKU_0004,31,77,21.0,41
2024-07-14,SKU_0004,84,0,21.0,41
2024-07-21,SKU_0004,64,0,21.0,41
2024-07-28,SKU_0004,53,0,21.0,41
2024-08-04,SKU_0004,47,0,21.0,41
2024-08-11,SKU_0004,36,168,21.0,41
2024-08-18,SKU_0004,33,158,21.0,41
2024-08-25,SKU_0004,184,0,21.0,41
2024-09-01,SKU_0004,153,0,21.0,41
2024-09-08,SKU_0004,129,0,21.0,41
2024-09-15,SKU_0004,98,0,21.0,41
2024-09-22,SKU_0004,96,0,21.0,41
2024-09-29,SKU_0004,93,0,21.0,41
2024-10-06,SKU_0004,86,0,21.0,41
2024-10-13,SKU_0004,82,0,21.0,41
2024-10-20,SKU_0004,71,0,21.0,41
2024-10-27,SKU_0004,55,0,21.0,41
2024-11-03,SKU_0004,39,91,21.0,41
2024-11-10,SKU_0004,29,173,21.0,41
2024-11-17,SKU_0004,155,0,21.0,41
2024-11-24,SKU_0004,122,0,21.0,41
2024-12-01,SKU_0004,114,0,21.0,41
2024-12-08,SKU_0004,84,0,21.0,41
2024-12-15,SKU_0004,83,0,21.0,41
2024-12-22,SKU_0004,74,0,21.0,41
2024-12-29,SKU_0004,73,0,21.0,41
2023-01-01,SKU_0005,243,0,14.0,22
2023-01-08,SKU_0005,197,0,14.0,22
2023-01-15,SKU_0005,194,0,14.0,22
2023-01-22,SKU_0005,188,0,14.0,22
2023-01-29,SKU_0005,161,0,14.0,22
2023-02-05,SKU_0005,147,0,14.0,22
2023-02-12,SKU_0005,125,0,14.0,22
2023-02-19,SKU_0005,118,0,14.0,22
2023-02-26,SKU_0005,98,0,14.0,22
2023-03-05,SKU_0005,70,0,14.0,22
2023-03-12,SKU_0005,68,0,14.0,22
2023-03-19,SKU_0005,50,0,14.0,22
2023-03-26,SKU_0005,47,0,14.0,22
2023-04-02,SKU_0005,34,0,14.0,22
2023-04-09,SKU_0005,28,0,14.0,22
2023-04-16,SKU_0005,25,0,14.0,22
2023-04-23,SKU_0005,19,59,14.0,22
2023-04-30,SKU_0005,15,61,14.0,22
2023-05-07,SKU_0005,177,0,14.0,22
2023-05-14,SKU_0005,135,0,14.0,22
2023-05-21,SKU_0005,132,0,14.0,22
2023-05-28,SKU_0005,121,0,14.0,22
2023-06-04,SKU_0005,89,0,14.0,22
2023-06-11,SKU_0005,88,0,14.0,22
2023-06-18,SKU_0005,71,0,14.0,22
2023-06-25,SKU_0005,64,0,14.0,22
2023-07-02,SKU_0005,54,0,14.0,22
2023-07-09,SKU_0005,43,0,14.0,22
2023-07-16,SKU_0005,40,0,14.0,22
2023-07-23,SKU_0005,40,0,14.0,22
2023-07-30,SKU_0005,37,0,14.0,22
2023-08-06,SKU_0005,27,0,14.0,22
2023-08-13,SKU_0005,23,0,14.0,22
2023-08-20,SKU_0005,191,0,14.0,22
2023-08-27,SKU_0005,171,0,14.0,22
2023-09-03,SKU_0005,156,0,14.0,22
2023-09-10,SKU_0005,139,0,14.0,22
2023-09-17,SKU_0005,113,0,14.0,22
2023-09-24,SKU_0005,94,0,14.0,22
2023-10-01,SKU_0005,74,0,14.0,22
2023-10-08,SKU_0005,74,0,14.0,22
2023-10-15,SKU_0005,65,0,14.0,22
2023-10-22,SKU_0005,59,0,14.0,22
2023-10-29,SKU_0005,47,0,14.0,22
2023-11-05,SKU_0005,34,0,14.0,22
2023-11-12,SKU_0005,26,0,14.0,22
2023-11-19,SKU_0005,181,0,14.0,22
2023-11-26,SKU_0005,139,0,14.0,22
2023-12-03,SKU_0005,112,0,14.0,22
2023-12-10,SKU_0005,83,0,14.0,22
2023-12-17,SKU_0005,65,0,14.0,22
2023-12-24,SKU_0005,60,0,14.0,22
2023-12-31,SKU_0005,54,0,14.0,22
2024-01-07,SKU_0005,48,0,14.0,22
2024-01-14,SKU_0005,38,0,14.0,22
2024-01-21,SKU_0005,30,0,14.0,22
2024-01-28,SKU_0005,30,0,14.0,22
2024-02-04,SKU_0005,27,0,14.0,22
2024-02-11,SKU_0005,25,0,14.0,22
2024-02-18,SKU_0005,18,112,14.0,22
2024-02-25,SKU_0005,132,0,14.0,22
2024-03-03,SKU_0005,106,0,14.0,22
2024-03-10,SKU_0005,95,0,14.0,22
2024-03-17,SKU_0005,83,0,14.0,22
2024-03-24,SKU_0005,81,0,14.0,22
2024-03-31,SKU_0005,72,0,14.0,22
2024-04-07,SKU_0005,71,0,14.0,22
2024-04-14,SKU_0005,56,0,14.0,22
2024-04-21,SKU_0005,42,0,14.0,22
2024-04-28,SKU_0005,34,0,14.0,22
2024-05-05,SKU_0005,30,0,14.0,22
2024-05-12,SKU_0005,27,0,14.0,22
2024-05-19,SKU_0005,22,0,14.0,22
2024-05-26,SKU_0005,16,141,14.0,22
2024-06-02,SKU_0005,76,0,14.0,22
2024-06-09,SKU_0005,64,0,14.0,22
2024-06-16,SKU_0005,61,0,14.0,22
2024-06-23,SKU_0005,59,0,14.0,22
2024-06-30,SKU_0005,56,0,14.0,22
2024-07-07,SKU_0005,56,0,14.0,22
2024-07-14,SKU_0005,51,0,14.0,22
2024-07-21,SKU_0005,48,0,14.0,22
2024-07-28,SKU_0005,40,0,14.0,22
2024-08-04,SKU_0005,29,0,14.0,22
2024-08-11,SKU_0005,21,152,14.0,22
2024-08-18,SKU_0005,15,175,14.0,22
2024-08-25,SKU_0005,103,0,14.0,22
2024-09-01,SKU_0005,75,0,14.0,22
2024-09-08,SKU_0005,67,0,14.0,22
2024-09-15,SKU_0005,50,0,14.0,22
2024-09-22,SKU_0005,45,0,14.0,22
2024-09-29,SKU_0005,42,0,14.0,22
2024-10-06,SKU_0005,34,0,14.0,22
2024-10-13,SKU_0005,26,0,14.0,22
2024-10-20,SKU_0005,20,58,14.0,22
2024-10-27,SKU_0005,154,0,14.0,22
2024-11-03,SKU_0005,132,0,14.0,22
2024-11-10,SKU_0005,94,0,14.0,22
2024-11-17,SKU_0005,67,0,14.0,22
2024-11-24,SKU_0005,64,0,14.0,22
2024-12-01,SKU_0005,51,0,14.0,22
2024-12-08,SKU_0005,46,0,14.0,22
2024-12-15,SKU_0005,44,0,14.0,22
2024-12-22,SKU_0005,34,0,14.0,22
2024-12-29,SKU_0005,33,0,14.0,22
2023-01-01,SKU_0006,155,0,7.0,44
2023-01-08,SKU_0006,126,0,7.0,44
2023-01-15,SKU_0006,106,0,7.0,44
2023-01-22,SKU_0006,81,0,7.0,44
2023-01-29,SKU_0006,67,0,7.0,44
2023-02-05,SKU_0006,65,0,7.0,44
2023-02-12,SKU_0006,50,0,7.0,44
2023-02-19,SKU_0006,47,0,7.0,44
2023-02-26,SKU_0006,99,0,7.0,44
2023-03-05,SKU_0006,81,0,7.0,44
2023-03-12,SKU_0006,70,0,7.0,44
2023-03-19,SKU_0006,50,0,7.0,44
2023-03-26,SKU_0006,48,0,7.0,44
2023-04-02,SKU_0006,44,0,7.0,44
2023-04-09,SKU_0006,139,0,7.0,44
2023-04-16,SKU_0006,99,0,7.0,44
2023-04-23,SKU_0006,97,0,7.0,44
2023-04-30,SKU_0006,88,0,7.0,44
2023-05-07,SKU_0006,75,0,7.0,44
2023-05-14,SKU_0006,67,0,7.0,44
2023-05-21,SKU_0006,57,0,7.0,44
2023-05-28,SKU_0006,45,0,7.0,44
2023-06-04,SKU_0006,126,0,7.0,44
2023-06-11,SKU_0006,96,0,7.0,44
2023-06-18,SKU_0006,76,0,7.0,44
2023-06-25,SKU_0006,54,0,7.0,44
2023-07-02,SKU_0006,45,0,7.0,44
2023-07-09,SKU_0006,41,114,7.0,44
2023-07-16,SKU_0006,30,129,7.0,44
2023-07-23,SKU_0006,123,0,7.0,44
2023-07-30,SKU_0006,103,0,7.0,44
2023-08-06,SKU_0006,95,0,7.0,44
2023-08-13,SKU_0006,67,0,7.0,44
2023-08-20,SKU_0006,61,0,7.0,44
2023-08-27,SKU_0006,53,0,7.0,44
2023-09-03,SKU_0006,52,0,7.0,44
2023-09-10,SKU_0006,191,0,7.0,44
2023-09-17,SKU_0006,135,0,7.0,44
2023-09-24,SKU_0006,105,0,7.0,44
2023-10-01,SKU_0006,86,0,7.0,44
2023-10-08,SKU_0006,85,0,7.0,44
2023-10-15,SKU_0006,62,0,7.0,44
2023-10-22,SKU_0006,60,0,7.0,44
2023-10-29,SKU_0006,60,0,7.0,44
2023-11-05,SKU_0006,53,0,7.0,44
2023-11-12,SKU_0006,43,130,7.0,44
2023-11-19,SKU_0006,196,0,7.0,44
2023-11-26,SKU_0006,172,0,7.0,44
2023-12-03,SKU_0006,167,0,7.0,44
2023-12-10,SKU_0006,121,0,7.0,44
2023-12-17,SKU_0006,120,0,7.0,44
2023-12-24,SKU_0006,100,0,7.0,44
2023-12-31,SKU_0006,75,0,7.0,44
2024-01-07,SKU_0006,61,0,7.0,44
2024-01-14,SKU_0006,56,0,7.0,44
2024-01-21,SKU_0006,55,0,7.0,44
2024-01-28,SKU_0006,54,0,7.0,44
2024-02-04,SKU_0006,45,0,7.0,44
2024-02-11,SKU_0006,178,0,7.0,44
2024-02-18,SKU_0006,172,0,7.0,44
2024-02-25,SKU_0006,143,0,7.0,44
2024-03-03,SKU_0006,128,0,7.0,44
2024-03-10,SKU_0006,127,0,7.0,44
2024-03-17,SKU_0006,120,0,7.0,44
2024-03-24,SKU_0006,95,0,7.0,44
2024-03-31,SKU_0006,80,0,7.0,44
2024-04-07,SKU_0006,74,0,7.0,44
2024-04-14,SKU_0006,57,0,7.0,44
2024-04-21,SKU_0006,54,0,7.0,44
2024-04-28,SKU_0006,90,0,7.0,44
2024-05-05,SKU_0006,68,0,7.0,44
2024-05-12,SKU_0006,66,0,7.0,44
2024-05-19,SKU_0006,47,0,7.0,44
2024-05-26,SKU_0006,233,0,7.0,44
2024-06-02,SKU_0006,192,0,7.0,44
2024-06-09,SKU_0006,190,0,7.0,44
2024-06-16,SKU_0006,152,0,7.0,44
2024-06-23,SKU_0006,128,0,7.0,44
2024-06-30,SKU_0006,96,0,7.0,44
2024-07-07,SKU_0006,94,0,7.0,44
2024-07-14,SKU_0006,73,0,7.0,44
2024-07-21,SKU_0006,56,0,7.0,44
2024-07-28,SKU_0006,53,0,7.0,44
2024-08-04,SKU_0006,46,0,7.0,44
2024-08-11,SKU_0006,109,0,7.0,44
2024-08-18,SKU_0006,104,0,7.0,44
2024-08-25,SKU_0006,87,0,7.0,44
2024-09-01,SKU_0006,62,0,7.0,44
2024-09-08,SKU_0006,53,0,7.0,44
2024-09-15,SKU_0006,49,0,7.0,44
2024-09-22,SKU_0006,43,109,7.0,44
2024-09-29,SKU_0006,41,199,7.0,44
2024-10-06,SKU_0006,212,0,7.0,44
2024-10-13,SKU_0006,195,0,7.0,44
2024-10-20,SKU_0006,188,0,7.0,44
2024-10-27,SKU_0006,144,0,7.0,44
2024-11-03,SKU_0006,138,0,7.0,44
2024-11-10,SKU_0006,103,0,7.0,44
2024-11-17,SKU_0006,84,0,7.0,44
2024-11-24,SKU_0006,69,0,7.0,44
2024-12-01,SKU_0006,62,0,7.0,44
2024-12-08,SKU_0006,58,0,7.0,44
2024-12-15,SKU_0006,54,0,7.0,44
2024-12-22,SKU_0006,52,0,7.0,44
2024-12-29,SKU_0006,41,164,7.0,44
2023-01-01,SKU_0007,352,0,7.0,31
2023-01-08,SKU_0007,331,0,7.0,31
2023-01-15,SKU_0007,313,0,7.0,31
2023-01-22,SKU_0007,282,0,7.0,31
2023-01-29,SKU_0007,269,0,7.0,31
2023-02-05,SKU_0007,207,0,7.0,31
2023-02-12,SKU_0007,152,0,7.0,31
2023-02-19,SKU_0007,112,0,7.0,31
2023-02-26,SKU_0007,106,0,7.0,31
2023-03-05,SKU_0007,88,0,7.0,31
2023-03-12,SKU_0007,87,0,7.0,31
2023-03-19,SKU_0007,66,0,7.0,31
2023-03-26,SKU_0007,51,0,7.0,31
2023-04-02,SKU_0007,36,0,7.0,31
2023-04-09,SKU_0007,33,0,7.0,31
2023-04-16,SKU_0007,166,0,7.0,31
2023-04-23,SKU_0007,137,0,7.0,31
2023-04-30,SKU_0007,112,0,7.0,31
2023-05-07,SKU_0007,111,0,7.0,31
2023-05-14,SKU_0007,96,0,7.0,31
2023-05-21,SKU_0007,87,0,7.0,31
2023-05-28,SKU_0007,73,0,7.0,31
2023-06-04,SKU_0007,72,0,7.0,31
2023-06-11,SKU_0007,67,0,7.0,31
2023-06-18,SKU_0007,57,0,7.0,31
2023-06-25,SKU_0007,44,0,7.0,31
2023-07-02,SKU_0007,31,0,7.0,31
2023-07-09,SKU_0007,161,0,7.0,31
2023-07-16,SKU_0007,126,0,7.0,31
2023-07-23,SKU_0007,123,0,7.0,31
2023-07-30,SKU_0007,100,0,7.0,31
2023-08-06,SKU_0007,75,0,7.0,31
2023-08-13,SKU_0007,71,0,7.0,31
2023-08-20,SKU_0007,55,0,7.0,31
2023-08-27,SKU_0007,54,0,7.0,31
2023-09-03,SKU_0007,47,0,7.0,31
2023-09-10,SKU_0007,39,0,7.0,31
2023-09-17,SKU_0007,31,0,7.0,31
2023-09-24,SKU_0007,154,0,7.0,31
2023-10-01,SKU_0007,132,0,7.0,31
2023-10-08,SKU_0007,109,0,7.0,31
2023-10-15,SKU_0007,83,0,7.0,31
2023-10-22,SKU_0007,83,0,7.0,31
2023-10-29,SKU_0007,78,0,7.0,31
2023-11-05,SKU_0007,74,0,7.0,31
2023-11-12,SKU_0007,61,0,7.0,31
2023-11-19,SKU_0007,52,0,7.0,31
2023-11-26,SKU_0007,51,0,7.0,31
2023-12-03,SKU_0007,46,0,7.0,31
2023-12-10,SKU_0007,44,0,7.0,31
2023-12-17,SKU_0007,41,0,7.0,31
2023-12-24,SKU_0007,37,0,7.0,31
2023-12-31,SKU_0007,30,192,7.0,31
2024-01-07,SKU_0007,113,0,7.0,31
2024-01-14,SKU_0007,85,0,7.0,31
2024-01-21,SKU_0007,61,0,7.0,31
2024-01-28,SKU_0007,55,0,7.0,31
2024-02-04,SKU_0007,51,0,7.0,31
2024-02-11,SKU_0007,40,0,7.0,31
2024-02-18,SKU_0007,199,0,7.0,31
2024-02-25,SKU_0007,167,0,7.0,31
2024-03-03,SKU_0007,130,0,7.0,31
2024-03-10,SKU_0007,101,0,7.0,31
2024-03-17,SKU_0007,94,0,7.0,31
2024-03-24,SKU_0007,66,0,7.0,31
2024-03-31,SKU_0007,62,0,7.0,31
2024-04-07,SKU_0007,62,0,7.0,31
2024-04-14,SKU_0007,54,0,7.0,31
2024-04-21,SKU_0007,44,0,7.0,31
2024-04-28,SKU_0007,33,0,7.0,31
2024-05-05,SKU_0007,179,0,7.0,31
2024-05-12,SKU_0007,153,0,7.0,31
2024-05-19,SKU_0007,111,0,7.0,31
2024-05-26,SKU_0007,104,0,7.0,31
2024-06-02,SKU_0007,100,0,7.0,31
2024-06-09,SKU_0007,86,0,7.0,31
2024-06-16,SKU_0007,73,0,7.0,31
2024-06-23,SKU_0007,55,0,7.0,31
2024-06-30,SKU_0007,51,0,7.0,31
2024-07-07,SKU_0007,49,0,7.0,31
2024-07-14,SKU_0007,39,0,7.0,31
2024-07-21,SKU_0007,35,0,7.0,31
2024-07-28,SKU_0007,26,92,7.0,31
2024-08-04,SKU_0007,179,0,7.0,31
2024-08-11,SKU_0007,167,0,7.0,31
2024-08-18,SKU_0007,119,0,7.0,31
2024-08-25,SKU_0007,100,0,7.0,31
2024-09-01,SKU_0007,73,0,7.0,31
2024-09-08,SKU_0007,52,0,7.0,31
2024-09-15,SKU_0007,40,0,7.0,31
2024-09-22,SKU_0007,34,0,7.0,31
2024-09-29,SKU_0007,24,94,7.0,31
2024-10-06,SKU_0007,22,132,7.0,31
2024-10-13,SKU_0007,19,110,7.0,31
2024-10-20,SKU_0007,16,191,7.0,31
2024-10-27,SKU_0007,14,113,7.0,31
2024-11-03,SKU_0007,10,131,7.0,31
2024-11-10,SKU_0007,158,0,7.0,31
2024-11-17,SKU_0007,135,0,7.0,31
2024-11-24,SKU_0007,113,0,7.0,31
2024-12-01,SKU_0007,84,0,7.0,31
2024-12-08,SKU_0007,84,0,7.0,31
2024-12-15,SKU_0007,71,0,7.0,31
2024-12-22,SKU_0007,66,0,7.0,31
2024-12-29,SKU_0007,60,0,7.0,31
2023-01-01,SKU_0008,46,179,28.0,74
2023-01-08,SKU_0008,40,137,28.0,74
2023-01-15,SKU_0008,38,105,28.0,74
2023-01-22,SKU_0008,217,0,28.0,74
2023-01-29,SKU_0008,207,0,28.0,74
2023-02-05,SKU_0008,150,0,28.0,74
2023-02-12,SKU_0008,114,0,28.0,74
2023-02-19,SKU_0008,89,0,28.0,74
2023-02-26,SKU_0008,83,0,28.0,74
2023-03-05,SKU_0008,226,0,28.0,74
2023-03-12,SKU_0008,222,0,28.0,74
2023-03-19,SKU_0008,170,0,28.0,74
2023-03-26,SKU_0008,168,0,28.0,74
2023-04-02,SKU_0008,152,0,28.0,74
2023-04-09,SKU_0008,136,0,28.0,74
2023-04-16,SKU_0008,117,0,28.0,74
2023-04-23,SKU_0008,103,0,28.0,74
2023-04-30,SKU_0008,79,0,28.0,74
2023-05-07,SKU_0008,159,0,28.0,74
2023-05-14,SKU_0008,130,0,28.0,74
2023-05-21,SKU_0008,125,0,28.0,74
2023-05-28,SKU_0008,90,0,28.0,74
2023-06-04,SKU_0008,79,0,28.0,74
2023-06-11,SKU_0008,156,0,28.0,74
2023-06-18,SKU_0008,140,0,28.0,74
2023-06-25,SKU_0008,105,0,28.0,74
2023-07-02,SKU_0008,87,0,28.0,74
2023-07-09,SKU_0008,79,0,28.0,74
2023-07-16,SKU_0008,144,0,28.0,74
2023-07-23,SKU_0008,120,0,28.0,74
2023-07-30,SKU_0008,90,0,28.0,74
2023-08-06,SKU_0008,64,138,28.0,74
2023-08-13,SKU_0008,147,0,28.0,74
2023-08-20,SKU_0008,118,0,28.0,74
2023-08-27,SKU_0008,92,0,28.0,74
2023-09-03,SKU_0008,87,0,28.0,74
2023-09-10,SKU_0008,65,89,28.0,74
2023-09-17,SKU_0008,58,163,28.0,74
2023-09-24,SKU_0008,46,180,28.0,74
2023-10-01,SKU_0008,221,0,28.0,74
2023-10-08,SKU_0008,189,0,28.0,74
2023-10-15,SKU_0008,167,0,28.0,74
2023-10-22,SKU_0008,154,0,28.0,74
2023-10-29,SKU_0008,113,0,28.0,74
2023-11-05,SKU_0008,92,0,28.0,74
2023-11-12,SKU_0008,128,0,28.0,74
2023-11-19,SKU_0008,116,0,28.0,74
2023-11-26,SKU_0008,105,0,28.0,74
2023-12-03,SKU_0008,77,0,28.0,74
2023-12-10,SKU_0008,187,0,28.0,74
2023-12-17,SKU_0008,187,0,28.0,74
2023-12-24,SKU_0008,184,0,28.0,74
2023-12-31,SKU_0008,170,0,28.0,74
2024-01-07,SKU_0008,128,0,28.0,74
2024-01-14,SKU_0008,124,0,28.0,74
2024-01-21,SKU_0008,110,0,28.0,74
2024-01-28,SKU_0008,99,0,28.0,74
2024-02-04,SKU_0008,96,0,28.0,74
2024-02-11,SKU_0008,91,0,28.0,74
2024-02-18,SKU_0008,238,0,28.0,74
2024-02-25,SKU_0008,224,0,28.0,74
2024-03-03,SKU_0008,189,0,28.0,74
2024-03-10,SKU_0008,156,0,28.0,74
2024-03-17,SKU_0008,113,0,28.0,74
2024-03-24,SKU_0008,90,0,28.0,74
2024-03-31,SKU_0008,79,0,28.0,74
2024-04-07,SKU_0008,62,142,28.0,74
2024-04-14,SKU_0008,203,0,28.0,74
2024-04-21,SKU_0008,156,0,28.0,74
2024-04-28,SKU_0008,131,0,28.0,74
2024-05-05,SKU_0008,126,0,28.0,74
2024-05-12,SKU_0008,107,0,28.0,74
2024-05-19,SKU_0008,78,0,28.0,74
2024-05-26,SKU_0008,224,0,28.0,74
2024-06-02,SKU_0008,168,0,28.0,74
2024-06-09,SKU_0008,129,0,28.0,74
2024-06-16,SKU_0008,115,0,28.0,74
2024-06-23,SKU_0008,81,0,28.0,74
2024-06-30,SKU_0008,259,0,28.0,74
2024-07-07,SKU_0008,190,0,28.0,74
2024-07-14,SKU_0008,190,0,28.0,74
2024-07-21,SKU_0008,153,0,28.0,74
2024-07-28,SKU_0008,113,0,28.0,74
2024-08-04,SKU_0008,97,0,28.0,74
2024-08-11,SKU_0008,82,0,28.0,74
2024-08-18,SKU_0008,82,0,28.0,74
2024-08-25,SKU_0008,209,0,28.0,74
2024-09-01,SKU_0008,202,0,28.0,74
2024-09-08,SKU_0008,193,0,28.0,74
2024-09-15,SKU_0008,160,0,28.0,74
2024-09-22,SKU_0008,125,0,28.0,74
2024-09-29,SKU_0008,95,0,28.0,74
2024-10-06,SKU_0008,85,0,28.0,74
2024-10-13,SKU_0008,73,117,28.0,74
2024-10-20,SKU_0008,72,65,28.0,74
2024-10-27,SKU_0008,108,0,28.0,74
2024-11-03,SKU_0008,101,0,28.0,74
2024-11-10,SKU_0008,71,129,28.0,74
2024-11-17,SKU_0008,239,0,28.0,74
2024-11-24,SKU_0008,206,0,28.0,74
2024-12-01,SKU_0008,177,0,28.0,74
2024-12-08,SKU_0008,135,0,28.0,74
2024-12-15,SKU_0008,98,0,28.0,74
2024-12-22,SKU_0008,97,0,28.0,74
2024-12-29,SKU_0008,81,0,28.0,74
2023-01-01,SKU_0009,99,0,14.0,37
2023-01-08,SKU_0009,76,0,14.0,37
2023-01-15,SKU_0009,76,0,14.0,37
2023-01-22,SKU_0009,70,0,14.0,37
2023-01-29,SKU_0009,65,0,14.0,37
2023-02-05,SKU_0009,59,0,14.0,37
2023-02-12,SKU_0009,54,0,14.0,37
2023-02-19,SKU_0009,54,0,14.0,37
2023-02-26,SKU_0009,42,0,14.0,37
2023-03-05,SKU_0009,39,0,14.0,37
2023-03-12,SKU_0009,167,0,14.0,37
2023-03-19,SKU_0009,154,0,14.0,37
2023-03-26,SKU_0009,112,0,14.0,37
2023-04-02,SKU_0009,103,0,14.0,37
2023-04-09,SKU_0009,95,0,14.0,37
2023-04-16,SKU_0009,89,0,14.0,37
2023-04-23,SKU_0009,67,0,14.0,37
2023-04-30,SKU_0009,47,0,14.0,37
2023-05-07,SKU_0009,34,158,14.0,37
2023-05-14,SKU_0009,202,0,14.0,37
2023-05-21,SKU_0009,172,0,14.0,37
2023-05-28,SKU_0009,156,0,14.0,37
2023-06-04,SKU_0009,128,0,14.0,37
2023-06-11,SKU_0009,104,0,14.0,37
2023-06-18,SKU_0009,90,0,14.0,37
2023-06-25,SKU_0009,90,0,14.0,37
2023-07-02,SKU_0009,88,0,14.0,37
2023-07-09,SKU_0009,88,0,14.0,37
2023-07-16,SKU_0009,65,0,14.0,37
2023-07-23,SKU_0009,56,0,14.0,37
2023-07-30,SKU_0009,44,0,14.0,37
2023-08-06,SKU_0009,37,0,14.0,37
2023-08-13,SKU_0009,31,126,14.0,37
2023-08-20,SKU_0009,22,142,14.0,37
2023-08-27,SKU_0009,205,0,14.0,37
2023-09-03,SKU_0009,202,0,14.0,37
2023-09-10,SKU_0009,200,0,14.0,37
2023-09-17,SKU_0009,160,0,14.0,37
2023-09-24,SKU_0009,138,0,14.0,37
2023-10-01,SKU_0009,111,0,14.0,37
2023-10-08,SKU_0009,79,0,14.0,37
2023-10-15,SKU_0009,60,0,14.0,37
2023-10-22,SKU_0009,58,0,14.0,37
2023-10-29,SKU_0009,52,0,14.0,37
2023-11-05,SKU_0009,37,0,14.0,37
2023-11-12,SKU_0009,211,0,14.0,37
2023-11-19,SKU_0009,209,0,14.0,37
2023-11-26,SKU_0009,196,0,14.0,37
2023-12-03,SKU_0009,138,0,14.0,37
2023-12-10,SKU_0009,114,0,14.0,37
2023-12-17,SKU_0009,102,0,14.0,37
2023-12-24,SKU_0009,78,0,14.0,37
2023-12-31,SKU_0009,71,0,14.0,37
2024-01-07,SKU_0009,64,0,14.0,37
2024-01-14,SKU_0009,51,0,14.0,37
2024-01-21,SKU_0009,51,0,14.0,37
2024-01-28,SKU_0009,39,0,14.0,37
2024-02-04,SKU_0009,222,0,14.0,37
2024-02-11,SKU_0009,214,0,14.0,37
2024-02-18,SKU_0009,168,0,14.0,37
2024-02-25,SKU_0009,124,0,14.0,37
2024-03-03,SKU_0009,124,0,14.0,37
2024-03-10,SKU_0009,88,0,14.0,37
2024-03-17,SKU_0009,78,0,14.0,37
2024-03-24,SKU_0009,69,0,14.0,37
2024-03-31,SKU_0009,57,0,14.0,37
2024-04-07,SKU_0009,51,0,14.0,37
2024-04-14,SKU_0009,47,0,14.0,37
2024-04-21,SKU_0009,42,0,14.0,37
2024-04-28,SKU_0009,35,138,14.0,37
2024-05-05,SKU_0009,28,74,14.0,37
2024-05-12,SKU_0009,21,101,14.0,37
2024-05-19,SKU_0009,176,0,14.0,37
2024-05-26,SKU_0009,133,0,14.0,37
2024-06-02,SKU_0009,98,0,14.0,37
2024-06-09,SKU_0009,91,0,14.0,37
2024-06-16,SKU_0009,86,0,14.0,37
2024-06-23,SKU_0009,70,0,14.0,37
2024-06-30,SKU_0009,54,0,14.0,37
2024-07-07,SKU_0009,48,0,14.0,37
2024-07-14,SKU_0009,34,152,14.0,37
2024-07-21,SKU_0009,25,161,14.0,37
2024-07-28,SKU_0009,24,51,14.0,37
2024-08-04,SKU_0009,17,51,14.0,37
2024-08-11,SKU_0009,154,0,14.0,37
2024-08-18,SKU_0009,143,0,14.0,37
2024-08-25,SKU_0009,129,0,14.0,37
2024-09-01,SKU_0009,112,0,14.0,37
2024-09-08,SKU_0009,82,0,14.0,37
2024-09-15,SKU_0009,62,0,14.0,37
2024-09-22,SKU_0009,44,0,14.0,37
2024-09-29,SKU_0009,37,0,14.0,37
2024-10-06,SKU_0009,30,182,14.0,37
2024-10-13,SKU_0009,81,0,14.0,37
2024-10-20,SKU_0009,59,0,14.0,37
2024-10-27,SKU_0009,55,0,14.0,37
2024-11-03,SKU_0009,43,0,14.0,37
2024-11-10,SKU_0009,39,0,14.0,37
2024-11-17,SKU_0009,38,0,14.0,37
2024-11-24,SKU_0009,112,0,14.0,37
2024-12-01,SKU_0009,103,0,14.0,37
2024-12-08,SKU_0009,102,0,14.0,37
2024-12-15,SKU_0009,96,0,14.0,37
2024-12-22,SKU_0009,81,0,14.0,37
2024-12-29,SKU_0009,76,0,14.0,37
2023-01-01,SKU_0010,443,0,14.0,92
2023-01-08,SKU_0010,394,0,14.0,92
2023-01-15,SKU_0010,362,0,14.0,92
2023-01-22,SKU_0010,262,0,14.0,92
2023-01-29,SKU_0010,243,0,14.0,92
2023-02-05,SKU_0010,191,0,14.0,92
2023-02-12,SKU_0010,181,0,14.0,92
2023-02-19,SKU_0010,160,0,14.0,92
2023-02-26,SKU_0010,155,0,14.0,92
2023-03-05,SKU_0010,114,0,14.0,92
2023-03-12,SKU_0010,83,95,14.0,92
2023-03-19,SKU_0010,73,150,14.0,92
2023-03-26,SKU_0010,209,0,14.0,92
2023-04-02,SKU_0010,173,0,14.0,92
2023-04-09,SKU_0010,154,0,14.0,92
2023-04-16,SKU_0010,137,0,14.0,92
2023-04-23,SKU_0010,122,0,14.0,92
2023-04-30,SKU_0010,116,0,14.0,92
2023-05-07,SKU_0010,100,0,14.0,92
2023-05-14,SKU_0010,264,0,14.0,92
2023-05-21,SKU_0010,231,0,14.0,92
2023-05-28,SKU_0010,175,0,14.0,92
2023-06-04,SKU_0010,125,0,14.0,92
2023-06-11,SKU_0010,92,0,14.0,92
2023-06-18,SKU_0010,203,0,14.0,92
2023-06-25,SKU_0010,165,0,14.0,92
2023-07-02,SKU_0010,122,0,14.0,92
2023-07-09,SKU_0010,116,0,14.0,92
2023-07-16,SKU_0010,253,0,14.0,92
2023-07-23,SKU_0010,183,0,14.0,92
2023-07-30,SKU_0010,165,0,14.0,92
2023-08-06,SKU_0010,136,0,14.0,92
2023-08-13,SKU_0010,114,0,14.0,92
2023-08-20,SKU_0010,170,0,14.0,92
2023-08-27,SKU_0010,120,0,14.0,92
2023-09-03,SKU_0010,94,0,14.0,92
2023-09-10,SKU_0010,270,0,14.0,92
2023-09-17,SKU_0010,262,0,14.0,92
2023-09-24,SKU_0010,246,0,14.0,92
2023-10-01,SKU_0010,228,0,14.0,92
2023-10-08,SKU_0010,165,0,14.0,92
2023-10-15,SKU_0010,161,0,14.0,92
2023-10-22,SKU_0010,121,0,14.0,92
2023-10-29,SKU_0010,87,168,14.0,92
2023-11-05,SKU_0010,72,87,14.0,92
2023-11-12,SKU_0010,249,0,14.0,92
2023-11-19,SKU_0010,202,0,14.0,92
2023-11-26,SKU_0010,196,0,14.0,92
2023-12-03,SKU_0010,162,0,14.0,92
2023-12-10,SKU_0010,148,0,14.0,92
2023-12-17,SKU_0010,116,0,14.0,92
2023-12-24,SKU_0010,115,0,14.0,92
2023-12-31,SKU_0010,88,188,14.0,92
2024-01-07,SKU_0010,199,0,14.0,92
2024-01-14,SKU_0010,179,0,14.0,92
2024-01-21,SKU_0010,178,0,14.0,92
2024-01-28,SKU_0010,138,0,14.0,92
2024-02-04,SKU_0010,109,0,14.0,92
2024-02-11,SKU_0010,79,113,14.0,92
2024-02-18,SKU_0010,58,65,14.0,92
2024-02-25,SKU_0010,146,0,14.0,92
2024-03-03,SKU_0010,130,0,14.0,92
2024-03-10,SKU_0010,127,0,14.0,92
2024-03-17,SKU_0010,95,0,14.0,92
2024-03-24,SKU_0010,239,0,14.0,92
2024-03-31,SKU_0010,196,0,14.0,92
2024-04-07,SKU_0010,189,0,14.0,92
2024-04-14,SKU_0010,137,0,14.0,92
2024-04-21,SKU_0010,119,0,14.0,92
2024-04-28,SKU_0010,94,0,14.0,92
2024-05-05,SKU_0010,66,79,14.0,92
2024-05-12,SKU_0010,195,0,14.0,92
2024-05-19,SKU_0010,155,0,14.0,92
2024-05-26,SKU_0010,140,0,14.0,92
2024-06-02,SKU_0010,138,0,14.0,92
2024-06-09,SKU_0010,110,0,14.0,92
2024-06-16,SKU_0010,94,0,14.0,92
2024-06-23,SKU_0010,93,0,14.0,92
2024-06-30,SKU_0010,218,0,14.0,92
2024-07-07,SKU_0010,215,0,14.0,92
2024-07-14,SKU_0010,180,0,14.0,92
2024-07-21,SKU_0010,136,0,14.0,92
2024-07-28,SKU_0010,136,0,14.0,92
2024-08-04,SKU_0010,103,0,14.0,92
2024-08-11,SKU_0010,77,87,14.0,92
2024-08-18,SKU_0010,197,0,14.0,92
2024-08-25,SKU_0010,162,0,14.0,92
2024-09-01,SKU_0010,142,0,14.0,92
2024-09-08,SKU_0010,137,0,14.0,92
2024-09-15,SKU_0010,99,0,14.0,92
2024-09-22,SKU_0010,98,0,14.0,92
2024-09-29,SKU_0010,144,0,14.0,92
2024-10-06,SKU_0010,102,0,14.0,92
2024-10-13,SKU_0010,87,174,14.0,92
2024-10-20,SKU_0010,212,0,14.0,92
2024-10-27,SKU_0010,186,0,14.0,92
2024-11-03,SKU_0010,168,0,14.0,92
2024-11-10,SKU_0010,163,0,14.0,92
2024-11-17,SKU_0010,145,0,14.0,92
2024-11-24,SKU_0010,134,0,14.0,92
2024-12-01,SKU_0010,94,0,14.0,92
2024-12-08,SKU_0010,216,0,14.0,92
2024-12-15,SKU_0010,168,0,14.0,92
2024-12-22,SKU_0010,131,0,14.0,92
2024-12-29,SKU_0010,95,0,14.0,92
2023-01-01,SKU_0011,148,0,21.0,68
2023-01-08,SKU_0011,132,0,21.0,68
2023-01-15,SKU_0011,112,0,21.0,68
2023-01-22,SKU_0011,79,0,21.0,68
2023-01-29,SKU_0011,77,0,21.0,68
2023-02-05,SKU_0011,54,189,21.0,68
2023-02-12,SKU_0011,50,159,21.0,68
2023-02-19,SKU_0011,36,81,21.0,68
2023-02-26,SKU_0011,35,182,21.0,68
2023-03-05,SKU_0011,28,142,21.0,68
2023-03-12,SKU_0011,26,145,21.0,68
2023-03-19,SKU_0011,19,81,21.0,68
2023-03-26,SKU_0011,18,193,21.0,68
2023-04-02,SKU_0011,84,0,21.0,68
2023-04-09,SKU_0011,175,0,21.0,68
2023-04-16,SKU_0011,134,0,21.0,68
2023-04-23,SKU_0011,98,0,21.0,68
2023-04-30,SKU_0011,98,0,21.0,68
2023-05-07,SKU_0011,86,0,21.0,68
2023-05-14,SKU_0011,85,0,21.0,68
2023-05-21,SKU_0011,81,0,21.0,68
2023-05-28,SKU_0011,74,0,21.0,68
2023-06-04,SKU_0011,59,195,21.0,68
2023-06-11,SKU_0011,46,125,21.0,68
2023-06-18,SKU_0011,35,125,21.0,68
2023-06-25,SKU_0011,118,0,21.0,68
2023-07-02,SKU_0011,101,0,21.0,68
2023-07-09,SKU_0011,71,0,21.0,68
2023-07-16,SKU_0011,69,0,21.0,68
2023-07-23,SKU_0011,230,0,21.0,68
2023-07-30,SKU_0011,223,0,21.0,68
2023-08-06,SKU_0011,188,0,21.0,68
2023-08-13,SKU_0011,145,0,21.0,68
2023-08-20,SKU_0011,117,0,21.0,68
2023-08-27,SKU_0011,107,0,21.0,68
2023-09-03,SKU_0011,101,0,21.0,68
2023-09-10,SKU_0011,72,0,21.0,68
2023-09-17,SKU_0011,61,147,21.0,68
2023-09-24,SKU_0011,56,90,21.0,68
2023-10-01,SKU_0011,102,0,21.0,68
2023-10-08,SKU_0011,93,0,21.0,68
2023-10-15,SKU_0011,81,0,21.0,68
2023-10-22,SKU_0011,60,127,21.0,68
2023-10-29,SKU_0011,146,0,21.0,68
2023-11-05,SKU_0011,118,0,21.0,68
2023-11-12,SKU_0011,84,0,21.0,68
2023-11-19,SKU_0011,59,198,21.0,68
2023-11-26,SKU_0011,178,0,21.0,68
2023-12-03,SKU_0011,127,0,21.0,68
2023-12-10,SKU_0011,116,0,21.0,68
2023-12-17,SKU_0011,112,0,21.0,68
2023-12-24,SKU_0011,83,0,21.0,68
2023-12-31,SKU_0011,61,99,21.0,68
2024-01-07,SKU_0011,187,0,21.0,68
2024-01-14,SKU_0011,179,0,21.0,68
2024-01-21,SKU_0011,144,0,21.0,68
2024-01-28,SKU_0011,120,0,21.0,68
2024-02-04,SKU_0011,119,0,21.0,68
2024-02-11,SKU_0011,89,0,21.0,68
2024-02-18,SKU_0011,78,0,21.0,68
2024-02-25,SKU_0011,77,0,21.0,68
2024-03-03,SKU_0011,63,113,21.0,68
2024-03-10,SKU_0011,120,0,21.0,68
2024-03-17,SKU_0011,93,0,21.0,68
2024-03-24,SKU_0011,69,0,21.0,68
2024-03-31,SKU_0011,222,0,21.0,68
2024-04-07,SKU_0011,219,0,21.0,68
2024-04-14,SKU_0011,157,0,21.0,68
2024-04-21,SKU_0011,150,0,21.0,68
2024-04-28,SKU_0011,143,0,21.0,68
2024-05-05,SKU_0011,117,0,21.0,68
2024-05-12,SKU_0011,111,0,21.0,68
2024-05-19,SKU_0011,107,0,21.0,68
2024-05-26,SKU_0011,97,0,21.0,68
2024-06-02,SKU_0011,68,0,21.0,68
2024-06-09,SKU_0011,67,58,21.0,68
2024-06-16,SKU_0011,243,0,21.0,68
2024-06-23,SKU_0011,243,0,21.0,68
2024-06-30,SKU_0011,197,0,21.0,68
2024-07-07,SKU_0011,144,0,21.0,68
2024-07-14,SKU_0011,109,0,21.0,68
2024-07-21,SKU_0011,94,0,21.0,68
2024-07-28,SKU_0011,81,0,21.0,68
2024-08-04,SKU_0011,69,0,21.0,68
2024-08-11,SKU_0011,65,84,21.0,68
2024-08-18,SKU_0011,61,150,21.0,68
2024-08-25,SKU_0011,49,94,21.0,68
2024-09-01,SKU_0011,203,0,21.0,68
2024-09-08,SKU_0011,188,0,21.0,68
2024-09-15,SKU_0011,185,0,21.0,68
2024-09-22,SKU_0011,133,0,21.0,68
2024-09-29,SKU_0011,115,0,21.0,68
2024-10-06,SKU_0011,112,0,21.0,68
2024-10-13,SKU_0011,98,0,21.0,68
2024-10-20,SKU_0011,96,0,21.0,68
2024-10-27,SKU_0011,93,0,21.0,68
2024-11-03,SKU_0011,89,0,21.0,68
2024-11-10,SKU_0011,86,0,21.0,68
2024-11-17,SKU_0011,70,0,21.0,68
2024-11-24,SKU_0011,243,0,21.0,68
2024-12-01,SKU_0011,236,0,21.0,68
2024-12-08,SKU_0011,192,0,21.0,68
2024-12-15,SKU_0011,161,0,21.0,68
2024-12-22,SKU_0011,150,0,21.0,68
2024-12-29,SKU_0011,124,0,21.0,68
2023-01-01,SKU_0012,205,0,21.0,53
2023-01-08,SKU_0012,155,0,21.0,53
2023-01-15,SKU_0012,117,0,21.0,53
2023-01-22,SKU_0012,113,0,21.0,53
2023-01-29,SKU_0012,91,0,21.0,53
2023-02-05,SKU_0012,84,0,21.0,53
2023-02-12,SKU_0012,60,0,21.0,53
2023-02-19,SKU_0012,53,0,21.0,53
2023-02-26,SKU_0012,119,0,21.0,53
2023-03-05,SKU_0012,100,0,21.0,53
2023-03-12,SKU_0012,90,0,21.0,53
2023-03-19,SKU_0012,89,0,21.0,53
2023-03-26,SKU_0012,79,0,21.0,53
2023-04-02,SKU_0012,62,0,21.0,53
2023-04-09,SKU_0012,107,0,21.0,53
2023-04-16,SKU_0012,96,0,21.0,53
2023-04-23,SKU_0012,76,0,21.0,53
2023-04-30,SKU_0012,73,0,21.0,53
2023-05-07,SKU_0012,61,0,21.0,53
2023-05-14,SKU_0012,44,157,21.0,53
2023-05-21,SKU_0012,34,96,21.0,53
2023-05-28,SKU_0012,34,53,21.0,53
2023-06-04,SKU_0012,29,158,21.0,53
2023-06-11,SKU_0012,24,63,21.0,53
2023-06-18,SKU_0012,22,147,21.0,53
2023-06-25,SKU_0012,122,0,21.0,53
2023-07-02,SKU_0012,122,0,21.0,53
2023-07-09,SKU_0012,91,0,21.0,53
2023-07-16,SKU_0012,65,0,21.0,53
2023-07-23,SKU_0012,49,113,21.0,53
2023-07-30,SKU_0012,37,55,21.0,53
2023-08-06,SKU_0012,35,62,21.0,53
2023-08-13,SKU_0012,25,186,21.0,53
2023-08-20,SKU_0012,21,191,21.0,53
2023-08-27,SKU_0012,188,0,21.0,53
2023-09-03,SKU_0012,152,0,21.0,53
2023-09-10,SKU_0012,149,0,21.0,53
2023-09-17,SKU_0012,119,0,21.0,53
2023-09-24,SKU_0012,87,0,21.0,53
2023-10-01,SKU_0012,84,0,21.0,53
2023-10-08,SKU_0012,64,0,21.0,53
2023-10-15,SKU_0012,53,0,21.0,53
2023-10-22,SKU_0012,46,171,21.0,53
2023-10-29,SKU_0012,221,0,21.0,53
2023-11-05,SKU_0012,196,0,21.0,53
2023-11-12,SKU_0012,189,0,21.0,53
2023-11-19,SKU_0012,140,0,21.0,53
2023-11-26,SKU_0012,109,0,21.0,53
2023-12-03,SKU_0012,108,0,21.0,53
2023-12-10,SKU_0012,83,0,21.0,53
2023-12-17,SKU_0012,62,0,21.0,53
2023-12-24,SKU_0012,62,0,21.0,53
2023-12-31,SKU_0012,49,163,21.0,53
2024-01-07,SKU_0012,38,70,21.0,53
2024-01-14,SKU_0012,32,83,21.0,53
2024-01-21,SKU_0012,208,0,21.0,53
2024-01-28,SKU_0012,165,0,21.0,53
2024-02-04,SKU_0012,148,0,21.0,53
2024-02-11,SKU_0012,115,0,21.0,53
2024-02-18,SKU_0012,97,0,21.0,53
2024-02-25,SKU_0012,93,0,21.0,53
2024-03-03,SKU_0012,77,0,21.0,53
2024-03-10,SKU_0012,68,0,21.0,53
2024-03-17,SKU_0012,50,184,21.0,53
2024-03-24,SKU_0012,132,0,21.0,53
2024-03-31,SKU_0012,95,0,21.0,53
2024-04-07,SKU_0012,88,0,21.0,53
2024-04-14,SKU_0012,86,0,21.0,53
2024-04-21,SKU_0012,68,0,21.0,53
2024-04-28,SKU_0012,58,0,21.0,53
2024-05-05,SKU_0012,146,0,21.0,53
2024-05-12,SKU_0012,124,0,21.0,53
2024-05-19,SKU_0012,92,0,21.0,53
2024-05-26,SKU_0012,81,0,21.0,53
2024-06-02,SKU_0012,70,0,21.0,53
2024-06-09,SKU_0012,70,0,21.0,53
2024-06-16,SKU_0012,66,0,21.0,53
2024-06-23,SKU_0012,50,90,21.0,53
2024-06-30,SKU_0012,36,117,21.0,53
2024-07-07,SKU_0012,174,0,21.0,53
2024-07-14,SKU_0012,150,0,21.0,53
2024-07-21,SKU_0012,122,0,21.0,53
2024-07-28,SKU_0012,119,0,21.0,53
2024-08-04,SKU_0012,98,0,21.0,53
2024-08-11,SKU_0012,94,0,21.0,53
2024-08-18,SKU_0012,92,0,21.0,53
2024-08-25,SKU_0012,80,0,21.0,53
2024-09-01,SKU_0012,58,0,21.0,53
2024-09-08,SKU_0012,48,82,21.0,53
2024-09-15,SKU_0012,151,0,21.0,53
2024-09-22,SKU_0012,129,0,21.0,53
2024-09-29,SKU_0012,95,0,21.0,53
2024-10-06,SKU_0012,79,0,21.0,53
2024-10-13,SKU_0012,75,0,21.0,53
2024-10-20,SKU_0012,73,0,21.0,53
2024-10-27,SKU_0012,57,0,21.0,53
2024-11-03,SKU_0012,56,0,21.0,53
2024-11-10,SKU_0012,54,0,21.0,53
2024-11-17,SKU_0012,163,0,21.0,53
2024-11-24,SKU_0012,136,0,21.0,53
2024-12-01,SKU_0012,135,0,21.0,53
2024-12-08,SKU_0012,107,0,21.0,53
2024-12-15,SKU_0012,87,0,21.0,53
2024-12-22,SKU_0012,82,0,21.0,53
2024-12-29,SKU_0012,78,0,21.0,53
2023-01-01,SKU_0013,162,0,28.0,96
2023-01-08,SKU_0013,116,0,28.0,96
2023-01-15,SKU_0013,111,0,28.0,96
2023-01-22,SKU_0013,98,0,28.0,96
2023-01-29,SKU_0013,134,0,28.0,96
2023-02-05,SKU_0013,123,0,28.0,96
2023-02-12,SKU_0013,117,0,28.0,96
2023-02-19,SKU_0013,107,0,28.0,96
2023-02-26,SKU_0013,215,0,28.0,96
2023-03-05,SKU_0013,169,0,28.0,96
2023-03-12,SKU_0013,133,0,28.0,96
2023-03-19,SKU_0013,113,0,28.0,96
2023-03-26,SKU_0013,80,140,28.0,96
2023-04-02,SKU_0013,69,184,28.0,96
2023-04-09,SKU_0013,250,0,28.0,96
2023-04-16,SKU_0013,239,0,28.0,96
2023-04-23,SKU_0013,222,0,28.0,96
2023-04-30,SKU_0013,191,0,28.0,96
2023-05-07,SKU_0013,160,0,28.0,96
2023-05-14,SKU_0013,153,0,28.0,96
2023-05-21,SKU_0013,132,0,28.0,96
2023-05-28,SKU_0013,119,0,28.0,96
2023-06-04,SKU_0013,99,0,28.0,96
2023-06-11,SKU_0013,241,0,28.0,96
2023-06-18,SKU_0013,199,0,28.0,96
2023-06-25,SKU_0013,168,0,28.0,96
2023-07-02,SKU_0013,148,0,28.0,96
2023-07-09,SKU_0013,107,0,28.0,96
2023-07-16,SKU_0013,221,0,28.0,96
2023-07-23,SKU_0013,197,0,28.0,96
2023-07-30,SKU_0013,150,0,28.0,96
2023-08-06,SKU_0013,113,0,28.0,96
2023-08-13,SKU_0013,109,0,28.0,96
2023-08-20,SKU_0013,108,0,28.0,96
2023-08-27,SKU_0013,105,0,28.0,96
2023-09-03,SKU_0013,95,140,28.0,96
2023-09-10,SKU_0013,219,0,28.0,96
2023-09-17,SKU_0013,185,0,28.0,96
2023-09-24,SKU_0013,131,0,28.0,96
2023-10-01,SKU_0013,115,0,28.0,96
2023-10-08,SKU_0013,168,0,28.0,96
2023-10-15,SKU_0013,131,0,28.0,96
2023-10-22,SKU_0013,129,0,28.0,96
2023-10-29,SKU_0013,116,0,28.0,96
2023-11-05,SKU_0013,109,0,28.0,96
2023-11-12,SKU_0013,105,0,28.0,96
2023-11-19,SKU_0013,88,137,28.0,96
2023-11-26,SKU_0013,82,51,28.0,96
2023-12-03,SKU_0013,174,0,28.0,96
2023-12-10,SKU_0013,133,0,28.0,96
2023-12-17,SKU_0013,113,0,28.0,96
2023-12-24,SKU_0013,97,0,28.0,96
2023-12-31,SKU_0013,245,0,28.0,96
2024-01-07,SKU_0013,189,0,28.0,96
2024-01-14,SKU_0013,143,0,28.0,96
2024-01-21,SKU_0013,122,0,28.0,96
2024-01-28,SKU_0013,87,121,28.0,96
2024-02-04,SKU_0013,219,0,28.0,96
2024-02-11,SKU_0013,177,0,28.0,96
2024-02-18,SKU_0013,156,0,28.0,96
2024-02-25,SKU_0013,111,0,28.0,96
2024-03-03,SKU_0013,235,0,28.0,96
2024-03-10,SKU_0013,208,0,28.0,96
2024-03-17,SKU_0013,184,0,28.0,96
2024-03-24,SKU_0013,166,0,28.0,96
2024-03-31,SKU_0013,151,0,28.0,96
2024-04-07,SKU_0013,125,0,28.0,96
2024-04-14,SKU_0013,104,0,28.0,96
2024-04-21,SKU_0013,75,81,28.0,96
2024-04-28,SKU_0013,163,0,28.0,96
2024-05-05,SKU_0013,151,0,28.0,96
2024-05-12,SKU_0013,127,0,28.0,96
2024-05-19,SKU_0013,119,0,28.0,96
2024-05-26,SKU_0013,115,0,28.0,96
2024-06-02,SKU_0013,87,164,28.0,96
2024-06-09,SKU_0013,261,0,28.0,96
2024-06-16,SKU_0013,245,0,28.0,96
2024-06-23,SKU_0013,189,0,28.0,96
2024-06-30,SKU_0013,168,0,28.0,96
2024-07-07,SKU_0013,147,0,28.0,96
2024-07-14,SKU_0013,138,0,28.0,96
2024-07-21,SKU_0013,108,0,28.0,96
2024-07-28,SKU_0013,96,0,28.0,96
2024-08-04,SKU_0013,76,82,28.0,96
2024-08-11,SKU_0013,235,0,28.0,96
2024-08-18,SKU_0013,211,0,28.0,96
2024-08-25,SKU_0013,208,0,28.0,96
2024-09-01,SKU_0013,198,0,28.0,96
2024-09-08,SKU_0013,153,0,28.0,96
2024-09-15,SKU_0013,141,0,28.0,96
2024-09-22,SKU_0013,134,0,28.0,96
2024-09-29,SKU_0013,117,0,28.0,96
2024-10-06,SKU_0013,92,86,28.0,96
2024-10-13,SKU_0013,206,0,28.0,96
2024-10-20,SKU_0013,189,0,28.0,96
2024-10-27,SKU_0013,186,0,28.0,96
2024-11-03,SKU_0013,143,0,28.0,96
2024-11-10,SKU_0013,129,0,28.0,96
2024-11-17,SKU_0013,122,0,28.0,96
2024-11-24,SKU_0013,105,0,28.0,96
2024-12-01,SKU_0013,182,0,28.0,96
2024-12-08,SKU_0013,153,0,28.0,96
2024-12-15,SKU_0013,110,0,28.0,96
2024-12-22,SKU_0013,108,0,28.0,96
2024-12-29,SKU_0013,77,81,28.0,96
2023-01-01,SKU_0014,343,0,7.0,26
2023-01-08,SKU_0014,311,0,7.0,26
2023-01-15,SKU_0014,240,0,7.0,26
2023-01-22,SKU_0014,239,0,7.0,26
2023-01-29,SKU_0014,190,0,7.0,26
2023-02-05,SKU_0014,169,0,7.0,26
2023-02-12,SKU_0014,124,0,7.0,26
2023-02-19,SKU_0014,96,0,7.0,26
2023-02-26,SKU_0014,86,0,7.0,26
2023-03-05,SKU_0014,65,0,7.0,26
2023-03-12,SKU_0014,48,0,7.0,26
2023-03-19,SKU_0014,41,0,7.0,26
2023-03-26,SKU_0014,37,0,7.0,26
2023-04-02,SKU_0014,35,0,7.0,26
2023-04-09,SKU_0014,25,123,7.0,26
2023-04-16,SKU_0014,25,85,7.0,26
2023-04-23,SKU_0014,20,62,7.0,26
2023-04-30,SKU_0014,19,116,7.0,26
2023-05-07,SKU_0014,98,0,7.0,26
2023-05-14,SKU_0014,92,0,7.0,26
2023-05-21,SKU_0014,74,0,7.0,26
2023-05-28,SKU_0014,64,0,7.0,26
2023-06-04,SKU_0014,46,0,7.0,26
2023-06-11,SKU_0014,34,0,7.0,26
2023-06-18,SKU_0014,32,0,7.0,26
2023-06-25,SKU_0014,148,0,7.0,26
2023-07-02,SKU_0014,141,0,7.0,26
2023-07-09,SKU_0014,126,0,7.0,26
2023-07-16,SKU_0014,106,0,7.0,26
2023-07-23,SKU_0014,82,0,7.0,26
2023-07-30,SKU_0014,59,0,7.0,26
2023-08-06,SKU_0014,54,0,7.0,26
2023-08-13,SKU_0014,43,0,7.0,26
2023-08-20,SKU_0014,43,0,7.0,26
2023-08-27,SKU_0014,36,0,7.0,26
2023-09-03,SKU_0014,30,0,7.0,26
2023-09-10,SKU_0014,26,0,7.0,26
2023-09-17,SKU_0014,21,165,7.0,26
2023-09-24,SKU_0014,17,72,7.0,26
2023-10-01,SKU_0014,69,0,7.0,26
2023-10-08,SKU_0014,63,0,7.0,26
2023-10-15,SKU_0014,53,0,7.0,26
2023-10-22,SKU_0014,40,0,7.0,26
2023-10-29,SKU_0014,40,0,7.0,26
2023-11-05,SKU_0014,31,0,7.0,26
2023-11-12,SKU_0014,27,0,7.0,26
2023-11-19,SKU_0014,19,76,7.0,26
2023-11-26,SKU_0014,19,118,7.0,26
2023-12-03,SKU_0014,16,81,7.0,26
2023-12-10,SKU_0014,15,92,7.0,26
2023-12-17,SKU_0014,197,0,7.0,26
2023-12-24,SKU_0014,182,0,7.0,26
2023-12-31,SKU_0014,143,0,7.0,26
2024-01-07,SKU_0014,119,0,7.0,26
2024-01-14,SKU_0014,102,0,7.0,26
2024-01-21,SKU_0014,91,0,7.0,26
2024-01-28,SKU_0014,64,0,7.0,26
2024-02-04,SKU_0014,61,0,7.0,26
2024-02-11,SKU_0014,59,0,7.0,26
2024-02-18,SKU_0014,58,0,7.0,26
2024-02-25,SKU_0014,58,0,7.0,26
2024-03-03,SKU_0014,50,0,7.0,26
2024-03-10,SKU_0014,40,0,7.0,26
2024-03-17,SKU_0014,29,0,7.0,26
2024-03-24,SKU_0014,165,0,7.0,26
2024-03-31,SKU_0014,156,0,7.0,26
2024-04-07,SKU_0014,135,0,7.0,26
2024-04-14,SKU_0014,109,0,7.0,26
2024-04-21,SKU_0014,106,0,7.0,26
2024-04-28,SKU_0014,92,0,7.0,26
2024-05-05,SKU_0014,84,0,7.0,26
2024-05-12,SKU_0014,71,0,7.0,26
2024-05-19,SKU_0014,66,0,7.0,26
2024-05-26,SKU_0014,50,0,7.0,26
2024-06-02,SKU_0014,47,0,7.0,26
2024-06-09,SKU_0014,35,0,7.0,26
2024-06-16,SKU_0014,28,0,7.0,26
2024-06-23,SKU_0014,23,131,7.0,26
2024-06-30,SKU_0014,22,150,7.0,26
2024-07-07,SKU_0014,18,116,7.0,26
2024-07-14,SKU_0014,197,0,7.0,26
2024-07-21,SKU_0014,187,0,7.0,26
2024-07-28,SKU_0014,169,0,7.0,26
2024-08-04,SKU_0014,156,0,7.0,26
2024-08-11,SKU_0014,147,0,7.0,26
2024-08-18,SKU_0014,104,0,7.0,26
2024-08-25,SKU_0014,91,0,7.0,26
2024-09-01,SKU_0014,70,0,7.0,26
2024-09-08,SKU_0014,66,0,7.0,26
2024-09-15,SKU_0014,58,0,7.0,26
2024-09-22,SKU_0014,57,0,7.0,26
2024-09-29,SKU_0014,45,0,7.0,26
2024-10-06,SKU_0014,44,0,7.0,26
2024-10-13,SKU_0014,38,0,7.0,26
2024-10-20,SKU_0014,27,0,7.0,26
2024-10-27,SKU_0014,25,127,7.0,26
2024-11-03,SKU_0014,25,195,7.0,26
2024-11-10,SKU_0014,85,0,7.0,26
2024-11-17,SKU_0014,67,0,7.0,26
2024-11-24,SKU_0014,51,0,7.0,26
2024-12-01,SKU_0014,41,0,7.0,26
2024-12-08,SKU_0014,31,0,7.0,26
2024-12-15,SKU_0014,127,0,7.0,26
2024-12-22,SKU_0014,104,0,7.0,26
2024-12-29,SKU_0014,99,0,7.0,26
2023-01-01,SKU_0015,384,0,28.0,67
2023-01-08,SKU_0015,357,0,28.0,67
2023-01-15,SKU_0015,337,0,28.0,67
2023-01-22,SKU_0015,257,0,28.0,67
2023-01-29,SKU_0015,188,0,28.0,67
2023-02-05,SKU_0015,177,0,28.0,67
2023-02-12,SKU_0015,145,0,28.0,67
2023-02-19,SKU_0015,120,0,28.0,67
2023-02-26,SKU_0015,93,0,28.0,67
2023-03-05,SKU_0015,74,0,28.0,67
2023-03-12,SKU_0015,118,0,28.0,67
2023-03-19,SKU_0015,98,0,28.0,67
2023-03-26,SKU_0015,88,0,28.0,67
2023-04-02,SKU_0015,70,0,28.0,67
2023-04-09,SKU_0015,69,0,28.0,67
2023-04-16,SKU_0015,68,0,28.0,67
2023-04-23,SKU_0015,59,90,28.0,67
2023-04-30,SKU_0015,42,183,28.0,67
2023-05-07,SKU_0015,37,62,28.0,67
2023-05-14,SKU_0015,28,150,28.0,67
2023-05-21,SKU_0015,192,0,28.0,67
2023-05-28,SKU_0015,135,0,28.0,67
2023-06-04,SKU_0015,99,0,28.0,67
2023-06-11,SKU_0015,71,0,28.0,67
2023-06-18,SKU_0015,67,0,28.0,67
2023-06-25,SKU_0015,60,82,28.0,67
2023-07-02,SKU_0015,48,120,28.0,67
2023-07-09,SKU_0015,230,0,28.0,67
2023-07-16,SKU_0015,167,0,28.0,67
2023-07-23,SKU_0015,136,0,28.0,67
2023-07-30,SKU_0015,119,0,28.0,67
2023-08-06,SKU_0015,94,0,28.0,67
2023-08-13,SKU_0015,73,0,28.0,67
2023-08-20,SKU_0015,226,0,28.0,67
2023-08-27,SKU_0015,218,0,28.0,67
2023-09-03,SKU_0015,164,0,28.0,67
2023-09-10,SKU_0015,120,0,28.0,67
2023-09-17,SKU_0015,94,0,28.0,67
2023-09-24,SKU_0015,91,0,28.0,67
2023-10-01,SKU_0015,81,0,28.0,67
2023-10-08,SKU_0015,80,0,28.0,67
2023-10-15,SKU_0015,76,0,28.0,67
2023-10-22,SKU_0015,66,111,28.0,67
2023-10-29,SKU_0015,231,0,28.0,67
2023-11-05,SKU_0015,219,0,28.0,67
2023-11-12,SKU_0015,181,0,28.0,67
2023-11-19,SKU_0015,160,0,28.0,67
2023-11-26,SKU_0015,141,0,28.0,67
2023-12-03,SKU_0015,120,0,28.0,67
2023-12-10,SKU_0015,97,0,28.0,67
2023-12-17,SKU_0015,88,0,28.0,67
2023-12-24,SKU_0015,84,0,28.0,67
2023-12-31,SKU_0015,70,0,28.0,67
2024-01-07,SKU_0015,237,0,28.0,67
2024-01-14,SKU_0015,234,0,28.0,67
2024-01-21,SKU_0015,171,0,28.0,67
2024-01-28,SKU_0015,129,0,28.0,67
2024-02-04,SKU_0015,101,0,28.0,67
2024-02-11,SKU_0015,80,0,28.0,67
2024-02-18,SKU_0015,69,0,28.0,67
2024-02-25,SKU_0015,212,0,28.0,67
2024-03-03,SKU_0015,163,0,28.0,67
2024-03-10,SKU_0015,137,0,28.0,67
2024-03-17,SKU_0015,105,0,28.0,67
2024-03-24,SKU_0015,98,0,28.0,67
2024-03-31,SKU_0015,96,0,28.0,67
2024-04-07,SKU_0015,73,0,28.0,67
2024-04-14,SKU_0015,57,167,28.0,67
2024-04-21,SKU_0015,53,113,28.0,67
2024-04-28,SKU_0015,44,80,28.0,67
2024-05-05,SKU_0015,36,90,28.0,67
2024-05-12,SKU_0015,31,54,28.0,67
2024-05-19,SKU_0015,22,105,28.0,67
2024-05-26,SKU_0015,154,0,28.0,67
2024-06-02,SKU_0015,111,0,28.0,67
2024-06-09,SKU_0015,105,0,28.0,67
2024-06-16,SKU_0015,78,0,28.0,67
2024-06-23,SKU_0015,72,0,28.0,67
2024-06-30,SKU_0015,68,0,28.0,67
2024-07-07,SKU_0015,173,0,28.0,67
2024-07-14,SKU_0015,160,0,28.0,67
2024-07-21,SKU_0015,150,0,28.0,67
2024-07-28,SKU_0015,116,0,28.0,67
2024-08-04,SKU_0015,112,0,28.0,67
2024-08-11,SKU_0015,82,0,28.0,67
2024-08-18,SKU_0015,69,0,28.0,67
2024-08-25,SKU_0015,124,0,28.0,67
2024-09-01,SKU_0015,107,0,28.0,67
2024-09-08,SKU_0015,79,0,28.0,67
2024-09-15,SKU_0015,78,0,28.0,67
2024-09-22,SKU_0015,249,0,28.0,67
2024-09-29,SKU_0015,185,0,28.0,67
2024-10-06,SKU_0015,149,0,28.0,67
2024-10-13,SKU_0015,142,0,28.0,67
2024-10-20,SKU_0015,110,0,28.0,67
2024-10-27,SKU_0015,90,0,28.0,67
2024-11-03,SKU_0015,170,0,28.0,67
2024-11-10,SKU_0015,136,0,28.0,67
2024-11-17,SKU_0015,98,0,28.0,67
2024-11-24,SKU_0015,71,0,28.0,67
2024-12-01,SKU_0015,192,0,28.0,67
2024-12-08,SKU_0015,141,0,28.0,67
2024-12-15,SKU_0015,120,0,28.0,67
2024-12-22,SKU_0015,113,0,28.0,67
2024-12-29,SKU_0015,106,0,28.0,67
2023-01-01,SKU_0016,224,0,7.0,72
2023-01-08,SKU_0016,211,0,7.0,72
2023-01-15,SKU_0016,187,0,7.0,72
2023-01-22,SKU_0016,155,0,7.0,72
2023-01-29,SKU_0016,148,0,7.0,72
2023-02-05,SKU_0016,146,0,7.0,72
2023-02-12,SKU_0016,103,0,7.0,72
2023-02-19,SKU_0016,95,0,7.0,72
2023-02-26,SKU_0016,80,0,7.0,72
2023-03-05,SKU_0016,80,0,7.0,72
2023-03-12,SKU_0016,73,0,7.0,72
2023-03-19,SKU_0016,59,65,7.0,72
2023-03-26,SKU_0016,43,138,7.0,72
2023-04-02,SKU_0016,41,66,7.0,72
2023-04-09,SKU_0016,129,0,7.0,72
2023-04-16,SKU_0016,92,0,7.0,72
2023-04-23,SKU_0016,82,0,7.0,72
2023-04-30,SKU_0016,62,50,7.0,72
2023-05-07,SKU_0016,258,0,7.0,72
2023-05-14,SKU_0016,244,0,7.0,72
2023-05-21,SKU_0016,204,0,7.0,72
2023-05-28,SKU_0016,152,0,7.0,72
2023-06-04,SKU_0016,111,0,7.0,72
2023-06-11,SKU_0016,78,0,7.0,72
2023-06-18,SKU_0016,125,0,7.0,72
2023-06-25,SKU_0016,125,0,7.0,72
2023-07-02,SKU_0016,123,0,7.0,72
2023-07-09,SKU_0016,87,0,7.0,72
2023-07-16,SKU_0016,173,0,7.0,72
2023-07-23,SKU_0016,173,0,7.0,72
2023-07-30,SKU_0016,124,0,7.0,72
2023-08-06,SKU_0016,118,0,7.0,72
2023-08-13,SKU_0016,110,0,7.0,72
2023-08-20,SKU_0016,84,0,7.0,72
2023-08-27,SKU_0016,79,0,7.0,72
2023-09-03,SKU_0016,76,0,7.0,72
2023-09-10,SKU_0016,75,0,7.0,72
2023-09-17,SKU_0016,55,145,7.0,72
2023-09-24,SKU_0016,47,140,7.0,72
2023-10-01,SKU_0016,47,57,7.0,72
2023-10-08,SKU_0016,164,0,7.0,72
2023-10-15,SKU_0016,136,0,7.0,72
2023-10-22,SKU_0016,133,0,7.0,72
2023-10-29,SKU_0016,119,0,7.0,72
2023-11-05,SKU_0016,114,0,7.0,72
2023-11-12,SKU_0016,80,0,7.0,72
2023-11-19,SKU_0016,140,0,7.0,72
2023-11-26,SKU_0016,104,0,7.0,72
2023-12-03,SKU_0016,76,0,7.0,72
2023-12-10,SKU_0016,56,51,7.0,72
2023-12-17,SKU_0016,247,0,7.0,72
2023-12-24,SKU_0016,245,0,7.0,72
2023-12-31,SKU_0016,178,0,7.0,72
2024-01-07,SKU_0016,136,0,7.0,72
2024-01-14,SKU_0016,98,0,7.0,72
2024-01-21,SKU_0016,85,0,7.0,72
2024-01-28,SKU_0016,75,0,7.0,72
2024-02-04,SKU_0016,128,0,7.0,72
2024-02-11,SKU_0016,91,0,7.0,72
2024-02-18,SKU_0016,79,0,7.0,72
2024-02-25,SKU_0016,72,0,7.0,72
2024-03-03,SKU_0016,57,124,7.0,72
2024-03-10,SKU_0016,202,0,7.0,72
2024-03-17,SKU_0016,152,0,7.0,72
2024-03-24,SKU_0016,112,0,7.0,72
2024-03-31,SKU_0016,86,0,7.0,72
2024-04-07,SKU_0016,86,0,7.0,72
2024-04-14,SKU_0016,78,0,7.0,72
2024-04-21,SKU_0016,231,0,7.0,72
2024-04-28,SKU_0016,182,0,7.0,72
2024-05-05,SKU_0016,131,0,7.0,72
2024-05-12,SKU_0016,127,0,7.0,72
2024-05-19,SKU_0016,114,0,7.0,72
2024-05-26,SKU_0016,95,0,7.0,72
2024-06-02,SKU_0016,94,0,7.0,72
2024-06-09,SKU_0016,75,0,7.0,72
2024-06-16,SKU_0016,191,0,7.0,72
2024-06-23,SKU_0016,182,0,7.0,72
2024-06-30,SKU_0016,141,0,7.0,72
2024-07-07,SKU_0016,124,0,7.0,72
2024-07-14,SKU_0016,110,0,7.0,72
2024-07-21,SKU_0016,99,0,7.0,72
2024-07-28,SKU_0016,92,0,7.0,72
2024-08-04,SKU_0016,151,0,7.0,72
2024-08-11,SKU_0016,109,0,7.0,72
2024-08-18,SKU_0016,77,0,7.0,72
2024-08-25,SKU_0016,132,0,7.0,72
2024-09-01,SKU_0016,115,0,7.0,72
2024-09-08,SKU_0016,112,0,7.0,72
2024-09-15,SKU_0016,80,0,7.0,72
2024-09-22,SKU_0016,72,0,7.0,72
2024-09-29,SKU_0016,121,0,7.0,72
2024-10-06,SKU_0016,112,0,7.0,72
2024-10-13,SKU_0016,81,0,7.0,72
2024-10-20,SKU_0016,74,0,7.0,72
2024-10-27,SKU_0016,73,0,7.0,72
2024-11-03,SKU_0016,54,151,7.0,72
2024-11-10,SKU_0016,38,155,7.0,72
2024-11-17,SKU_0016,155,0,7.0,72
2024-11-24,SKU_0016,121,0,7.0,72
2024-12-01,SKU_0016,99,0,7.0,72
2024-12-08,SKU_0016,82,0,7.0,72
2024-12-15,SKU_0016,75,0,7.0,72
2024-12-22,SKU_0016,203,0,7.0,72
2024-12-29,SKU_0016,169,0,7.0,72
2023-01-01,SKU_0017,44,91,14.0,93
2023-01-08,SKU_0017,171,0,14.0,93
2023-01-15,SKU_0017,152,0,14.0,93
2023-01-22,SKU_0017,124,0,14.0,93
2023-01-29,SKU_0017,117,0,14.0,93
2023-02-05,SKU_0017,101,0,14.0,93
2023-02-12,SKU_0017,84,130,14.0,93
2023-02-19,SKU_0017,191,0,14.0,93
2023-02-26,SKU_0017,142,0,14.0,93
2023-03-05,SKU_0017,139,0,14.0,93
2023-03-12,SKU_0017,120,0,14.0,93
2023-03-19,SKU_0017,99,0,14.0,93
2023-03-26,SKU_0017,71,68,14.0,93
2023-04-02,SKU_0017,232,0,14.0,93
2023-04-09,SKU_0017,217,0,14.0,93
2023-04-16,SKU_0017,196,0,14.0,93
2023-04-23,SKU_0017,163,0,14.0,93
2023-04-30,SKU_0017,145,0,14.0,93
2023-05-07,SKU_0017,126,0,14.0,93
2023-05-14,SKU_0017,104,0,14.0,93
2023-05-21,SKU_0017,256,0,14.0,93
2023-05-28,SKU_0017,192,0,14.0,93
2023-06-04,SKU_0017,192,0,14.0,93
2023-06-11,SKU_0017,152,0,14.0,93
2023-06-18,SKU_0017,127,0,14.0,93
2023-06-25,SKU_0017,127,0,14.0,93
2023-07-02,SKU_0017,99,0,14.0,93
2023-07-09,SKU_0017,219,0,14.0,93
2023-07-16,SKU_0017,162,0,14.0,93
2023-07-23,SKU_0017,117,0,14.0,93
2023-07-30,SKU_0017,99,0,14.0,93
2023-08-06,SKU_0017,224,0,14.0,93
2023-08-13,SKU_0017,161,0,14.0,93
2023-08-20,SKU_0017,128,0,14.0,93
2023-08-27,SKU_0017,125,0,14.0,93
2023-09-03,SKU_0017,119,0,14.0,93
2023-09-10,SKU_0017,102,0,14.0,93
2023-09-17,SKU_0017,82,87,14.0,93
2023-09-24,SKU_0017,251,0,14.0,93
2023-10-01,SKU_0017,188,0,14.0,93
2023-10-08,SKU_0017,158,0,14.0,93
2023-10-15,SKU_0017,140,0,14.0,93
2023-10-22,SKU_0017,130,0,14.0,93
2023-10-29,SKU_0017,129,0,14.0,93
2023-11-05,SKU_0017,110,0,14.0,93
2023-11-12,SKU_0017,233,0,14.0,93
2023-11-19,SKU_0017,215,0,14.0,93
2023-11-26,SKU_0017,190,0,14.0,93
2023-12-03,SKU_0017,183,0,14.0,93
2023-12-10,SKU_0017,163,0,14.0,93
2023-12-17,SKU_0017,128,0,14.0,93
2023-12-24,SKU_0017,197,0,14.0,93
2023-12-31,SKU_0017,143,0,14.0,93
2024-01-07,SKU_0017,121,0,14.0,93
2024-01-14,SKU_0017,105,0,14.0,93
2024-01-21,SKU_0017,100,0,14.0,93
2024-01-28,SKU_0017,184,0,14.0,93
2024-02-04,SKU_0017,138,0,14.0,93
2024-02-11,SKU_0017,116,0,14.0,93
2024-02-18,SKU_0017,104,0,14.0,93
2024-02-25,SKU_0017,89,54,14.0,93
2024-03-03,SKU_0017,71,76,14.0,93
2024-03-10,SKU_0017,62,164,14.0,93
2024-03-17,SKU_0017,53,53,14.0,93
2024-03-24,SKU_0017,187,0,14.0,93
2024-03-31,SKU_0017,158,0,14.0,93
2024-04-07,SKU_0017,116,0,14.0,93
2024-04-14,SKU_0017,223,0,14.0,93
2024-04-21,SKU_0017,223,0,14.0,93
2024-04-28,SKU_0017,157,0,14.0,93
2024-05-05,SKU_0017,112,0,14.0,93
2024-05-12,SKU_0017,156,0,14.0,93
2024-05-19,SKU_0017,147,0,14.0,93
2024-05-26,SKU_0017,104,0,14.0,93
2024-06-02,SKU_0017,81,81,14.0,93
2024-06-09,SKU_0017,68,66,14.0,93
2024-06-16,SKU_0017,199,0,14.0,93
2024-06-23,SKU_0017,156,0,14.0,93
2024-06-30,SKU_0017,134,0,14.0,93
2024-07-07,SKU_0017,126,0,14.0,93
2024-07-14,SKU_0017,115,0,14.0,93
2024-07-21,SKU_0017,90,63,14.0,93
2024-07-28,SKU_0017,235,0,14.0,93
2024-08-04,SKU_0017,204,0,14.0,93
2024-08-11,SKU_0017,168,0,14.0,93
2024-08-18,SKU_0017,121,0,14.0,93
2024-08-25,SKU_0017,101,0,14.0,93
2024-09-01,SKU_0017,94,0,14.0,93
2024-09-08,SKU_0017,168,0,14.0,93
2024-09-15,SKU_0017,133,0,14.0,93
2024-09-22,SKU_0017,100,0,14.0,93
2024-09-29,SKU_0017,70,192,14.0,93
2024-10-06,SKU_0017,247,0,14.0,93
2024-10-13,SKU_0017,227,0,14.0,93
2024-10-20,SKU_0017,227,0,14.0,93
2024-10-27,SKU_0017,204,0,14.0,93
2024-11-03,SKU_0017,166,0,14.0,93
2024-11-10,SKU_0017,121,0,14.0,93
2024-11-17,SKU_0017,105,0,14.0,93
2024-11-24,SKU_0017,90,182,14.0,93
2024-12-01,SKU_0017,80,81,14.0,93
2024-12-08,SKU_0017,57,184,14.0,93
2024-12-15,SKU_0017,149,0,14.0,93
2024-12-22,SKU_0017,132,0,14.0,93
2024-12-29,SKU_0017,122,0,14.0,93
2023-01-01,SKU_0018,68,176,14.0,78
2023-01-08,SKU_0018,147,0,14.0,78
2023-01-15,SKU_0018,103,0,14.0,78
2023-01-22,SKU_0018,90,0,14.0,78
2023-01-29,SKU_0018,185,0,14.0,78
2023-02-05,SKU_0018,130,0,14.0,78
2023-02-12,SKU_0018,119,0,14.0,78
2023-02-19,SKU_0018,111,0,14.0,78
2023-02-26,SKU_0018,111,0,14.0,78
2023-03-05,SKU_0018,85,0,14.0,78
2023-03-12,SKU_0018,63,103,14.0,78
2023-03-19,SKU_0018,217,0,14.0,78
2023-03-26,SKU_0018,167,0,14.0,78
2023-04-02,SKU_0018,154,0,14.0,78
2023-04-09,SKU_0018,112,0,14.0,78
2023-04-16,SKU_0018,111,0,14.0,78
2023-04-23,SKU_0018,80,0,14.0,78
2023-04-30,SKU_0018,207,0,14.0,78
2023-05-07,SKU_0018,203,0,14.0,78
2023-05-14,SKU_0018,182,0,14.0,78
2023-05-21,SKU_0018,136,0,14.0,78
2023-05-28,SKU_0018,120,0,14.0,78
2023-06-04,SKU_0018,86,0,14.0,78
2023-06-11,SKU_0018,72,197,14.0,78
2023-06-18,SKU_0018,175,0,14.0,78
2023-06-25,SKU_0018,129,0,14.0,78
2023-07-02,SKU_0018,112,0,14.0,78
2023-07-09,SKU_0018,96,0,14.0,78
2023-07-16,SKU_0018,82,0,14.0,78
2023-07-23,SKU_0018,240,0,14.0,78
2023-07-30,SKU_0018,187,0,14.0,78
2023-08-06,SKU_0018,167,0,14.0,78
2023-08-13,SKU_0018,133,0,14.0,78
2023-08-20,SKU_0018,126,0,14.0,78
2023-08-27,SKU_0018,105,0,14.0,78
2023-09-03,SKU_0018,103,0,14.0,78
2023-09-10,SKU_0018,80,0,14.0,78
2023-09-17,SKU_0018,77,57,14.0,78
2023-09-24,SKU_0018,65,71,14.0,78
2023-10-01,SKU_0018,201,0,14.0,78
2023-10-08,SKU_0018,164,0,14.0,78
2023-10-15,SKU_0018,130,0,14.0,78
2023-10-22,SKU_0018,118,0,14.0,78
2023-10-29,SKU_0018,85,0,14.0,78
2023-11-05,SKU_0018,230,0,14.0,78
2023-11-12,SKU_0018,168,0,14.0,78
2023-11-19,SKU_0018,133,0,14.0,78
2023-11-26,SKU_0018,124,0,14.0,78
2023-12-03,SKU_0018,120,0,14.0,78
2023-12-10,SKU_0018,100,0,14.0,78
2023-12-17,SKU_0018,89,0,14.0,78
2023-12-24,SKU_0018,148,0,14.0,78
2023-12-31,SKU_0018,124,0,14.0,78
2024-01-07,SKU_0018,101,0,14.0,78
2024-01-14,SKU_0018,72,170,14.0,78
2024-01-21,SKU_0018,247,0,14.0,78
2024-01-28,SKU_0018,240,0,14.0,78
2024-02-04,SKU_0018,238,0,14.0,78
2024-02-11,SKU_0018,214,0,14.0,78
2024-02-18,SKU_0018,176,0,14.0,78
2024-02-25,SKU_0018,166,0,14.0,78
2024-03-03,SKU_0018,144,0,14.0,78
2024-03-10,SKU_0018,123,0,14.0,78
2024-03-17,SKU_0018,108,0,14.0,78
2024-03-24,SKU_0018,93,0,14.0,78
2024-03-31,SKU_0018,84,0,14.0,78
2024-04-07,SKU_0018,78,0,14.0,78
2024-04-14,SKU_0018,207,0,14.0,78
2024-04-21,SKU_0018,175,0,14.0,78
2024-04-28,SKU_0018,147,0,14.0,78
2024-05-05,SKU_0018,107,0,14.0,78
2024-05-12,SKU_0018,104,0,14.0,78
2024-05-19,SKU_0018,101,0,14.0,78
2024-05-26,SKU_0018,88,0,14.0,78
2024-06-02,SKU_0018,81,0,14.0,78
2024-06-09,SKU_0018,78,0,14.0,78
2024-06-16,SKU_0018,125,0,14.0,78
2024-06-23,SKU_0018,118,0,14.0,78
2024-06-30,SKU_0018,113,0,14.0,78
2024-07-07,SKU_0018,92,0,14.0,78
2024-07-14,SKU_0018,204,0,14.0,78
2024-07-21,SKU_0018,204,0,14.0,78
2024-07-28,SKU_0018,182,0,14.0,78
2024-08-04,SKU_0018,161,0,14.0,78
2024-08-11,SKU_0018,115,0,14.0,78
2024-08-18,SKU_0018,82,0,14.0,78
2024-08-25,SKU_0018,148,0,14.0,78
2024-09-01,SKU_0018,136,0,14.0,78
2024-09-08,SKU_0018,132,0,14.0,78
2024-09-15,SKU_0018,128,0,14.0,78
2024-09-22,SKU_0018,91,0,14.0,78
2024-09-29,SKU_0018,79,0,14.0,78
2024-10-06,SKU_0018,211,0,14.0,78
2024-10-13,SKU_0018,181,0,14.0,78
2024-10-20,SKU_0018,147,0,14.0,78
2024-10-27,SKU_0018,123,0,14.0,78
2024-11-03,SKU_0018,90,0,14.0,78
2024-11-10,SKU_0018,82,0,14.0,78
2024-11-17,SKU_0018,148,0,14.0,78
2024-11-24,SKU_0018,120,0,14.0,78
2024-12-01,SKU_0018,120,0,14.0,78
2024-12-08,SKU_0018,112,0,14.0,78
2024-12-15,SKU_0018,99,0,14.0,78
2024-12-22,SKU_0018,225,0,14.0,78
2024-12-29,SKU_0018,164,0,14.0,78
2023-01-01,SKU_0019,328,0,7.0,85
2023-01-08,SKU_0019,301,0,7.0,85
2023-01-15,SKU_0019,232,0,7.0,85
2023-01-22,SKU_0019,164,0,7.0,85
2023-01-29,SKU_0019,160,0,7.0,85
2023-02-05,SKU_0019,156,0,7.0,85
2023-02-12,SKU_0019,143,0,7.0,85
2023-02-19,SKU_0019,102,0,7.0,85
2023-02-26,SKU_0019,87,0,7.0,85
2023-03-05,SKU_0019,127,0,7.0,85
2023-03-12,SKU_0019,100,0,7.0,85
2023-03-19,SKU_0019,92,0,7.0,85
2023-03-26,SKU_0019,81,75,7.0,85
2023-04-02,SKU_0019,74,93,7.0,85
2023-04-09,SKU_0019,58,164,7.0,85
2023-04-16,SKU_0019,190,0,7.0,85
2023-04-23,SKU_0019,181,0,7.0,85
2023-04-30,SKU_0019,175,0,7.0,85
2023-05-07,SKU_0019,144,0,7.0,85
2023-05-14,SKU_0019,133,0,7.0,85
2023-05-21,SKU_0019,104,0,7.0,85
2023-05-28,SKU_0019,88,0,7.0,85
2023-06-04,SKU_0019,191,0,7.0,85
2023-06-11,SKU_0019,188,0,7.0,85
2023-06-18,SKU_0019,159,0,7.0,85
2023-06-25,SKU_0019,149,0,7.0,85
2023-07-02,SKU_0019,126,0,7.0,85
2023-07-09,SKU_0019,95,0,7.0,85
2023-07-16,SKU_0019,90,0,7.0,85
2023-07-23,SKU_0019,212,0,7.0,85
2023-07-30,SKU_0019,177,0,7.0,85
2023-08-06,SKU_0019,177,0,7.0,85
2023-08-13,SKU_0019,161,0,7.0,85
2023-08-20,SKU_0019,139,0,7.0,85
2023-08-27,SKU_0019,104,0,7.0,85
2023-09-03,SKU_0019,74,94,7.0,85
2023-09-10,SKU_0019,252,0,7.0,85
2023-09-17,SKU_0019,202,0,7.0,85
2023-09-24,SKU_0019,171,0,7.0,85
2023-10-01,SKU_0019,131,0,7.0,85
2023-10-08,SKU_0019,116,0,7.0,85
2023-10-15,SKU_0019,112,0,7.0,85
2023-10-22,SKU_0019,106,0,7.0,85
2023-10-29,SKU_0019,88,0,7.0,85
2023-11-05,SKU_0019,79,169,7.0,85
2023-11-12,SKU_0019,59,172,7.0,85
2023-11-19,SKU_0019,169,0,7.0,85
2023-11-26,SKU_0019,154,0,7.0,85
2023-12-03,SKU_0019,136,0,7.0,85
2023-12-10,SKU_0019,102,0,7.0,85
2023-12-17,SKU_0019,168,0,7.0,85
2023-12-24,SKU_0019,162,0,7.0,85
2023-12-31,SKU_0019,132,0,7.0,85
2024-01-07,SKU_0019,100,0,7.0,85
2024-01-14,SKU_0019,207,0,7.0,85
2024-01-21,SKU_0019,154,0,7.0,85
2024-01-28,SKU_0019,151,0,7.0,85
2024-02-04,SKU_0019,137,0,7.0,85
2024-02-11,SKU_0019,110,0,7.0,85
2024-02-18,SKU_0019,91,0,7.0,85
2024-02-25,SKU_0019,67,103,7.0,85
2024-03-03,SKU_0019,49,131,7.0,85
2024-03-10,SKU_0019,41,177,7.0,85
2024-03-17,SKU_0019,209,0,7.0,85
2024-03-24,SKU_0019,150,0,7.0,85
2024-03-31,SKU_0019,108,0,7.0,85
2024-04-07,SKU_0019,86,0,7.0,85
2024-04-14,SKU_0019,138,0,7.0,85
2024-04-21,SKU_0019,119,0,7.0,85
2024-04-28,SKU_0019,115,0,7.0,85
2024-05-05,SKU_0019,114,0,7.0,85
2024-05-12,SKU_0019,155,0,7.0,85
2024-05-19,SKU_0019,114,0,7.0,85
2024-05-26,SKU_0019,105,0,7.0,85
2024-06-02,SKU_0019,95,0,7.0,85
2024-06-09,SKU_0019,159,0,7.0,85
2024-06-16,SKU_0019,115,0,7.0,85
2024-06-23,SKU_0019,103,0,7.0,85
2024-06-30,SKU_0019,92,0,7.0,85
2024-07-07,SKU_0019,75,83,7.0,85
2024-07-14,SKU_0019,54,142,7.0,85
2024-07-21,SKU_0019,48,65,7.0,85
2024-07-28,SKU_0019,227,0,7.0,85
2024-08-04,SKU_0019,200,0,7.0,85
2024-08-11,SKU_0019,191,0,7.0,85
2024-08-18,SKU_0019,134,0,7.0,85
2024-08-25,SKU_0019,98,0,7.0,85
2024-09-01,SKU_0019,95,0,7.0,85
2024-09-08,SKU_0019,86,0,7.0,85
2024-09-15,SKU_0019,79,74,7.0,85
2024-09-22,SKU_0019,64,72,7.0,85
2024-09-29,SKU_0019,215,0,7.0,85
2024-10-06,SKU_0019,205,0,7.0,85
2024-10-13,SKU_0019,161,0,7.0,85
2024-10-20,SKU_0019,122,0,7.0,85
2024-10-27,SKU_0019,91,0,7.0,85
2024-11-03,SKU_0019,263,0,7.0,85
2024-11-10,SKU_0019,244,0,7.0,85
2024-11-17,SKU_0019,221,0,7.0,85
2024-11-24,SKU_0019,206,0,7.0,85
2024-12-01,SKU_0019,173,0,7.0,85
2024-12-08,SKU_0019,137,0,7.0,85
2024-12-15,SKU_0019,119,0,7.0,85
2024-12-22,SKU_0019,107,0,7.0,85
2024-12-29,SKU_0019,156,0,7.0,85
2023-01-01,SKU_0020,145,0,7.0,62
2023-01-08,SKU_0020,138,0,7.0,62
2023-01-15,SKU_0020,129,0,7.0,62
2023-01-22,SKU_0020,100,0,7.0,62
2023-01-29,SKU_0020,90,0,7.0,62
2023-02-05,SKU_0020,68,0,7.0,62
2023-02-12,SKU_0020,68,0,7.0,62
2023-02-19,SKU_0020,60,60,7.0,62
2023-02-26,SKU_0020,97,0,7.0,62
2023-03-05,SKU_0020,84,0,7.0,62
2023-03-12,SKU_0020,139,0,7.0,62
2023-03-19,SKU_0020,135,0,7.0,62
2023-03-26,SKU_0020,123,0,7.0,62
2023-04-02,SKU_0020,114,0,7.0,62
2023-04-09,SKU_0020,93,0,7.0,62
2023-04-16,SKU_0020,69,0,7.0,62
2023-04-23,SKU_0020,65,0,7.0,62
2023-04-30,SKU_0020,229,0,7.0,62
2023-05-07,SKU_0020,226,0,7.0,62
2023-05-14,SKU_0020,205,0,7.0,62
2023-05-21,SKU_0020,157,0,7.0,62
2023-05-28,SKU_0020,156,0,7.0,62
2023-06-04,SKU_0020,115,0,7.0,62
2023-06-11,SKU_0020,105,0,7.0,62
2023-06-18,SKU_0020,78,0,7.0,62
2023-06-25,SKU_0020,65,0,7.0,62
2023-07-02,SKU_0020,65,0,7.0,62
2023-07-09,SKU_0020,50,74,7.0,62
2023-07-16,SKU_0020,203,0,7.0,62
2023-07-23,SKU_0020,150,0,7.0,62
2023-07-30,SKU_0020,116,0,7.0,62
2023-08-06,SKU_0020,99,0,7.0,62
2023-08-13,SKU_0020,79,0,7.0,62
2023-08-20,SKU_0020,59,77,7.0,62
2023-08-27,SKU_0020,242,0,7.0,62
2023-09-03,SKU_0020,226,0,7.0,62
2023-09-10,SKU_0020,187,0,7.0,62
2023-09-17,SKU_0020,161,0,7.0,62
2023-09-24,SKU_0020,156,0,7.0,62
2023-10-01,SKU_0020,111,0,7.0,62
2023-10-08,SKU_0020,101,0,7.0,62
2023-10-15,SKU_0020,86,0,7.0,62
2023-10-22,SKU_0020,62,0,7.0,62
2023-10-29,SKU_0020,44,132,7.0,62
2023-11-05,SKU_0020,36,100,7.0,62
2023-11-12,SKU_0020,227,0,7.0,62
2023-11-19,SKU_0020,188,0,7.0,62
2023-11-26,SKU_0020,143,0,7.0,62
2023-12-03,SKU_0020,128,0,7.0,62
2023-12-10,SKU_0020,96,0,7.0,62
2023-12-17,SKU_0020,91,0,7.0,62
2023-12-24,SKU_0020,76,0,7.0,62
2023-12-31,SKU_0020,60,113,7.0,62
2024-01-07,SKU_0020,58,154,7.0,62
2024-01-14,SKU_0020,191,0,7.0,62
2024-01-21,SKU_0020,174,0,7.0,62
2024-01-28,SKU_0020,133,0,7.0,62
2024-02-04,SKU_0020,116,0,7.0,62
2024-02-11,SKU_0020,98,0,7.0,62
2024-02-18,SKU_0020,79,0,7.0,62
2024-02-25,SKU_0020,66,0,7.0,62
2024-03-03,SKU_0020,49,134,7.0,62
2024-03-10,SKU_0020,108,0,7.0,62
2024-03-17,SKU_0020,86,0,7.0,62
2024-03-24,SKU_0020,71,0,7.0,62
2024-03-31,SKU_0020,225,0,7.0,62
2024-04-07,SKU_0020,213,0,7.0,62
2024-04-14,SKU_0020,164,0,7.0,62
2024-04-21,SKU_0020,116,0,7.0,62
2024-04-28,SKU_0020,90,0,7.0,62
2024-05-05,SKU_0020,87,0,7.0,62
2024-05-12,SKU_0020,80,0,7.0,62
2024-05-19,SKU_0020,67,0,7.0,62
2024-05-26,SKU_0020,180,0,7.0,62
2024-06-02,SKU_0020,151,0,7.0,62
2024-06-09,SKU_0020,132,0,7.0,62
2024-06-16,SKU_0020,115,0,7.0,62
2024-06-23,SKU_0020,86,0,7.0,62
2024-06-30,SKU_0020,73,0,7.0,62
2024-07-07,SKU_0020,185,0,7.0,62
2024-07-14,SKU_0020,150,0,7.0,62
2024-07-21,SKU_0020,128,0,7.0,62
2024-07-28,SKU_0020,90,0,7.0,62
2024-08-04,SKU_0020,81,0,7.0,62
2024-08-11,SKU_0020,66,0,7.0,62
2024-08-18,SKU_0020,54,110,7.0,62
2024-08-25,SKU_0020,45,73,7.0,62
2024-09-01,SKU_0020,142,0,7.0,62
2024-09-08,SKU_0020,110,0,7.0,62
2024-09-15,SKU_0020,106,0,7.0,62
2024-09-22,SKU_0020,84,0,7.0,62
2024-09-29,SKU_0020,69,0,7.0,62
2024-10-06,SKU_0020,67,0,7.0,62
2024-10-13,SKU_0020,54,157,7.0,62
2024-10-20,SKU_0020,49,74,7.0,62
2024-10-27,SKU_0020,43,110,7.0,62
2024-11-03,SKU_0020,237,0,7.0,62
2024-11-10,SKU_0020,166,0,7.0,62
2024-11-17,SKU_0020,140,0,7.0,62
2024-11-24,SKU_0020,127,0,7.0,62
2024-12-01,SKU_0020,99,0,7.0,62
2024-12-08,SKU_0020,88,0,7.0,62
2024-12-15,SKU_0020,88,0,7.0,62
2024-12-22,SKU_0020,73,0,7.0,62
2024-12-29,SKU_0020,65,0,7.0,62
2023-01-01,SKU_0021,430,0,21.0,52
2023-01-08,SKU_0021,318,0,21.0,52
2023-01-15,SKU_0021,295,0,21.0,52
2023-01-22,SKU_0021,226,0,21.0,52
2023-01-29,SKU_0021,197,0,21.0,52
2023-02-05,SKU_0021,156,0,21.0,52
2023-02-12,SKU_0021,137,0,21.0,52
2023-02-19,SKU_0021,120,0,21.0,52
2023-02-26,SKU_0021,87,0,21.0,52
2023-03-05,SKU_0021,86,0,21.0,52
2023-03-12,SKU_0021,84,0,21.0,52
2023-03-19,SKU_0021,72,0,21.0,52
2023-03-26,SKU_0021,54,0,21.0,52
2023-04-02,SKU_0021,44,51,21.0,52
2023-04-09,SKU_0021,217,0,21.0,52
2023-04-16,SKU_0021,206,0,21.0,52
2023-04-23,SKU_0021,181,0,21.0,52
2023-04-30,SKU_0021,158,0,21.0,52
2023-05-07,SKU_0021,139,0,21.0,52
2023-05-14,SKU_0021,112,0,21.0,52
2023-05-21,SKU_0021,101,0,21.0,52
2023-05-28,SKU_0021,97,0,21.0,52
2023-06-04,SKU_0021,87,0,21.0,52
2023-06-11,SKU_0021,63,0,21.0,52
2023-06-18,SKU_0021,62,0,21.0,52
2023-06-25,SKU_0021,53,0,21.0,52
2023-07-02,SKU_0021,53,0,21.0,52
2023-07-09,SKU_0021,44,119,21.0,52
2023-07-16,SKU_0021,171,0,21.0,52
2023-07-23,SKU_0021,120,0,21.0,52
2023-07-30,SKU_0021,109,0,21.0,52
2023-08-06,SKU_0021,95,0,21.0,52
2023-08-13,SKU_0021,92,0,21.0,52
2023-08-20,SKU_0021,86,0,21.0,52
2023-08-27,SKU_0021,85,0,21.0,52
2023-09-03,SKU_0021,64,0,21.0,52
2023-09-10,SKU_0021,53,0,21.0,52
2023-09-17,SKU_0021,39,174,21.0,52
2023-09-24,SKU_0021,79,0,21.0,52
2023-10-01,SKU_0021,78,0,21.0,52
2023-10-08,SKU_0021,71,0,21.0,52
2023-10-15,SKU_0021,71,0,21.0,52
2023-10-22,SKU_0021,64,0,21.0,52
2023-10-29,SKU_0021,54,0,21.0,52
2023-11-05,SKU_0021,52,0,21.0,52
2023-11-12,SKU_0021,40,88,21.0,52
2023-11-19,SKU_0021,233,0,21.0,52
2023-11-26,SKU_0021,164,0,21.0,52
2023-12-03,SKU_0021,137,0,21.0,52
2023-12-10,SKU_0021,107,0,21.0,52
2023-12-17,SKU_0021,101,0,21.0,52
2023-12-24,SKU_0021,81,0,21.0,52
2023-12-31,SKU_0021,67,0,21.0,52
2024-01-07,SKU_0021,64,0,21.0,52
2024-01-14,SKU_0021,57,0,21.0,52
2024-01-21,SKU_0021,56,0,21.0,52
2024-01-28,SKU_0021,43,60,21.0,52
2024-02-04,SKU_0021,32,66,21.0,52
2024-02-11,SKU_0021,98,0,21.0,52
2024-02-18,SKU_0021,74,0,21.0,52
2024-02-25,SKU_0021,54,0,21.0,52
2024-03-03,SKU_0021,49,123,21.0,52
2024-03-10,SKU_0021,35,171,21.0,52
2024-03-17,SKU_0021,96,0,21.0,52
2024-03-24,SKU_0021,85,0,21.0,52
2024-03-31,SKU_0021,72,0,21.0,52
2024-04-07,SKU_0021,71,0,21.0,52
2024-04-14,SKU_0021,243,0,21.0,52
2024-04-21,SKU_0021,207,0,21.0,52
2024-04-28,SKU_0021,163,0,21.0,52
2024-05-05,SKU_0021,134,0,21.0,52
2024-05-12,SKU_0021,119,0,21.0,52
2024-05-19,SKU_0021,101,0,21.0,52
2024-05-26,SKU_0021,76,0,21.0,52
2024-06-02,SKU_0021,61,0,21.0,52
2024-06-09,SKU_0021,192,0,21.0,52
2024-06-16,SKU_0021,151,0,21.0,52
2024-06-23,SKU_0021,122,0,21.0,52
2024-06-30,SKU_0021,96,0,21.0,52
2024-07-07,SKU_0021,72,0,21.0,52
2024-07-14,SKU_0021,53,0,21.0,52
2024-07-21,SKU_0021,38,70,21.0,52
2024-07-28,SKU_0021,170,0,21.0,52
2024-08-04,SKU_0021,124,0,21.0,52
2024-08-11,SKU_0021,115,0,21.0,52
2024-08-18,SKU_0021,107,0,21.0,52
2024-08-25,SKU_0021,88,0,21.0,52
2024-09-01,SKU_0021,87,0,21.0,52
2024-09-08,SKU_0021,65,0,21.0,52
2024-09-15,SKU_0021,60,0,21.0,52
2024-09-22,SKU_0021,58,0,21.0,52
2024-09-29,SKU_0021,140,0,21.0,52
2024-10-06,SKU_0021,119,0,21.0,52
2024-10-13,SKU_0021,91,0,21.0,52
2024-10-20,SKU_0021,90,0,21.0,52
2024-10-27,SKU_0021,89,0,21.0,52
2024-11-03,SKU_0021,77,0,21.0,52
2024-11-10,SKU_0021,67,0,21.0,52
2024-11-17,SKU_0021,64,0,21.0,52
2024-11-24,SKU_0021,62,0,21.0,52
2024-12-01,SKU_0021,52,0,21.0,52
2024-12-08,SKU_0021,146,0,21.0,52
2024-12-15,SKU_0021,134,0,21.0,52
2024-12-22,SKU_0021,116,0,21.0,52
2024-12-29,SKU_0021,105,0,21.0,52
2023-01-01,SKU_0022,358,0,7.0,72
2023-01-08,SKU_0022,352,0,7.0,72
2023-01-15,SKU_0022,314,0,7.0,72
2023-01-22,SKU_0022,292,0,7.0,72
2023-01-29,SKU_0022,227,0,7.0,72
2023-02-05,SKU_0022,214,0,7.0,72
2023-02-12,SKU_0022,200,0,7.0,72
2023-02-19,SKU_0022,195,0,7.0,72
2023-02-26,SKU_0022,137,0,7.0,72
2023-03-05,SKU_0022,104,0,7.0,72
2023-03-12,SKU_0022,101,0,7.0,72
2023-03-19,SKU_0022,96,0,7.0,72
2023-03-26,SKU_0022,87,0,7.0,72
2023-04-02,SKU_0022,74,0,7.0,72
2023-04-09,SKU_0022,73,0,7.0,72
2023-04-16,SKU_0022,200,0,7.0,72
2023-04-23,SKU_0022,185,0,7.0,72
2023-04-30,SKU_0022,159,0,7.0,72
2023-05-07,SKU_0022,158,0,7.0,72
2023-05-14,SKU_0022,125,0,7.0,72
2023-05-21,SKU_0022,91,0,7.0,72
2023-05-28,SKU_0022,77,0,7.0,72
2023-06-04,SKU_0022,226,0,7.0,72
2023-06-11,SKU_0022,215,0,7.0,72
2023-06-18,SKU_0022,199,0,7.0,72
2023-06-25,SKU_0022,197,0,7.0,72
2023-07-02,SKU_0022,166,0,7.0,72
2023-07-09,SKU_0022,161,0,7.0,72
2023-07-16,SKU_0022,135,0,7.0,72
2023-07-23,SKU_0022,97,0,7.0,72
2023-07-30,SKU_0022,89,0,7.0,72
2023-08-06,SKU_0022,78,0,7.0,72
2023-08-13,SKU_0022,76,0,7.0,72
2023-08-20,SKU_0022,144,0,7.0,72
2023-08-27,SKU_0022,129,0,7.0,72
2023-09-03,SKU_0022,127,0,7.0,72
2023-09-10,SKU_0022,104,0,7.0,72
2023-09-17,SKU_0022,82,0,7.0,72
2023-09-24,SKU_0022,58,176,7.0,72
2023-10-01,SKU_0022,47,162,7.0,72
2023-10-08,SKU_0022,177,0,7.0,72
2023-10-15,SKU_0022,127,0,7.0,72
2023-10-22,SKU_0022,104,0,7.0,72
2023-10-29,SKU_0022,90,0,7.0,72
2023-11-05,SKU_0022,77,0,7.0,72
2023-11-12,SKU_0022,75,0,7.0,72
2023-11-19,SKU_0022,148,0,7.0,72
2023-11-26,SKU_0022,128,0,7.0,72
2023-12-03,SKU_0022,118,0,7.0,72
2023-12-10,SKU_0022,109,0,7.0,72
2023-12-17,SKU_0022,101,0,7.0,72
2023-12-24,SKU_0022,97,0,7.0,72
2023-12-31,SKU_0022,88,0,7.0,72
2024-01-07,SKU_0022,84,0,7.0,72
2024-01-14,SKU_0022,60,72,7.0,72
2024-01-21,SKU_0022,55,110,7.0,72
2024-01-28,SKU_0022,43,151,7.0,72
2024-02-04,SKU_0022,220,0,7.0,72
2024-02-11,SKU_0022,207,0,7.0,72
2024-02-18,SKU_0022,200,0,7.0,72
2024-02-25,SKU_0022,165,0,7.0,72
2024-03-03,SKU_0022,137,0,7.0,72
2024-03-10,SKU_0022,105,0,7.0,72
2024-03-17,SKU_0022,102,0,7.0,72
2024-03-24,SKU_0022,102,0,7.0,72
2024-03-31,SKU_0022,95,0,7.0,72
2024-04-07,SKU_0022,81,0,7.0,72
2024-04-14,SKU_0022,81,0,7.0,72
2024-04-21,SKU_0022,79,0,7.0,72
2024-04-28,SKU_0022,79,0,7.0,72
2024-05-05,SKU_0022,73,0,7.0,72
2024-05-12,SKU_0022,231,0,7.0,72
2024-05-19,SKU_0022,231,0,7.0,72
2024-05-26,SKU_0022,215,0,7.0,72
2024-06-02,SKU_0022,183,0,7.0,72
2024-06-09,SKU_0022,181,0,7.0,72
2024-06-16,SKU_0022,179,0,7.0,72
2024-06-23,SKU_0022,174,0,7.0,72
2024-06-30,SKU_0022,128,0,7.0,72
2024-07-07,SKU_0022,107,0,7.0,72
2024-07-14,SKU_0022,79,0,7.0,72
2024-07-21,SKU_0022,269,0,7.0,72
2024-07-28,SKU_0022,198,0,7.0,72
2024-08-04,SKU_0022,155,0,7.0,72
2024-08-11,SKU_0022,114,0,7.0,72
2024-08-18,SKU_0022,107,0,7.0,72
2024-08-25,SKU_0022,102,0,7.0,72
2024-09-01,SKU_0022,96,0,7.0,72
2024-09-08,SKU_0022,135,0,7.0,72
2024-09-15,SKU_0022,98,0,7.0,72
2024-09-22,SKU_0022,92,0,7.0,72
2024-09-29,SKU_0022,171,0,7.0,72
2024-10-06,SKU_0022,155,0,7.0,72
2024-10-13,SKU_0022,138,0,7.0,72
2024-10-20,SKU_0022,137,0,7.0,72
2024-10-27,SKU_0022,121,0,7.0,72
2024-11-03,SKU_0022,104,0,7.0,72
2024-11-10,SKU_0022,96,0,7.0,72
2024-11-17,SKU_0022,89,0,7.0,72
2024-11-24,SKU_0022,72,0,7.0,72
2024-12-01,SKU_0022,177,0,7.0,72
2024-12-08,SKU_0022,177,0,7.0,72
2024-12-15,SKU_0022,149,0,7.0,72
2024-12-22,SKU_0022,146,0,7.0,72
2024-12-29,SKU_0022,127,0,7.0,72
2023-01-01,SKU_0023,361,0,7.0,47
2023-01-08,SKU_0023,347,0,7.0,47
2023-01-15,SKU_0023,253,0,7.0,47
2023-01-22,SKU_0023,220,0,7.0,47
2023-01-29,SKU_0023,220,0,7.0,47
2023-02-05,SKU_0023,207,0,7.0,47
2023-02-12,SKU_0023,157,0,7.0,47
2023-02-19,SKU_0023,143,0,7.0,47
2023-02-26,SKU_0023,120,0,7.0,47
2023-03-05,SKU_0023,84,0,7.0,47
2023-03-12,SKU_0023,83,0,7.0,47
2023-03-19,SKU_0023,67,0,7.0,47
2023-03-26,SKU_0023,56,0,7.0,47
2023-04-02,SKU_0023,51,0,7.0,47
2023-04-09,SKU_0023,48,0,7.0,47
2023-04-16,SKU_0023,36,118,7.0,47
2023-04-23,SKU_0023,26,157,7.0,47
2023-04-30,SKU_0023,22,180,7.0,47
2023-05-07,SKU_0023,21,148,7.0,47
2023-05-14,SKU_0023,21,101,7.0,47
2023-05-21,SKU_0023,155,0,7.0,47
2023-05-28,SKU_0023,140,0,7.0,47
2023-06-04,SKU_0023,118,0,7.0,47
2023-06-11,SKU_0023,110,0,7.0,47
2023-06-18,SKU_0023,108,0,7.0,47
2023-06-25,SKU_0023,88,0,7.0,47
2023-07-02,SKU_0023,70,0,7.0,47
2023-07-09,SKU_0023,54,0,7.0,47
2023-07-16,SKU_0023,50,0,7.0,47
2023-07-23,SKU_0023,49,0,7.0,47
2023-07-30,SKU_0023,183,0,7.0,47
2023-08-06,SKU_0023,145,0,7.0,47
2023-08-13,SKU_0023,140,0,7.0,47
2023-08-20,SKU_0023,107,0,7.0,47
2023-08-27,SKU_0023,89,0,7.0,47
2023-09-03,SKU_0023,65,0,7.0,47
2023-09-10,SKU_0023,63,0,7.0,47
2023-09-17,SKU_0023,56,0,7.0,47
2023-09-24,SKU_0023,55,0,7.0,47
2023-10-01,SKU_0023,128,0,7.0,47
2023-10-08,SKU_0023,97,0,7.0,47
2023-10-15,SKU_0023,81,0,7.0,47
2023-10-22,SKU_0023,61,0,7.0,47
2023-10-29,SKU_0023,51,0,7.0,47
2023-11-05,SKU_0023,40,173,7.0,47
2023-11-12,SKU_0023,31,143,7.0,47
2023-11-19,SKU_0023,27,197,7.0,47
2023-11-26,SKU_0023,21,114,7.0,47
2023-12-03,SKU_0023,20,103,7.0,47
2023-12-10,SKU_0023,18,154,7.0,47
2023-12-17,SKU_0023,182,0,7.0,47
2023-12-24,SKU_0023,152,0,7.0,47
2023-12-31,SKU_0023,139,0,7.0,47
2024-01-07,SKU_0023,120,0,7.0,47
2024-01-14,SKU_0023,107,0,7.0,47
2024-01-21,SKU_0023,86,0,7.0,47
2024-01-28,SKU_0023,77,0,7.0,47
2024-02-04,SKU_0023,60,0,7.0,47
2024-02-11,SKU_0023,127,0,7.0,47
2024-02-18,SKU_0023,99,0,7.0,47
2024-02-25,SKU_0023,90,0,7.0,47
2024-03-03,SKU_0023,86,0,7.0,47
2024-03-10,SKU_0023,71,0,7.0,47
2024-03-17,SKU_0023,62,0,7.0,47
2024-03-24,SKU_0023,55,0,7.0,47
2024-03-31,SKU_0023,40,67,7.0,47
2024-04-07,SKU_0023,154,0,7.0,47
2024-04-14,SKU_0023,112,0,7.0,47
2024-04-21,SKU_0023,96,0,7.0,47
2024-04-28,SKU_0023,71,0,7.0,47
2024-05-05,SKU_0023,63,0,7.0,47
2024-05-12,SKU_0023,58,0,7.0,47
2024-05-19,SKU_0023,131,0,7.0,47
2024-05-26,SKU_0023,102,0,7.0,47
2024-06-02,SKU_0023,89,0,7.0,47
2024-06-09,SKU_0023,87,0,7.0,47
2024-06-16,SKU_0023,66,0,7.0,47
2024-06-23,SKU_0023,53,0,7.0,47
2024-06-30,SKU_0023,45,131,7.0,47
2024-07-07,SKU_0023,190,0,7.0,47
2024-07-14,SKU_0023,186,0,7.0,47
2024-07-21,SKU_0023,154,0,7.0,47
2024-07-28,SKU_0023,135,0,7.0,47
2024-08-04,SKU_0023,108,0,7.0,47
2024-08-11,SKU_0023,103,0,7.0,47
2024-08-18,SKU_0023,98,0,7.0,47
2024-08-25,SKU_0023,79,0,7.0,47
2024-09-01,SKU_0023,63,0,7.0,47
2024-09-08,SKU_0023,63,0,7.0,47
2024-09-15,SKU_0023,51,0,7.0,47
2024-09-22,SKU_0023,41,99,7.0,47
2024-09-29,SKU_0023,33,72,7.0,47
2024-10-06,SKU_0023,193,0,7.0,47
2024-10-13,SKU_0023,183,0,7.0,47
2024-10-20,SKU_0023,161,0,7.0,47
2024-10-27,SKU_0023,132,0,7.0,47
2024-11-03,SKU_0023,121,0,7.0,47
2024-11-10,SKU_0023,92,0,7.0,47
2024-11-17,SKU_0023,68,0,7.0,47
2024-11-24,SKU_0023,51,0,7.0,47
2024-12-01,SKU_0023,49,0,7.0,47
2024-12-08,SKU_0023,44,76,7.0,47
2024-12-15,SKU_0023,39,163,7.0,47
2024-12-22,SKU_0023,32,111,7.0,47
2024-12-29,SKU_0023,25,50,7.0,47
2023-01-01,SKU_0024,404,0,14.0,31
2023-01-08,SKU_0024,395,0,14.0,31
2023-01-15,SKU_0024,378,0,14.0,31
2023-01-22,SKU_0024,367,0,14.0,31
2023-01-29,SKU_0024,355,0,14.0,31
2023-02-05,SKU_0024,267,0,14.0,31
2023-02-12,SKU_0024,214,0,14.0,31
2023-02-19,SKU_0024,163,0,14.0,31
2023-02-26,SKU_0024,144,0,14.0,31
2023-03-05,SKU_0024,117,0,14.0,31
2023-03-12,SKU_0024,96,0,14.0,31
2023-03-19,SKU_0024,93,0,14.0,31
2023-03-26,SKU_0024,66,0,14.0,31
2023-04-02,SKU_0024,65,0,14.0,31
2023-04-09,SKU_0024,64,0,14.0,31
2023-04-16,SKU_0024,63,0,14.0,31
2023-04-23,SKU_0024,62,0,14.0,31
2023-04-30,SKU_0024,47,0,14.0,31
2023-05-07,SKU_0024,41,0,14.0,31
2023-05-14,SKU_0024,30,142,14.0,31
2023-05-21,SKU_0024,30,105,14.0,31
2023-05-28,SKU_0024,27,119,14.0,31
2023-06-04,SKU_0024,22,92,14.0,31
2023-06-11,SKU_0024,121,0,14.0,31
2023-06-18,SKU_0024,106,0,14.0,31
2023-06-25,SKU_0024,86,0,14.0,31
2023-07-02,SKU_0024,80,0,14.0,31
2023-07-09,SKU_0024,71,0,14.0,31
2023-07-16,SKU_0024,70,0,14.0,31
2023-07-23,SKU_0024,67,0,14.0,31
2023-07-30,SKU_0024,51,0,14.0,31
2023-08-06,SKU_0024,43,0,14.0,31
2023-08-13,SKU_0024,39,0,14.0,31
2023-08-20,SKU_0024,225,0,14.0,31
2023-08-27,SKU_0024,184,0,14.0,31
2023-09-03,SKU_0024,156,0,14.0,31
2023-09-10,SKU_0024,111,0,14.0,31
2023-09-17,SKU_0024,90,0,14.0,31
2023-09-24,SKU_0024,87,0,14.0,31
2023-10-01,SKU_0024,61,0,14.0,31
2023-10-08,SKU_0024,61,0,14.0,31
2023-10-15,SKU_0024,56,0,14.0,31
2023-10-22,SKU_0024,41,0,14.0,31
2023-10-29,SKU_0024,38,0,14.0,31
2023-11-05,SKU_0024,32,0,14.0,31
2023-11-12,SKU_0024,220,0,14.0,31
2023-11-19,SKU_0024,164,0,14.0,31
2023-11-26,SKU_0024,164,0,14.0,31
2023-12-03,SKU_0024,162,0,14.0,31
2023-12-10,SKU_0024,118,0,14.0,31
2023-12-17,SKU_0024,105,0,14.0,31
2023-12-24,SKU_0024,90,0,14.0,31
2023-12-31,SKU_0024,83,0,14.0,31
2024-01-07,SKU_0024,66,0,14.0,31
2024-01-14,SKU_0024,51,0,14.0,31
2024-01-21,SKU_0024,38,0,14.0,31
2024-01-28,SKU_0024,32,0,14.0,31
2024-02-04,SKU_0024,129,0,14.0,31
2024-02-11,SKU_0024,97,0,14.0,31
2024-02-18,SKU_0024,91,0,14.0,31
2024-02-25,SKU_0024,76,0,14.0,31
2024-03-03,SKU_0024,64,0,14.0,31
2024-03-10,SKU_0024,59,0,14.0,31
2024-03-17,SKU_0024,51,0,14.0,31
2024-03-24,SKU_0024,36,0,14.0,31
2024-03-31,SKU_0024,29,60,14.0,31
2024-04-07,SKU_0024,168,0,14.0,31
2024-04-14,SKU_0024,168,0,14.0,31
2024-04-21,SKU_0024,152,0,14.0,31
2024-04-28,SKU_0024,149,0,14.0,31
2024-05-05,SKU_0024,113,0,14.0,31
2024-05-12,SKU_0024,80,0,14.0,31
2024-05-19,SKU_0024,62,0,14.0,31
2024-05-26,SKU_0024,45,0,14.0,31
2024-06-02,SKU_0024,44,0,14.0,31
2024-06-09,SKU_0024,40,0,14.0,31
2024-06-16,SKU_0024,31,0,14.0,31
2024-06-23,SKU_0024,91,0,14.0,31
2024-06-30,SKU_0024,86,0,14.0,31
2024-07-07,SKU_0024,70,0,14.0,31
2024-07-14,SKU_0024,62,0,14.0,31
2024-07-21,SKU_0024,59,0,14.0,31
2024-07-28,SKU_0024,49,0,14.0,31
2024-08-04,SKU_0024,38,0,14.0,31
2024-08-11,SKU_0024,31,0,14.0,31
2024-08-18,SKU_0024,204,0,14.0,31
2024-08-25,SKU_0024,180,0,14.0,31
2024-09-01,SKU_0024,160,0,14.0,31
2024-09-08,SKU_0024,146,0,14.0,31
2024-09-15,SKU_0024,141,0,14.0,31
2024-09-22,SKU_0024,120,0,14.0,31
2024-09-29,SKU_0024,90,0,14.0,31
2024-10-06,SKU_0024,89,0,14.0,31
2024-10-13,SKU_0024,76,0,14.0,31
2024-10-20,SKU_0024,59,0,14.0,31
2024-10-27,SKU_0024,46,0,14.0,31
2024-11-03,SKU_0024,42,0,14.0,31
2024-11-10,SKU_0024,36,0,14.0,31
2024-11-17,SKU_0024,35,0,14.0,31
2024-11-24,SKU_0024,219,0,14.0,31
2024-12-01,SKU_0024,201,0,14.0,31
2024-12-08,SKU_0024,172,0,14.0,31
2024-12-15,SKU_0024,138,0,14.0,31
2024-12-22,SKU_0024,135,0,14.0,31
2024-12-29,SKU_0024,107,0,14.0,31
2023-01-01,SKU_0025,367,0,28.0,74
2023-01-08,SKU_0025,315,0,28.0,74
2023-01-15,SKU_0025,239,0,28.0,74
2023-01-22,SKU_0025,196,0,28.0,74
2023-01-29,SKU_0025,143,0,28.0,74
2023-02-05,SKU_0025,105,0,28.0,74
2023-02-12,SKU_0025,95,0,28.0,74
2023-02-19,SKU_0025,69,71,28.0,74
2023-02-26,SKU_0025,232,0,28.0,74
2023-03-05,SKU_0025,176,0,28.0,74
2023-03-12,SKU_0025,126,0,28.0,74
2023-03-19,SKU_0025,99,0,28.0,74
2023-03-26,SKU_0025,95,0,28.0,74
2023-04-02,SKU_0025,95,0,28.0,74
2023-04-09,SKU_0025,170,0,28.0,74
2023-04-16,SKU_0025,126,0,28.0,74
2023-04-23,SKU_0025,95,0,28.0,74
2023-04-30,SKU_0025,80,0,28.0,74
2023-05-07,SKU_0025,64,67,28.0,74
2023-05-14,SKU_0025,48,142,28.0,74
2023-05-21,SKU_0025,143,0,28.0,74
2023-05-28,SKU_0025,117,0,28.0,74
2023-06-04,SKU_0025,117,0,28.0,74
2023-06-11,SKU_0025,99,0,28.0,74
2023-06-18,SKU_0025,78,0,28.0,74
2023-06-25,SKU_0025,58,94,28.0,74
2023-07-02,SKU_0025,43,72,28.0,74
2023-07-09,SKU_0025,141,0,28.0,74
2023-07-16,SKU_0025,122,0,28.0,74
2023-07-23,SKU_0025,110,0,28.0,74
2023-07-30,SKU_0025,96,0,28.0,74
2023-08-06,SKU_0025,96,0,28.0,74
2023-08-13,SKU_0025,95,0,28.0,74
2023-08-20,SKU_0025,192,0,28.0,74
2023-08-27,SKU_0025,180,0,28.0,74
2023-09-03,SKU_0025,145,0,28.0,74
2023-09-10,SKU_0025,134,0,28.0,74
2023-09-17,SKU_0025,128,0,28.0,74
2023-09-24,SKU_0025,127,0,28.0,74
2023-10-01,SKU_0025,92,0,28.0,74
2023-10-08,SKU_0025,85,0,28.0,74
2023-10-15,SKU_0025,80,0,28.0,74
2023-10-22,SKU_0025,59,168,28.0,74
2023-10-29,SKU_0025,44,129,28.0,74
2023-11-05,SKU_0025,181,0,28.0,74
2023-11-12,SKU_0025,130,0,28.0,74
2023-11-19,SKU_0025,130,0,28.0,74
2023-11-26,SKU_0025,98,0,28.0,74
2023-12-03,SKU_0025,85,0,28.0,74
2023-12-10,SKU_0025,60,185,28.0,74
2023-12-17,SKU_0025,124,0,28.0,74
2023-12-24,SKU_0025,90,0,28.0,74
2023-12-31,SKU_0025,85,0,28.0,74
2024-01-07,SKU_0025,208,0,28.0,74
2024-01-14,SKU_0025,202,0,28.0,74
2024-01-21,SKU_0025,146,0,28.0,74
2024-01-28,SKU_0025,138,0,28.0,74
2024-02-04,SKU_0025,127,0,28.0,74
2024-02-11,SKU_0025,124,0,28.0,74
2024-02-18,SKU_0025,88,0,28.0,74
2024-02-25,SKU_0025,175,0,28.0,74
2024-03-03,SKU_0025,126,0,28.0,74
2024-03-10,SKU_0025,89,0,28.0,74
2024-03-17,SKU_0025,77,0,28.0,74
2024-03-24,SKU_0025,238,0,28.0,74
2024-03-31,SKU_0025,238,0,28.0,74
2024-04-07,SKU_0025,230,0,28.0,74
2024-04-14,SKU_0025,197,0,28.0,74
2024-04-21,SKU_0025,193,0,28.0,74
2024-04-28,SKU_0025,177,0,28.0,74
2024-05-05,SKU_0025,172,0,28.0,74
2024-05-12,SKU_0025,140,0,28.0,74
2024-05-19,SKU_0025,108,0,28.0,74
2024-05-26,SKU_0025,91,0,28.0,74
2024-06-02,SKU_0025,64,92,28.0,74
2024-06-09,SKU_0025,126,0,28.0,74
2024-06-16,SKU_0025,120,0,28.0,74
2024-06-23,SKU_0025,111,0,28.0,74
2024-06-30,SKU_0025,79,0,28.0,74
2024-07-07,SKU_0025,133,0,28.0,74
2024-07-14,SKU_0025,107,0,28.0,74
2024-07-21,SKU_0025,91,0,28.0,74
2024-07-28,SKU_0025,90,0,28.0,74
2024-08-04,SKU_0025,73,65,28.0,74
2024-08-11,SKU_0025,231,0,28.0,74
2024-08-18,SKU_0025,168,0,28.0,74
2024-08-25,SKU_0025,155,0,28.0,74
2024-09-01,SKU_0025,143,0,28.0,74
2024-09-08,SKU_0025,136,0,28.0,74
2024-09-15,SKU_0025,114,0,28.0,74
2024-09-22,SKU_0025,111,0,28.0,74
2024-09-29,SKU_0025,99,0,28.0,74
2024-10-06,SKU_0025,96,0,28.0,74
2024-10-13,SKU_0025,214,0,28.0,74
2024-10-20,SKU_0025,183,0,28.0,74
2024-10-27,SKU_0025,139,0,28.0,74
2024-11-03,SKU_0025,137,0,28.0,74
2024-11-10,SKU_0025,129,0,28.0,74
2024-11-17,SKU_0025,109,0,28.0,74
2024-11-24,SKU_0025,107,0,28.0,74
2024-12-01,SKU_0025,80,0,28.0,74
2024-12-08,SKU_0025,196,0,28.0,74
2024-12-15,SKU_0025,140,0,28.0,74
2024-12-22,SKU_0025,140,0,28.0,74
2024-12-29,SKU_0025,129,0,28.0,74
2023-01-01,SKU_0026,338,0,21.0,28
2023-01-08,SKU_0026,304,0,21.0,28
2023-01-15,SKU_0026,230,0,21.0,28
2023-01-22,SKU_0026,198,0,21.0,28
2023-01-29,SKU_0026,182,0,21.0,28
2023-02-05,SKU_0026,177,0,21.0,28
2023-02-12,SKU_0026,145,0,21.0,28
2023-02-19,SKU_0026,116,0,21.0,28
2023-02-26,SKU_0026,114,0,21.0,28
2023-03-05,SKU_0026,94,0,21.0,28
2023-03-12,SKU_0026,81,0,21.0,28
2023-03-19,SKU_0026,81,0,21.0,28
2023-03-26,SKU_0026,76,0,21.0,28
2023-04-02,SKU_0026,65,0,21.0,28
2023-04-09,SKU_0026,56,0,21.0,28
2023-04-16,SKU_0026,44,0,21.0,28
2023-04-23,SKU_0026,32,0,21.0,28
2023-04-30,SKU_0026,136,0,21.0,28
2023-05-07,SKU_0026,97,0,21.0,28
2023-05-14,SKU_0026,89,0,21.0,28
2023-05-21,SKU_0026,69,0,21.0,28
2023-05-28,SKU_0026,52,0,21.0,28
2023-06-04,SKU_0026,43,0,21.0,28
2023-06-11,SKU_0026,34,0,21.0,28
2023-06-18,SKU_0026,33,0,21.0,28
2023-06-25,SKU_0026,30,0,21.0,28
2023-07-02,SKU_0026,26,138,21.0,28
2023-07-09,SKU_0026,21,58,21.0,28
2023-07-16,SKU_0026,19,76,21.0,28
2023-07-23,SKU_0026,17,178,21.0,28
2023-07-30,SKU_0026,158,0,21.0,28
2023-08-06,SKU_0026,120,0,21.0,28
2023-08-13,SKU_0026,114,0,21.0,28
2023-08-20,SKU_0026,85,0,21.0,28
2023-08-27,SKU_0026,69,0,21.0,28
2023-09-03,SKU_0026,51,0,21.0,28
2023-09-10,SKU_0026,43,0,21.0,28
2023-09-17,SKU_0026,42,0,21.0,28
2023-09-24,SKU_0026,37,0,21.0,28
2023-10-01,SKU_0026,29,0,21.0,28
2023-10-08,SKU_0026,24,155,21.0,28
2023-10-15,SKU_0026,18,116,21.0,28
2023-10-22,SKU_0026,199,0,21.0,28
2023-10-29,SKU_0026,163,0,21.0,28
2023-11-05,SKU_0026,122,0,21.0,28
2023-11-12,SKU_0026,98,0,21.0,28
2023-11-19,SKU_0026,71,0,21.0,28
2023-11-26,SKU_0026,65,0,21.0,28
2023-12-03,SKU_0026,54,0,21.0,28
2023-12-10,SKU_0026,53,0,21.0,28
2023-12-17,SKU_0026,48,0,21.0,28
2023-12-24,SKU_0026,44,0,21.0,28
2023-12-31,SKU_0026,39,0,21.0,28
2024-01-07,SKU_0026,36,0,21.0,28
2024-01-14,SKU_0026,36,0,21.0,28
2024-01-21,SKU_0026,35,0,21.0,28
2024-01-28,SKU_0026,32,0,21.0,28
2024-02-04,SKU_0026,25,114,21.0,28
2024-02-11,SKU_0026,113,0,21.0,28
2024-02-18,SKU_0026,100,0,21.0,28
2024-02-25,SKU_0026,71,0,21.0,28
2024-03-03,SKU_0026,50,0,21.0,28
2024-03-10,SKU_0026,39,0,21.0,28
2024-03-17,SKU_0026,39,0,21.0,28
2024-03-24,SKU_0026,30,0,21.0,28
2024-03-31,SKU_0026,28,0,21.0,28
2024-04-07,SKU_0026,22,163,21.0,28
2024-04-14,SKU_0026,142,0,21.0,28
2024-04-21,SKU_0026,141,0,21.0,28
2024-04-28,SKU_0026,102,0,21.0,28
2024-05-05,SKU_0026,101,0,21.0,28
2024-05-12,SKU_0026,73,0,21.0,28
2024-05-19,SKU_0026,57,0,21.0,28
2024-05-26,SKU_0026,45,0,21.0,28
2024-06-02,SKU_0026,33,0,21.0,28
2024-06-09,SKU_0026,27,58,21.0,28
2024-06-16,SKU_0026,27,160,21.0,28
2024-06-23,SKU_0026,116,0,21.0,28
2024-06-30,SKU_0026,95,0,21.0,28
2024-07-07,SKU_0026,77,0,21.0,28
2024-07-14,SKU_0026,66,0,21.0,28
2024-07-21,SKU_0026,59,0,21.0,28
2024-07-28,SKU_0026,50,0,21.0,28
2024-08-04,SKU_0026,37,0,21.0,28
2024-08-11,SKU_0026,27,76,21.0,28
2024-08-18,SKU_0026,216,0,21.0,28
2024-08-25,SKU_0026,194,0,21.0,28
2024-09-01,SKU_0026,173,0,21.0,28
2024-09-08,SKU_0026,154,0,21.0,28
2024-09-15,SKU_0026,125,0,21.0,28
2024-09-22,SKU_0026,112,0,21.0,28
2024-09-29,SKU_0026,106,0,21.0,28
2024-10-06,SKU_0026,83,0,21.0,28
2024-10-13,SKU_0026,71,0,21.0,28
2024-10-20,SKU_0026,55,0,21.0,28
2024-10-27,SKU_0026,51,0,21.0,28
2024-11-03,SKU_0026,40,0,21.0,28
2024-11-10,SKU_0026,29,0,21.0,28
2024-11-17,SKU_0026,155,0,21.0,28
2024-11-24,SKU_0026,138,0,21.0,28
2024-12-01,SKU_0026,127,0,21.0,28
2024-12-08,SKU_0026,123,0,21.0,28
2024-12-15,SKU_0026,99,0,21.0,28
2024-12-22,SKU_0026,76,0,21.0,28
2024-12-29,SKU_0026,56,0,21.0,28
2023-01-01,SKU_0027,79,0,7.0,60
2023-01-08,SKU_0027,70,0,7.0,60
2023-01-15,SKU_0027,52,134,7.0,60
2023-01-22,SKU_0027,41,66,7.0,60
2023-01-29,SKU_0027,34,65,7.0,60
2023-02-05,SKU_0027,30,66,7.0,60
2023-02-12,SKU_0027,145,0,7.0,60
2023-02-19,SKU_0027,108,0,7.0,60
2023-02-26,SKU_0027,96,0,7.0,60
2023-03-05,SKU_0027,93,0,7.0,60
2023-03-12,SKU_0027,68,0,7.0,60
2023-03-19,SKU_0027,67,0,7.0,60
2023-03-26,SKU_0027,65,0,7.0,60
2023-04-02,SKU_0027,207,0,7.0,60
2023-04-09,SKU_0027,176,0,7.0,60
2023-04-16,SKU_0027,162,0,7.0,60
2023-04-23,SKU_0027,115,0,7.0,60
2023-04-30,SKU_0027,91,0,7.0,60
2023-05-07,SKU_0027,79,0,7.0,60
2023-05-14,SKU_0027,65,0,7.0,60
2023-05-21,SKU_0027,49,52,7.0,60
2023-05-28,SKU_0027,46,89,7.0,60
2023-06-04,SKU_0027,127,0,7.0,60
2023-06-11,SKU_0027,119,0,7.0,60
2023-06-18,SKU_0027,87,0,7.0,60
2023-06-25,SKU_0027,85,0,7.0,60
2023-07-02,SKU_0027,80,0,7.0,60
2023-07-09,SKU_0027,61,0,7.0,60
2023-07-16,SKU_0027,54,95,7.0,60
2023-07-23,SKU_0027,50,168,7.0,60
2023-07-30,SKU_0027,48,69,7.0,60
2023-08-06,SKU_0027,38,178,7.0,60
2023-08-13,SKU_0027,36,188,7.0,60
2023-08-20,SKU_0027,27,189,7.0,60
2023-08-27,SKU_0027,20,74,7.0,60
2023-09-03,SKU_0027,18,197,7.0,60
2023-09-10,SKU_0027,171,0,7.0,60
2023-09-17,SKU_0027,137,0,7.0,60
2023-09-24,SKU_0027,114,0,7.0,60
2023-10-01,SKU_0027,100,0,7.0,60
2023-10-08,SKU_0027,95,0,7.0,60
2023-10-15,SKU_0027,91,0,7.0,60
2023-10-22,SKU_0027,91,0,7.0,60
2023-10-29,SKU_0027,88,0,7.0,60
2023-11-05,SKU_0027,73,0,7.0,60
2023-11-12,SKU_0027,55,110,7.0,60
2023-11-19,SKU_0027,55,185,7.0,60
2023-11-26,SKU_0027,46,197,7.0,60
2023-12-03,SKU_0027,46,77,7.0,60
2023-12-10,SKU_0027,43,137,7.0,60
2023-12-17,SKU_0027,33,126,7.0,60
2023-12-24,SKU_0027,83,0,7.0,60
2023-12-31,SKU_0027,70,0,7.0,60
2024-01-07,SKU_0027,60,0,7.0,60
2024-01-14,SKU_0027,206,0,7.0,60
2024-01-21,SKU_0027,206,0,7.0,60
2024-01-28,SKU_0027,151,0,7.0,60
2024-02-04,SKU_0027,145,0,7.0,60
2024-02-11,SKU_0027,125,0,7.0,60
2024-02-18,SKU_0027,110,0,7.0,60
2024-02-25,SKU_0027,107,0,7.0,60
2024-03-03,SKU_0027,107,0,7.0,60
2024-03-10,SKU_0027,104,0,7.0,60
2024-03-17,SKU_0027,82,0,7.0,60
2024-03-24,SKU_0027,62,0,7.0,60
2024-03-31,SKU_0027,161,0,7.0,60
2024-04-07,SKU_0027,120,0,7.0,60
2024-04-14,SKU_0027,113,0,7.0,60
2024-04-21,SKU_0027,90,0,7.0,60
2024-04-28,SKU_0027,81,0,7.0,60
2024-05-05,SKU_0027,70,0,7.0,60
2024-05-12,SKU_0027,51,61,7.0,60
2024-05-19,SKU_0027,51,115,7.0,60
2024-05-26,SKU_0027,38,187,7.0,60
2024-06-02,SKU_0027,33,121,7.0,60
2024-06-09,SKU_0027,201,0,7.0,60
2024-06-16,SKU_0027,174,0,7.0,60
2024-06-23,SKU_0027,166,0,7.0,60
2024-06-30,SKU_0027,125,0,7.0,60
2024-07-07,SKU_0027,88,0,7.0,60
2024-07-14,SKU_0027,71,0,7.0,60
2024-07-21,SKU_0027,155,0,7.0,60
2024-07-28,SKU_0027,130,0,7.0,60
2024-08-04,SKU_0027,122,0,7.0,60
2024-08-11,SKU_0027,113,0,7.0,60
2024-08-18,SKU_0027,93,0,7.0,60
2024-08-25,SKU_0027,71,0,7.0,60
2024-09-01,SKU_0027,58,65,7.0,60
2024-09-08,SKU_0027,240,0,7.0,60
2024-09-15,SKU_0027,184,0,7.0,60
2024-09-22,SKU_0027,131,0,7.0,60
2024-09-29,SKU_0027,97,0,7.0,60
2024-10-06,SKU_0027,79,0,7.0,60
2024-10-13,SKU_0027,64,0,7.0,60
2024-10-20,SKU_0027,52,92,7.0,60
2024-10-27,SKU_0027,45,131,7.0,60
2024-11-03,SKU_0027,35,118,7.0,60
2024-11-10,SKU_0027,30,55,7.0,60
2024-11-17,SKU_0027,26,53,7.0,60
2024-11-24,SKU_0027,19,111,7.0,60
2024-12-01,SKU_0027,14,98,7.0,60
2024-12-08,SKU_0027,71,0,7.0,60
2024-12-15,SKU_0027,69,0,7.0,60
2024-12-22,SKU_0027,60,0,7.0,60
2024-12-29,SKU_0027,139,0,7.0,60
2023-01-01,SKU_0028,302,0,28.0,40
2023-01-08,SKU_0028,266,0,28.0,40
2023-01-15,SKU_0028,213,0,28.0,40
2023-01-22,SKU_0028,156,0,28.0,40
2023-01-29,SKU_0028,141,0,28.0,40
2023-02-05,SKU_0028,104,0,28.0,40
2023-02-12,SKU_0028,98,0,28.0,40
2023-02-19,SKU_0028,86,0,28.0,40
2023-02-26,SKU_0028,67,0,28.0,40
2023-03-05,SKU_0028,61,0,28.0,40
2023-03-12,SKU_0028,44,0,28.0,40
2023-03-19,SKU_0028,196,0,28.0,40
2023-03-26,SKU_0028,167,0,28.0,40
2023-04-02,SKU_0028,122,0,28.0,40
2023-04-09,SKU_0028,89,0,28.0,40
2023-04-16,SKU_0028,89,0,28.0,40
2023-04-23,SKU_0028,89,0,28.0,40
2023-04-30,SKU_0028,86,0,28.0,40
2023-05-07,SKU_0028,75,0,28.0,40
2023-05-14,SKU_0028,74,0,28.0,40
2023-05-21,SKU_0028,71,0,28.0,40
2023-05-28,SKU_0028,53,0,28.0,40
2023-06-04,SKU_0028,53,0,28.0,40
2023-06-11,SKU_0028,52,0,28.0,40
2023-06-18,SKU_0028,43,0,28.0,40
2023-06-25,SKU_0028,41,0,28.0,40
2023-07-02,SKU_0028,187,0,28.0,40
2023-07-09,SKU_0028,142,0,28.0,40
2023-07-16,SKU_0028,124,0,28.0,40
2023-07-23,SKU_0028,109,0,28.0,40
2023-07-30,SKU_0028,96,0,28.0,40
2023-08-06,SKU_0028,68,0,28.0,40
2023-08-13,SKU_0028,65,0,28.0,40
2023-08-20,SKU_0028,59,0,28.0,40
2023-08-27,SKU_0028,53,0,28.0,40
2023-09-03,SKU_0028,137,0,28.0,40
2023-09-10,SKU_0028,106,0,28.0,40
2023-09-17,SKU_0028,81,0,28.0,40
2023-09-24,SKU_0028,57,0,28.0,40
2023-10-01,SKU_0028,41,0,28.0,40
2023-10-08,SKU_0028,135,0,28.0,40
2023-10-15,SKU_0028,118,0,28.0,40
2023-10-22,SKU_0028,111,0,28.0,40
2023-10-29,SKU_0028,109,0,28.0,40
2023-11-05,SKU_0028,98,0,28.0,40
2023-11-12,SKU_0028,93,0,28.0,40
2023-11-19,SKU_0028,72,0,28.0,40
2023-11-26,SKU_0028,65,0,28.0,40
2023-12-03,SKU_0028,58,0,28.0,40
2023-12-10,SKU_0028,46,0,28.0,40
2023-12-17,SKU_0028,46,0,28.0,40
2023-12-24,SKU_0028,40,0,28.0,40
2023-12-31,SKU_0028,208,0,28.0,40
2024-01-07,SKU_0028,208,0,28.0,40
2024-01-14,SKU_0028,156,0,28.0,40
2024-01-21,SKU_0028,136,0,28.0,40
2024-01-28,SKU_0028,133,0,28.0,40
2024-02-04,SKU_0028,128,0,28.0,40
2024-02-11,SKU_0028,104,0,28.0,40
2024-02-18,SKU_0028,82,0,28.0,40
2024-02-25,SKU_0028,66,0,28.0,40
2024-03-03,SKU_0028,65,0,28.0,40
2024-03-10,SKU_0028,47,0,28.0,40
2024-03-17,SKU_0028,229,0,28.0,40
2024-03-24,SKU_0028,172,0,28.0,40
2024-03-31,SKU_0028,140,0,28.0,40
2024-04-07,SKU_0028,103,0,28.0,40
2024-04-14,SKU_0028,100,0,28.0,40
2024-04-21,SKU_0028,85,0,28.0,40
2024-04-28,SKU_0028,68,0,28.0,40
2024-05-05,SKU_0028,67,0,28.0,40
2024-05-12,SKU_0028,62,0,28.0,40
2024-05-19,SKU_0028,51,0,28.0,40
2024-05-26,SKU_0028,42,0,28.0,40
2024-06-02,SKU_0028,40,0,28.0,40
2024-06-09,SKU_0028,40,0,28.0,40
2024-06-16,SKU_0028,28,181,28.0,40
2024-06-23,SKU_0028,24,162,28.0,40
2024-06-30,SKU_0028,76,0,28.0,40
2024-07-07,SKU_0028,56,0,28.0,40
2024-07-14,SKU_0028,52,0,28.0,40
2024-07-21,SKU_0028,42,0,28.0,40
2024-07-28,SKU_0028,168,0,28.0,40
2024-08-04,SKU_0028,159,0,28.0,40
2024-08-11,SKU_0028,138,0,28.0,40
2024-08-18,SKU_0028,112,0,28.0,40
2024-08-25,SKU_0028,88,0,28.0,40
2024-09-01,SKU_0028,65,0,28.0,40
2024-09-08,SKU_0028,53,0,28.0,40
2024-09-15,SKU_0028,53,0,28.0,40
2024-09-22,SKU_0028,48,0,28.0,40
2024-09-29,SKU_0028,48,0,28.0,40
2024-10-06,SKU_0028,40,0,28.0,40
2024-10-13,SKU_0028,157,0,28.0,40
2024-10-20,SKU_0028,145,0,28.0,40
2024-10-27,SKU_0028,119,0,28.0,40
2024-11-03,SKU_0028,97,0,28.0,40
2024-11-10,SKU_0028,70,0,28.0,40
2024-11-17,SKU_0028,64,0,28.0,40
2024-11-24,SKU_0028,51,0,28.0,40
2024-12-01,SKU_0028,40,0,28.0,40
2024-12-08,SKU_0028,89,0,28.0,40
2024-12-15,SKU_0028,83,0,28.0,40
2024-12-22,SKU_0028,78,0,28.0,40
2024-12-29,SKU_0028,77,0,28.0,40
2023-01-01,SKU_0029,245,0,7.0,32
2023-01-08,SKU_0029,231,0,7.0,32
2023-01-15,SKU_0029,213,0,7.0,32
2023-01-22,SKU_0029,162,0,7.0,32
2023-01-29,SKU_0029,131,0,7.0,32
2023-02-05,SKU_0029,93,0,7.0,32
2023-02-12,SKU_0029,75,0,7.0,32
2023-02-19,SKU_0029,73,0,7.0,32
2023-02-26,SKU_0029,73,0,7.0,32
2023-03-05,SKU_0029,61,0,7.0,32
2023-03-12,SKU_0029,51,0,7.0,32
2023-03-19,SKU_0029,46,0,7.0,32
2023-03-26,SKU_0029,36,0,7.0,32
2023-04-02,SKU_0029,32,0,7.0,32
2023-04-09,SKU_0029,28,162,7.0,32
2023-04-16,SKU_0029,221,0,7.0,32
2023-04-23,SKU_0029,177,0,7.0,32
2023-04-30,SKU_0029,164,0,7.0,32
2023-05-07,SKU_0029,154,0,7.0,32
2023-05-14,SKU_0029,120,0,7.0,32
2023-05-21,SKU_0029,110,0,7.0,32
2023-05-28,SKU_0029,81,0,7.0,32
2023-06-04,SKU_0029,70,0,7.0,32
2023-06-11,SKU_0029,60,0,7.0,32
2023-06-18,SKU_0029,49,0,7.0,32
2023-06-25,SKU_0029,40,0,7.0,32
2023-07-02,SKU_0029,36,0,7.0,32
2023-07-09,SKU_0029,34,0,7.0,32
2023-07-16,SKU_0029,33,0,7.0,32
2023-07-23,SKU_0029,111,0,7.0,32
2023-07-30,SKU_0029,88,0,7.0,32
2023-08-06,SKU_0029,85,0,7.0,32
2023-08-13,SKU_0029,78,0,7.0,32
2023-08-20,SKU_0029,55,0,7.0,32
2023-08-27,SKU_0029,47,0,7.0,32
2023-09-03,SKU_0029,34,0,7.0,32
2023-09-10,SKU_0029,26,91,7.0,32
2023-09-17,SKU_0029,197,0,7.0,32
2023-09-24,SKU_0029,156,0,7.0,32
2023-10-01,SKU_0029,151,0,7.0,32
2023-10-08,SKU_0029,113,0,7.0,32
2023-10-15,SKU_0029,93,0,7.0,32
2023-10-22,SKU_0029,79,0,7.0,32
2023-10-29,SKU_0029,60,0,7.0,32
2023-11-05,SKU_0029,45,0,7.0,32
2023-11-12,SKU_0029,41,0,7.0,32
2023-11-19,SKU_0029,34,0,7.0,32
2023-11-26,SKU_0029,197,0,7.0,32
2023-12-03,SKU_0029,185,0,7.0,32
2023-12-10,SKU_0029,152,0,7.0,32
2023-12-17,SKU_0029,148,0,7.0,32
2023-12-24,SKU_0029,115,0,7.0,32
2023-12-31,SKU_0029,90,0,7.0,32
2024-01-07,SKU_0029,87,0,7.0,32
2024-01-14,SKU_0029,82,0,7.0,32
2024-01-21,SKU_0029,68,0,7.0,32
2024-01-28,SKU_0029,55,0,7.0,32
2024-02-04,SKU_0029,40,0,7.0,32
2024-02-11,SKU_0029,35,0,7.0,32
2024-02-18,SKU_0029,199,0,7.0,32
2024-02-25,SKU_0029,169,0,7.0,32
2024-03-03,SKU_0029,165,0,7.0,32
2024-03-10,SKU_0029,116,0,7.0,32
2024-03-17,SKU_0029,112,0,7.0,32
2024-03-24,SKU_0029,85,0,7.0,32
2024-03-31,SKU_0029,69,0,7.0,32
2024-04-07,SKU_0029,63,0,7.0,32
2024-04-14,SKU_0029,52,0,7.0,32
2024-04-21,SKU_0029,50,0,7.0,32
2024-04-28,SKU_0029,41,0,7.0,32
2024-05-05,SKU_0029,207,0,7.0,32
2024-05-12,SKU_0029,197,0,7.0,32
2024-05-19,SKU_0029,165,0,7.0,32
2024-05-26,SKU_0029,159,0,7.0,32
2024-06-02,SKU_0029,129,0,7.0,32
2024-06-09,SKU_0029,110,0,7.0,32
2024-06-16,SKU_0029,92,0,7.0,32
2024-06-23,SKU_0029,72,0,7.0,32
2024-06-30,SKU_0029,51,0,7.0,32
2024-07-07,SKU_0029,42,0,7.0,32
2024-07-14,SKU_0029,35,0,7.0,32
2024-07-21,SKU_0029,34,0,7.0,32
2024-07-28,SKU_0029,93,0,7.0,32
2024-08-04,SKU_0029,69,0,7.0,32
2024-08-11,SKU_0029,56,0,7.0,32
2024-08-18,SKU_0029,49,0,7.0,32
2024-08-25,SKU_0029,38,0,7.0,32
2024-09-01,SKU_0029,30,104,7.0,32
2024-09-08,SKU_0029,21,121,7.0,32
2024-09-15,SKU_0029,95,0,7.0,32
2024-09-22,SKU_0029,68,0,7.0,32
2024-09-29,SKU_0029,67,0,7.0,32
2024-10-06,SKU_0029,49,0,7.0,32
2024-10-13,SKU_0029,40,0,7.0,32
2024-10-20,SKU_0029,35,0,7.0,32
2024-10-27,SKU_0029,26,106,7.0,32
2024-11-03,SKU_0029,20,101,7.0,32
2024-11-10,SKU_0029,14,102,7.0,32
2024-11-17,SKU_0029,13,156,7.0,32
2024-11-24,SKU_0029,134,0,7.0,32
2024-12-01,SKU_0029,98,0,7.0,32
2024-12-08,SKU_0029,76,0,7.0,32
2024-12-15,SKU_0029,72,0,7.0,32
2024-12-22,SKU_0029,66,0,7.0,32
2024-12-29,SKU_0029,55,0,7.0,32
2023-01-01,SKU_0030,248,0,7.0,91
2023-01-08,SKU_0030,210,0,7.0,91
2023-01-15,SKU_0030,193,0,7.0,91
2023-01-22,SKU_0030,144,0,7.0,91
2023-01-29,SKU_0030,117,0,7.0,91
2023-02-05,SKU_0030,117,0,7.0,91
2023-02-12,SKU_0030,106,0,7.0,91
2023-02-19,SKU_0030,94,0,7.0,91
2023-02-26,SKU_0030,260,0,7.0,91
2023-03-05,SKU_0030,197,0,7.0,91
2023-03-12,SKU_0030,142,0,7.0,91
2023-03-19,SKU_0030,120,0,7.0,91
2023-03-26,SKU_0030,265,0,7.0,91
2023-04-02,SKU_0030,197,0,7.0,91
2023-04-09,SKU_0030,140,0,7.0,91
2023-04-16,SKU_0030,107,0,7.0,91
2023-04-23,SKU_0030,161,0,7.0,91
2023-04-30,SKU_0030,138,0,7.0,91
2023-05-07,SKU_0030,102,0,7.0,91
2023-05-14,SKU_0030,94,0,7.0,91
2023-05-21,SKU_0030,93,0,7.0,91
2023-05-28,SKU_0030,227,0,7.0,91
2023-06-04,SKU_0030,219,0,7.0,91
2023-06-11,SKU_0030,186,0,7.0,91
2023-06-18,SKU_0030,146,0,7.0,91
2023-06-25,SKU_0030,124,0,7.0,91
2023-07-02,SKU_0030,199,0,7.0,91
2023-07-09,SKU_0030,167,0,7.0,91
2023-07-16,SKU_0030,140,0,7.0,91
2023-07-23,SKU_0030,115,0,7.0,91
2023-07-30,SKU_0030,90,148,7.0,91
2023-08-06,SKU_0030,264,0,7.0,91
2023-08-13,SKU_0030,259,0,7.0,91
2023-08-20,SKU_0030,251,0,7.0,91
2023-08-27,SKU_0030,219,0,7.0,91
2023-09-03,SKU_0030,164,0,7.0,91
2023-09-10,SKU_0030,157,0,7.0,91
2023-09-17,SKU_0030,132,0,7.0,91
2023-09-24,SKU_0030,96,0,7.0,91
2023-10-01,SKU_0030,241,0,7.0,91
2023-10-08,SKU_0030,189,0,7.0,91
2023-10-15,SKU_0030,136,0,7.0,91
2023-10-22,SKU_0030,104,0,7.0,91
2023-10-29,SKU_0030,80,152,7.0,91
2023-11-05,SKU_0030,67,110,7.0,91
2023-11-12,SKU_0030,58,131,7.0,91
2023-11-19,SKU_0030,48,194,7.0,91
2023-11-26,SKU_0030,45,199,7.0,91
2023-12-03,SKU_0030,185,0,7.0,91
2023-12-10,SKU_0030,132,0,7.0,91
2023-12-17,SKU_0030,131,0,7.0,91
2023-12-24,SKU_0030,126,0,7.0,91
2023-12-31,SKU_0030,110,0,7.0,91
2024-01-07,SKU_0030,90,87,7.0,91
2024-01-14,SKU_0030,76,133,7.0,91
2024-01-21,SKU_0030,68,97,7.0,91
2024-01-28,SKU_0030,158,0,7.0,91
2024-02-04,SKU_0030,131,0,7.0,91
2024-02-11,SKU_0030,115,0,7.0,91
2024-02-18,SKU_0030,114,0,7.0,91
2024-02-25,SKU_0030,98,0,7.0,91
2024-03-03,SKU_0030,71,69,7.0,91
2024-03-10,SKU_0030,65,193,7.0,91
2024-03-17,SKU_0030,221,0,7.0,91
2024-03-24,SKU_0030,199,0,7.0,91
2024-03-31,SKU_0030,192,0,7.0,91
2024-04-07,SKU_0030,191,0,7.0,91
2024-04-14,SKU_0030,134,0,7.0,91
2024-04-21,SKU_0030,113,0,7.0,91
2024-04-28,SKU_0030,89,53,7.0,91
2024-05-05,SKU_0030,69,135,7.0,91
2024-05-12,SKU_0030,200,0,7.0,91
2024-05-19,SKU_0030,190,0,7.0,91
2024-05-26,SKU_0030,135,0,7.0,91
2024-06-02,SKU_0030,115,0,7.0,91
2024-06-09,SKU_0030,239,0,7.0,91
2024-06-16,SKU_0030,190,0,7.0,91
2024-06-23,SKU_0030,167,0,7.0,91
2024-06-30,SKU_0030,162,0,7.0,91
2024-07-07,SKU_0030,142,0,7.0,91
2024-07-14,SKU_0030,140,0,7.0,91
2024-07-21,SKU_0030,104,0,7.0,91
2024-07-28,SKU_0030,164,0,7.0,91
2024-08-04,SKU_0030,127,0,7.0,91
2024-08-11,SKU_0030,126,0,7.0,91
2024-08-18,SKU_0030,124,0,7.0,91
2024-08-25,SKU_0030,98,0,7.0,91
2024-09-01,SKU_0030,269,0,7.0,91
2024-09-08,SKU_0030,228,0,7.0,91
2024-09-15,SKU_0030,179,0,7.0,91
2024-09-22,SKU_0030,135,0,7.0,91
2024-09-29,SKU_0030,134,0,7.0,91
2024-10-06,SKU_0030,121,0,7.0,91
2024-10-13,SKU_0030,110,0,7.0,91
2024-10-20,SKU_0030,187,0,7.0,91
2024-10-27,SKU_0030,186,0,7.0,91
2024-11-03,SKU_0030,164,0,7.0,91
2024-11-10,SKU_0030,153,0,7.0,91
2024-11-17,SKU_0030,153,0,7.0,91
2024-11-24,SKU_0030,147,0,7.0,91
2024-12-01,SKU_0030,145,0,7.0,91
2024-12-08,SKU_0030,132,0,7.0,91
2024-12-15,SKU_0030,104,0,7.0,91
2024-12-22,SKU_0030,184,0,7.0,91
2024-12-29,SKU_0030,148,0,7.0,91
2023-01-01,SKU_0031,243,0,14.0,98
2023-01-08,SKU_0031,181,0,14.0,98
2023-01-15,SKU_0031,167,0,14.0,98
2023-01-22,SKU_0031,163,0,14.0,98
2023-01-29,SKU_0031,139,0,14.0,98
2023-02-05,SKU_0031,127,0,14.0,98
2023-02-12,SKU_0031,193,0,14.0,98
2023-02-19,SKU_0031,161,0,14.0,98
2023-02-26,SKU_0031,146,0,14.0,98
2023-03-05,SKU_0031,134,0,14.0,98
2023-03-12,SKU_0031,133,0,14.0,98
2023-03-19,SKU_0031,133,0,14.0,98
2023-03-26,SKU_0031,132,0,14.0,98
2023-04-02,SKU_0031,103,0,14.0,98
2023-04-09,SKU_0031,96,170,14.0,98
2023-04-16,SKU_0031,211,0,14.0,98
2023-04-23,SKU_0031,181,0,14.0,98
2023-04-30,SKU_0031,134,0,14.0,98
2023-05-07,SKU_0031,94,55,14.0,98
2023-05-14,SKU_0031,260,0,14.0,98
2023-05-21,SKU_0031,191,0,14.0,98
2023-05-28,SKU_0031,158,0,14.0,98
2023-06-04,SKU_0031,157,0,14.0,98
2023-06-11,SKU_0031,147,0,14.0,98
2023-06-18,SKU_0031,103,0,14.0,98
2023-06-25,SKU_0031,212,0,14.0,98
2023-07-02,SKU_0031,203,0,14.0,98
2023-07-09,SKU_0031,154,0,14.0,98
2023-07-16,SKU_0031,109,0,14.0,98
2023-07-23,SKU_0031,108,0,14.0,98
2023-07-30,SKU_0031,81,145,14.0,98
2023-08-06,SKU_0031,72,62,14.0,98
2023-08-13,SKU_0031,52,155,14.0,98
2023-08-20,SKU_0031,51,71,14.0,98
2023-08-27,SKU_0031,99,0,14.0,98
2023-09-03,SKU_0031,92,161,14.0,98
2023-09-10,SKU_0031,73,79,14.0,98
2023-09-17,SKU_0031,203,0,14.0,98
2023-09-24,SKU_0031,151,0,14.0,98
2023-10-01,SKU_0031,143,0,14.0,98
2023-10-08,SKU_0031,108,0,14.0,98
2023-10-15,SKU_0031,77,141,14.0,98
2023-10-22,SKU_0031,63,50,14.0,98
2023-10-29,SKU_0031,104,0,14.0,98
2023-11-05,SKU_0031,208,0,14.0,98
2023-11-12,SKU_0031,192,0,14.0,98
2023-11-19,SKU_0031,153,0,14.0,98
2023-11-26,SKU_0031,138,0,14.0,98
2023-12-03,SKU_0031,130,0,14.0,98
2023-12-10,SKU_0031,114,0,14.0,98
2023-12-17,SKU_0031,211,0,14.0,98
2023-12-24,SKU_0031,151,0,14.0,98
2023-12-31,SKU_0031,148,0,14.0,98
2024-01-07,SKU_0031,147,0,14.0,98
2024-01-14,SKU_0031,136,0,14.0,98
2024-01-21,SKU_0031,129,0,14.0,98
2024-01-28,SKU_0031,105,0,14.0,98
2024-02-04,SKU_0031,99,0,14.0,98
2024-02-11,SKU_0031,72,178,14.0,98
2024-02-18,SKU_0031,108,0,14.0,98
2024-02-25,SKU_0031,86,53,14.0,98
2024-03-03,SKU_0031,81,133,14.0,98
2024-03-10,SKU_0031,203,0,14.0,98
2024-03-17,SKU_0031,154,0,14.0,98
2024-03-24,SKU_0031,138,0,14.0,98
2024-03-31,SKU_0031,101,0,14.0,98
2024-04-07,SKU_0031,181,0,14.0,98
2024-04-14,SKU_0031,151,0,14.0,98
2024-04-21,SKU_0031,134,0,14.0,98
2024-04-28,SKU_0031,133,0,14.0,98
2024-05-05,SKU_0031,116,0,14.0,98
2024-05-12,SKU_0031,108,0,14.0,98
2024-05-19,SKU_0031,93,125,14.0,98
2024-05-26,SKU_0031,72,126,14.0,98
2024-06-02,SKU_0031,59,139,14.0,98
2024-06-09,SKU_0031,45,129,14.0,98
2024-06-16,SKU_0031,35,75,14.0,98
2024-06-23,SKU_0031,213,0,14.0,98
2024-06-30,SKU_0031,203,0,14.0,98
2024-07-07,SKU_0031,191,0,14.0,98
2024-07-14,SKU_0031,159,0,14.0,98
2024-07-21,SKU_0031,137,0,14.0,98
2024-07-28,SKU_0031,105,0,14.0,98
2024-08-04,SKU_0031,77,153,14.0,98
2024-08-11,SKU_0031,74,116,14.0,98
2024-08-18,SKU_0031,167,0,14.0,98
2024-08-25,SKU_0031,166,0,14.0,98
2024-09-01,SKU_0031,122,0,14.0,98
2024-09-08,SKU_0031,106,0,14.0,98
2024-09-15,SKU_0031,78,146,14.0,98
2024-09-22,SKU_0031,74,85,14.0,98
2024-09-29,SKU_0031,146,0,14.0,98
2024-10-06,SKU_0031,119,0,14.0,98
2024-10-13,SKU_0031,118,0,14.0,98
2024-10-20,SKU_0031,113,0,14.0,98
2024-10-27,SKU_0031,103,0,14.0,98
2024-11-03,SKU_0031,102,0,14.0,98
2024-11-10,SKU_0031,237,0,14.0,98
2024-11-17,SKU_0031,200,0,14.0,98
2024-11-24,SKU_0031,144,0,14.0,98
2024-12-01,SKU_0031,118,0,14.0,98
2024-12-08,SKU_0031,103,0,14.0,98
2024-12-15,SKU_0031,99,0,14.0,98
2024-12-22,SKU_0031,132,0,14.0,98
2024-12-29,SKU_0031,99,0,14.0,98
2023-01-01,SKU_0032,143,0,7.0,41
2023-01-08,SKU_0032,125,0,7.0,41
2023-01-15,SKU_0032,120,0,7.0,41
2023-01-22,SKU_0032,100,0,7.0,41
2023-01-29,SKU_0032,97,0,7.0,41
2023-02-05,SKU_0032,85,0,7.0,41
2023-02-12,SKU_0032,78,0,7.0,41
2023-02-19,SKU_0032,61,0,7.0,41
2023-02-26,SKU_0032,45,0,7.0,41
2023-03-05,SKU_0032,44,0,7.0,41
2023-03-12,SKU_0032,156,0,7.0,41
2023-03-19,SKU_0032,134,0,7.0,41
2023-03-26,SKU_0032,104,0,7.0,41
2023-04-02,SKU_0032,85,0,7.0,41
2023-04-09,SKU_0032,79,0,7.0,41
2023-04-16,SKU_0032,70,0,7.0,41
2023-04-23,SKU_0032,58,0,7.0,41
2023-04-30,SKU_0032,58,0,7.0,41
2023-05-07,SKU_0032,52,0,7.0,41
2023-05-14,SKU_0032,141,0,7.0,41
2023-05-21,SKU_0032,128,0,7.0,41
2023-05-28,SKU_0032,123,0,7.0,41
2023-06-04,SKU_0032,117,0,7.0,41
2023-06-11,SKU_0032,99,0,7.0,41
2023-06-18,SKU_0032,82,0,7.0,41
2023-06-25,SKU_0032,60,0,7.0,41
2023-07-02,SKU_0032,56,0,7.0,41
2023-07-09,SKU_0032,49,0,7.0,41
2023-07-16,SKU_0032,46,0,7.0,41
2023-07-23,SKU_0032,41,0,7.0,41
2023-07-30,SKU_0032,34,56,7.0,41
2023-08-06,SKU_0032,27,193,7.0,41
2023-08-13,SKU_0032,19,120,7.0,41
2023-08-20,SKU_0032,19,184,7.0,41
2023-08-27,SKU_0032,17,89,7.0,41
2023-09-03,SKU_0032,12,151,7.0,41
2023-09-10,SKU_0032,176,0,7.0,41
2023-09-17,SKU_0032,151,0,7.0,41
2023-09-24,SKU_0032,148,0,7.0,41
2023-10-01,SKU_0032,125,0,7.0,41
2023-10-08,SKU_0032,95,0,7.0,41
2023-10-15,SKU_0032,88,0,7.0,41
2023-10-22,SKU_0032,82,0,7.0,41
2023-10-29,SKU_0032,80,0,7.0,41
2023-11-05,SKU_0032,70,0,7.0,41
2023-11-12,SKU_0032,51,0,7.0,41
2023-11-19,SKU_0032,45,0,7.0,41
2023-11-26,SKU_0032,33,135,7.0,41
2023-12-03,SKU_0032,31,140,7.0,41
2023-12-10,SKU_0032,83,0,7.0,41
2023-12-17,SKU_0032,83,0,7.0,41
2023-12-24,SKU_0032,81,0,7.0,41
2023-12-31,SKU_0032,67,0,7.0,41
2024-01-07,SKU_0032,55,0,7.0,41
2024-01-14,SKU_0032,45,0,7.0,41
2024-01-21,SKU_0032,34,104,7.0,41
2024-01-28,SKU_0032,138,0,7.0,41
2024-02-04,SKU_0032,117,0,7.0,41
2024-02-11,SKU_0032,107,0,7.0,41
2024-02-18,SKU_0032,107,0,7.0,41
2024-02-25,SKU_0032,75,0,7.0,41
2024-03-03,SKU_0032,73,0,7.0,41
2024-03-10,SKU_0032,70,0,7.0,41
2024-03-17,SKU_0032,57,0,7.0,41
2024-03-24,SKU_0032,49,0,7.0,41
2024-03-31,SKU_0032,46,0,7.0,41
2024-04-07,SKU_0032,43,0,7.0,41
2024-04-14,SKU_0032,37,109,7.0,41
2024-04-21,SKU_0032,203,0,7.0,41
2024-04-28,SKU_0032,164,0,7.0,41
2024-05-05,SKU_0032,144,0,7.0,41
2024-05-12,SKU_0032,137,0,7.0,41
2024-05-19,SKU_0032,117,0,7.0,41
2024-05-26,SKU_0032,101,0,7.0,41
2024-06-02,SKU_0032,83,0,7.0,41
2024-06-09,SKU_0032,73,0,7.0,41
2024-06-16,SKU_0032,56,0,7.0,41
2024-06-23,SKU_0032,47,0,7.0,41
2024-06-30,SKU_0032,192,0,7.0,41
2024-07-07,SKU_0032,184,0,7.0,41
2024-07-14,SKU_0032,182,0,7.0,41
2024-07-21,SKU_0032,169,0,7.0,41
2024-07-28,SKU_0032,133,0,7.0,41
2024-08-04,SKU_0032,111,0,7.0,41
2024-08-11,SKU_0032,86,0,7.0,41
2024-08-18,SKU_0032,63,0,7.0,41
2024-08-25,SKU_0032,58,0,7.0,41
2024-09-01,SKU_0032,50,0,7.0,41
2024-09-08,SKU_0032,106,0,7.0,41
2024-09-15,SKU_0032,97,0,7.0,41
2024-09-22,SKU_0032,91,0,7.0,41
2024-09-29,SKU_0032,66,0,7.0,41
2024-10-06,SKU_0032,52,0,7.0,41
2024-10-13,SKU_0032,45,0,7.0,41
2024-10-20,SKU_0032,36,113,7.0,41
2024-10-27,SKU_0032,33,71,7.0,41
2024-11-03,SKU_0032,25,180,7.0,41
2024-11-10,SKU_0032,22,86,7.0,41
2024-11-17,SKU_0032,20,165,7.0,41
2024-11-24,SKU_0032,20,80,7.0,41
2024-12-01,SKU_0032,168,0,7.0,41
2024-12-08,SKU_0032,166,0,7.0,41
2024-12-15,SKU_0032,164,0,7.0,41
2024-12-22,SKU_0032,150,0,7.0,41
2024-12-29,SKU_0032,136,0,7.0,41
2023-01-01,SKU_0033,328,0,28.0,67
2023-01-08,SKU_0033,257,0,28.0,67
2023-01-15,SKU_0033,236,0,28.0,67
2023-01-22,SKU_0033,224,0,28.0,67
2023-01-29,SKU_0033,165,0,28.0,67
2023-02-05,SKU_0033,143,0,28.0,67
2023-02-12,SKU_0033,140,0,28.0,67
2023-02-19,SKU_0033,112,0,28.0,67
2023-02-26,SKU_0033,89,0,28.0,67
2023-03-05,SKU_0033,73,0,28.0,67
2023-03-12,SKU_0033,57,113,28.0,67
2023-03-19,SKU_0033,154,0,28.0,67
2023-03-26,SKU_0033,141,0,28.0,67
2023-04-02,SKU_0033,115,0,28.0,67
2023-04-09,SKU_0033,83,0,28.0,67
2023-04-16,SKU_0033,67,0,28.0,67
2023-04-23,SKU_0033,47,111,28.0,67
2023-04-30,SKU_0033,121,0,28.0,67
2023-05-07,SKU_0033,108,0,28.0,67
2023-05-14,SKU_0033,92,0,28.0,67
2023-05-21,SKU_0033,68,0,28.0,67
2023-05-28,SKU_0033,68,0,28.0,67
2023-06-04,SKU_0033,67,0,28.0,67
2023-06-11,SKU_0033,129,0,28.0,67
2023-06-18,SKU_0033,117,0,28.0,67
2023-06-25,SKU_0033,95,0,28.0,67
2023-07-02,SKU_0033,77,0,28.0,67
2023-07-09,SKU_0033,77,0,28.0,67
2023-07-16,SKU_0033,63,154,28.0,67
2023-07-23,SKU_0033,178,0,28.0,67
2023-07-30,SKU_0033,143,0,28.0,67
2023-08-06,SKU_0033,141,0,28.0,67
2023-08-13,SKU_0033,100,0,28.0,67
2023-08-20,SKU_0033,99,0,28.0,67
2023-08-27,SKU_0033,92,0,28.0,67
2023-09-03,SKU_0033,89,0,28.0,67
2023-09-10,SKU_0033,84,0,28.0,67
2023-09-17,SKU_0033,226,0,28.0,67
2023-09-24,SKU_0033,214,0,28.0,67
2023-10-01,SKU_0033,210,0,28.0,67
2023-10-08,SKU_0033,168,0,28.0,67
2023-10-15,SKU_0033,123,0,28.0,67
2023-10-22,SKU_0033,87,0,28.0,67
2023-10-29,SKU_0033,79,0,28.0,67
2023-11-05,SKU_0033,69,0,28.0,67
2023-11-12,SKU_0033,63,142,28.0,67
2023-11-19,SKU_0033,62,174,28.0,67
2023-11-26,SKU_0033,59,88,28.0,67
2023-12-03,SKU_0033,53,180,28.0,67
2023-12-10,SKU_0033,41,98,28.0,67
2023-12-17,SKU_0033,29,50,28.0,67
2023-12-24,SKU_0033,98,0,28.0,67
2023-12-31,SKU_0033,87,0,28.0,67
2024-01-07,SKU_0033,72,0,28.0,67
2024-01-14,SKU_0033,51,155,28.0,67
2024-01-21,SKU_0033,48,195,28.0,67
2024-01-28,SKU_0033,43,195,28.0,67
2024-02-04,SKU_0033,35,56,28.0,67
2024-02-11,SKU_0033,146,0,28.0,67
2024-02-18,SKU_0033,130,0,28.0,67
2024-02-25,SKU_0033,103,0,28.0,67
2024-03-03,SKU_0033,77,0,28.0,67
2024-03-10,SKU_0033,72,0,28.0,67
2024-03-17,SKU_0033,156,0,28.0,67
2024-03-24,SKU_0033,143,0,28.0,67
2024-03-31,SKU_0033,109,0,28.0,67
2024-04-07,SKU_0033,109,0,28.0,67
2024-04-14,SKU_0033,78,0,28.0,67
2024-04-21,SKU_0033,73,0,28.0,67
2024-04-28,SKU_0033,54,94,28.0,67
2024-05-05,SKU_0033,41,55,28.0,67
2024-05-12,SKU_0033,109,0,28.0,67
2024-05-19,SKU_0033,108,0,28.0,67
2024-05-26,SKU_0033,98,0,28.0,67
2024-06-02,SKU_0033,72,0,28.0,67
2024-06-09,SKU_0033,57,175,28.0,67
2024-06-16,SKU_0033,155,0,28.0,67
2024-06-23,SKU_0033,112,0,28.0,67
2024-06-30,SKU_0033,94,0,28.0,67
2024-07-07,SKU_0033,76,0,28.0,67
2024-07-14,SKU_0033,75,0,28.0,67
2024-07-21,SKU_0033,68,0,28.0,67
2024-07-28,SKU_0033,57,64,28.0,67
2024-08-04,SKU_0033,55,150,28.0,67
2024-08-11,SKU_0033,157,0,28.0,67
2024-08-18,SKU_0033,152,0,28.0,67
2024-08-25,SKU_0033,115,0,28.0,67
2024-09-01,SKU_0033,81,0,28.0,67
2024-09-08,SKU_0033,68,0,28.0,67
2024-09-15,SKU_0033,184,0,28.0,67
2024-09-22,SKU_0033,171,0,28.0,67
2024-09-29,SKU_0033,147,0,28.0,67
2024-10-06,SKU_0033,117,0,28.0,67
2024-10-13,SKU_0033,94,0,28.0,67
2024-10-20,SKU_0033,76,0,28.0,67
2024-10-27,SKU_0033,76,0,28.0,67
2024-11-03,SKU_0033,72,0,28.0,67
2024-11-10,SKU_0033,69,0,28.0,67
2024-11-17,SKU_0033,50,142,28.0,67
2024-11-24,SKU_0033,144,0,28.0,67
2024-12-01,SKU_0033,135,0,28.0,67
2024-12-08,SKU_0033,112,0,28.0,67
2024-12-15,SKU_0033,105,0,28.0,67
2024-12-22,SKU_0033,101,0,28.0,67
2024-12-29,SKU_0033,71,0,28.0,67
2023-01-01,SKU_0034,176,0,21.0,29
2023-01-08,SKU_0034,129,0,21.0,29
2023-01-15,SKU_0034,93,0,21.0,29
2023-01-22,SKU_0034,92,0,21.0,29
2023-01-29,SKU_0034,79,0,21.0,29
2023-02-05,SKU_0034,78,0,21.0,29
2023-02-12,SKU_0034,74,0,21.0,29
2023-02-19,SKU_0034,67,0,21.0,29
2023-02-26,SKU_0034,51,0,21.0,29
2023-03-05,SKU_0034,45,0,21.0,29
2023-03-12,SKU_0034,41,0,21.0,29
2023-03-19,SKU_0034,38,0,21.0,29
2023-03-26,SKU_0034,34,0,21.0,29
2023-04-02,SKU_0034,170,0,21.0,29
2023-04-09,SKU_0034,142,0,21.0,29
2023-04-16,SKU_0034,110,0,21.0,29
2023-04-23,SKU_0034,84,0,21.0,29
2023-04-30,SKU_0034,74,0,21.0,29
2023-05-07,SKU_0034,58,0,21.0,29
2023-05-14,SKU_0034,53,0,21.0,29
2023-05-21,SKU_0034,44,0,21.0,29
2023-05-28,SKU_0034,35,0,21.0,29
2023-06-04,SKU_0034,173,0,21.0,29
2023-06-11,SKU_0034,170,0,21.0,29
2023-06-18,SKU_0034,149,0,21.0,29
2023-06-25,SKU_0034,125,0,21.0,29
2023-07-02,SKU_0034,98,0,21.0,29
2023-07-09,SKU_0034,83,0,21.0,29
2023-07-16,SKU_0034,77,0,21.0,29
2023-07-23,SKU_0034,76,0,21.0,29
2023-07-30,SKU_0034,68,0,21.0,29
2023-08-06,SKU_0034,53,0,21.0,29
2023-08-13,SKU_0034,39,0,21.0,29
2023-08-20,SKU_0034,36,0,21.0,29
2023-08-27,SKU_0034,35,0,21.0,29
2023-09-03,SKU_0034,200,0,21.0,29
2023-09-10,SKU_0034,146,0,21.0,29
2023-09-17,SKU_0034,104,0,21.0,29
2023-09-24,SKU_0034,95,0,21.0,29
2023-10-01,SKU_0034,71,0,21.0,29
2023-10-08,SKU_0034,60,0,21.0,29
2023-10-15,SKU_0034,59,0,21.0,29
2023-10-22,SKU_0034,50,0,21.0,29
2023-10-29,SKU_0034,50,0,21.0,29
2023-11-05,SKU_0034,41,0,21.0,29
2023-11-12,SKU_0034,37,0,21.0,29
2023-11-19,SKU_0034,29,0,21.0,29
2023-11-26,SKU_0034,224,0,21.0,29
2023-12-03,SKU_0034,200,0,21.0,29
2023-12-10,SKU_0034,183,0,21.0,29
2023-12-17,SKU_0034,157,0,21.0,29
2023-12-24,SKU_0034,155,0,21.0,29
2023-12-31,SKU_0034,114,0,21.0,29
2024-01-07,SKU_0034,87,0,21.0,29
2024-01-14,SKU_0034,81,0,21.0,29
2024-01-21,SKU_0034,63,0,21.0,29
2024-01-28,SKU_0034,55,0,21.0,29
2024-02-04,SKU_0034,40,0,21.0,29
2024-02-11,SKU_0034,33,0,21.0,29
2024-02-18,SKU_0034,31,0,21.0,29
2024-02-25,SKU_0034,24,190,21.0,29
2024-03-03,SKU_0034,180,0,21.0,29
2024-03-10,SKU_0034,156,0,21.0,29
2024-03-17,SKU_0034,148,0,21.0,29
2024-03-24,SKU_0034,121,0,21.0,29
2024-03-31,SKU_0034,113,0,21.0,29
2024-04-07,SKU_0034,105,0,21.0,29
2024-04-14,SKU_0034,77,0,21.0,29
2024-04-21,SKU_0034,54,0,21.0,29
2024-04-28,SKU_0034,48,0,21.0,29
2024-05-05,SKU_0034,36,0,21.0,29
2024-05-12,SKU_0034,35,0,21.0,29
2024-05-19,SKU_0034,26,149,21.0,29
2024-05-26,SKU_0034,22,93,21.0,29
2024-06-02,SKU_0034,165,0,21.0,29
2024-06-09,SKU_0034,149,0,21.0,29
2024-06-16,SKU_0034,138,0,21.0,29
2024-06-23,SKU_0034,124,0,21.0,29
2024-06-30,SKU_0034,111,0,21.0,29
2024-07-07,SKU_0034,81,0,21.0,29
2024-07-14,SKU_0034,71,0,21.0,29
2024-07-21,SKU_0034,52,0,21.0,29
2024-07-28,SKU_0034,44,0,21.0,29
2024-08-04,SKU_0034,41,0,21.0,29
2024-08-11,SKU_0034,34,0,21.0,29
2024-08-18,SKU_0034,30,0,21.0,29
2024-08-25,SKU_0034,29,0,21.0,29
2024-09-01,SKU_0034,140,0,21.0,29
2024-09-08,SKU_0034,126,0,21.0,29
2024-09-15,SKU_0034,114,0,21.0,29
2024-09-22,SKU_0034,87,0,21.0,29
2024-09-29,SKU_0034,67,0,21.0,29
2024-10-06,SKU_0034,58,0,21.0,29
2024-10-13,SKU_0034,57,0,21.0,29
2024-10-20,SKU_0034,45,0,21.0,29
2024-10-27,SKU_0034,34,0,21.0,29
2024-11-03,SKU_0034,24,116,21.0,29
2024-11-10,SKU_0034,22,176,21.0,29
2024-11-17,SKU_0034,203,0,21.0,29
2024-11-24,SKU_0034,165,0,21.0,29
2024-12-01,SKU_0034,153,0,21.0,29
2024-12-08,SKU_0034,133,0,21.0,29
2024-12-15,SKU_0034,98,0,21.0,29
2024-12-22,SKU_0034,94,0,21.0,29
2024-12-29,SKU_0034,68,0,21.0,29
2023-01-01,SKU_0035,446,0,7.0,93
2023-01-08,SKU_0035,375,0,7.0,93
2023-01-15,SKU_0035,291,0,7.0,93
2023-01-22,SKU_0035,225,0,7.0,93
2023-01-29,SKU_0035,216,0,7.0,93
2023-02-05,SKU_0035,190,0,7.0,93
2023-02-12,SKU_0035,185,0,7.0,93
2023-02-19,SKU_0035,153,0,7.0,93
2023-02-26,SKU_0035,131,0,7.0,93
2023-03-05,SKU_0035,117,0,7.0,93
2023-03-12,SKU_0035,87,132,7.0,93
2023-03-19,SKU_0035,271,0,7.0,93
2023-03-26,SKU_0035,219,0,7.0,93
2023-04-02,SKU_0035,184,0,7.0,93
2023-04-09,SKU_0035,143,0,7.0,93
2023-04-16,SKU_0035,114,0,7.0,93
2023-04-23,SKU_0035,112,0,7.0,93
2023-04-30,SKU_0035,110,0,7.0,93
2023-05-07,SKU_0035,215,0,7.0,93
2023-05-14,SKU_0035,213,0,7.0,93
2023-05-21,SKU_0035,193,0,7.0,93
2023-05-28,SKU_0035,182,0,7.0,93
2023-06-04,SKU_0035,167,0,7.0,93
2023-06-11,SKU_0035,134,0,7.0,93
2023-06-18,SKU_0035,126,0,7.0,93
2023-06-25,SKU_0035,276,0,7.0,93
2023-07-02,SKU_0035,201,0,7.0,93
2023-07-09,SKU_0035,174,0,7.0,93
2023-07-16,SKU_0035,162,0,7.0,93
2023-07-23,SKU_0035,158,0,7.0,93
2023-07-30,SKU_0035,158,0,7.0,93
2023-08-06,SKU_0035,124,0,7.0,93
2023-08-13,SKU_0035,101,0,7.0,93
2023-08-20,SKU_0035,90,96,7.0,93
2023-08-27,SKU_0035,75,150,7.0,93
2023-09-03,SKU_0035,67,54,7.0,93
2023-09-10,SKU_0035,212,0,7.0,93
2023-09-17,SKU_0035,207,0,7.0,93
2023-09-24,SKU_0035,171,0,7.0,93
2023-10-01,SKU_0035,131,0,7.0,93
2023-10-08,SKU_0035,126,0,7.0,93
2023-10-15,SKU_0035,113,0,7.0,93
2023-10-22,SKU_0035,112,0,7.0,93
2023-10-29,SKU_0035,268,0,7.0,93
2023-11-05,SKU_0035,259,0,7.0,93
2023-11-12,SKU_0035,241,0,7.0,93
2023-11-19,SKU_0035,195,0,7.0,93
2023-11-26,SKU_0035,174,0,7.0,93
2023-12-03,SKU_0035,165,0,7.0,93
2023-12-10,SKU_0035,153,0,7.0,93
2023-12-17,SKU_0035,135,0,7.0,93
2023-12-24,SKU_0035,98,0,7.0,93
2023-12-31,SKU_0035,236,0,7.0,93
2024-01-07,SKU_0035,200,0,7.0,93
2024-01-14,SKU_0035,186,0,7.0,93
2024-01-21,SKU_0035,184,0,7.0,93
2024-01-28,SKU_0035,129,0,7.0,93
2024-02-04,SKU_0035,154,0,7.0,93
2024-02-11,SKU_0035,150,0,7.0,93
2024-02-18,SKU_0035,125,0,7.0,93
2024-02-25,SKU_0035,90,158,7.0,93
2024-03-03,SKU_0035,90,79,7.0,93
2024-03-10,SKU_0035,182,0,7.0,93
2024-03-17,SKU_0035,152,0,7.0,93
2024-03-24,SKU_0035,122,0,7.0,93
2024-03-31,SKU_0035,99,0,7.0,93
2024-04-07,SKU_0035,92,106,7.0,93
2024-04-14,SKU_0035,214,0,7.0,93
2024-04-21,SKU_0035,165,0,7.0,93
2024-04-28,SKU_0035,136,0,7.0,93
2024-05-05,SKU_0035,104,0,7.0,93
2024-05-12,SKU_0035,98,0,7.0,93
2024-05-19,SKU_0035,182,0,7.0,93
2024-05-26,SKU_0035,159,0,7.0,93
2024-06-02,SKU_0035,133,0,7.0,93
2024-06-09,SKU_0035,105,0,7.0,93
2024-06-16,SKU_0035,97,0,7.0,93
2024-06-23,SKU_0035,73,101,7.0,93
2024-06-30,SKU_0035,229,0,7.0,93
2024-07-07,SKU_0035,214,0,7.0,93
2024-07-14,SKU_0035,153,0,7.0,93
2024-07-21,SKU_0035,149,0,7.0,93
2024-07-28,SKU_0035,142,0,7.0,93
2024-08-04,SKU_0035,138,0,7.0,93
2024-08-11,SKU_0035,108,0,7.0,93
2024-08-18,SKU_0035,178,0,7.0,93
2024-08-25,SKU_0035,146,0,7.0,93
2024-09-01,SKU_0035,120,0,7.0,93
2024-09-08,SKU_0035,105,0,7.0,93
2024-09-15,SKU_0035,169,0,7.0,93
2024-09-22,SKU_0035,122,0,7.0,93
2024-09-29,SKU_0035,108,0,7.0,93
2024-10-06,SKU_0035,100,0,7.0,93
2024-10-13,SKU_0035,83,175,7.0,93
2024-10-20,SKU_0035,176,0,7.0,93
2024-10-27,SKU_0035,129,0,7.0,93
2024-11-03,SKU_0035,117,0,7.0,93
2024-11-10,SKU_0035,222,0,7.0,93
2024-11-17,SKU_0035,175,0,7.0,93
2024-11-24,SKU_0035,160,0,7.0,93
2024-12-01,SKU_0035,133,0,7.0,93
2024-12-08,SKU_0035,94,0,7.0,93
2024-12-15,SKU_0035,67,51,7.0,93
2024-12-22,SKU_0035,111,0,7.0,93
2024-12-29,SKU_0035,106,0,7.0,93
2023-01-01,SKU_0036,358,0,7.0,91
2023-01-08,SKU_0036,308,0,7.0,91
2023-01-15,SKU_0036,287,0,7.0,91
2023-01-22,SKU_0036,266,0,7.0,91
2023-01-29,SKU_0036,259,0,7.0,91
2023-02-05,SKU_0036,205,0,7.0,91
2023-02-12,SKU_0036,172,0,7.0,91
2023-02-19,SKU_0036,149,0,7.0,91
2023-02-26,SKU_0036,106,0,7.0,91
2023-03-05,SKU_0036,102,0,7.0,91
2023-03-12,SKU_0036,101,0,7.0,91
2023-03-19,SKU_0036,92,0,7.0,91
2023-03-26,SKU_0036,75,65,7.0,91
2023-04-02,SKU_0036,214,0,7.0,91
2023-04-09,SKU_0036,166,0,7.0,91
2023-04-16,SKU_0036,119,0,7.0,91
2023-04-23,SKU_0036,103,0,7.0,91
2023-04-30,SKU_0036,200,0,7.0,91
2023-05-07,SKU_0036,199,0,7.0,91
2023-05-14,SKU_0036,171,0,7.0,91
2023-05-21,SKU_0036,154,0,7.0,91
2023-05-28,SKU_0036,134,0,7.0,91
2023-06-04,SKU_0036,121,0,7.0,91
2023-06-11,SKU_0036,106,0,7.0,91
2023-06-18,SKU_0036,85,196,7.0,91
2023-06-25,SKU_0036,201,0,7.0,91
2023-07-02,SKU_0036,185,0,7.0,91
2023-07-09,SKU_0036,130,0,7.0,91
2023-07-16,SKU_0036,120,0,7.0,91
2023-07-23,SKU_0036,95,0,7.0,91
2023-07-30,SKU_0036,251,0,7.0,91
2023-08-06,SKU_0036,218,0,7.0,91
2023-08-13,SKU_0036,216,0,7.0,91
2023-08-20,SKU_0036,201,0,7.0,91
2023-08-27,SKU_0036,179,0,7.0,91
2023-09-03,SKU_0036,178,0,7.0,91
2023-09-10,SKU_0036,150,0,7.0,91
2023-09-17,SKU_0036,113,0,7.0,91
2023-09-24,SKU_0036,92,0,7.0,91
2023-10-01,SKU_0036,144,0,7.0,91
2023-10-08,SKU_0036,118,0,7.0,91
2023-10-15,SKU_0036,108,0,7.0,91
2023-10-22,SKU_0036,202,0,7.0,91
2023-10-29,SKU_0036,145,0,7.0,91
2023-11-05,SKU_0036,109,0,7.0,91
2023-11-12,SKU_0036,106,0,7.0,91
2023-11-19,SKU_0036,94,0,7.0,91
2023-11-26,SKU_0036,255,0,7.0,91
2023-12-03,SKU_0036,243,0,7.0,91
2023-12-10,SKU_0036,174,0,7.0,91
2023-12-17,SKU_0036,158,0,7.0,91
2023-12-24,SKU_0036,118,0,7.0,91
2023-12-31,SKU_0036,90,95,7.0,91
2024-01-07,SKU_0036,231,0,7.0,91
2024-01-14,SKU_0036,194,0,7.0,91
2024-01-21,SKU_0036,143,0,7.0,91
2024-01-28,SKU_0036,139,0,7.0,91
2024-02-04,SKU_0036,108,0,7.0,91
2024-02-11,SKU_0036,176,0,7.0,91
2024-02-18,SKU_0036,145,0,7.0,91
2024-02-25,SKU_0036,112,0,7.0,91
2024-03-03,SKU_0036,103,0,7.0,91
2024-03-10,SKU_0036,86,170,7.0,91
2024-03-17,SKU_0036,70,71,7.0,91
2024-03-24,SKU_0036,62,164,7.0,91
2024-03-31,SKU_0036,61,182,7.0,91
2024-04-07,SKU_0036,174,0,7.0,91
2024-04-14,SKU_0036,153,0,7.0,91
2024-04-21,SKU_0036,139,0,7.0,91
2024-04-28,SKU_0036,123,0,7.0,91
2024-05-05,SKU_0036,87,180,7.0,91
2024-05-12,SKU_0036,260,0,7.0,91
2024-05-19,SKU_0036,233,0,7.0,91
2024-05-26,SKU_0036,204,0,7.0,91
2024-06-02,SKU_0036,153,0,7.0,91
2024-06-09,SKU_0036,113,0,7.0,91
2024-06-16,SKU_0036,97,0,7.0,91
2024-06-23,SKU_0036,213,0,7.0,91
2024-06-30,SKU_0036,158,0,7.0,91
2024-07-07,SKU_0036,141,0,7.0,91
2024-07-14,SKU_0036,107,0,7.0,91
2024-07-21,SKU_0036,96,0,7.0,91
2024-07-28,SKU_0036,173,0,7.0,91
2024-08-04,SKU_0036,133,0,7.0,91
2024-08-11,SKU_0036,129,0,7.0,91
2024-08-18,SKU_0036,114,0,7.0,91
2024-08-25,SKU_0036,157,0,7.0,91
2024-09-01,SKU_0036,113,0,7.0,91
2024-09-08,SKU_0036,274,0,7.0,91
2024-09-15,SKU_0036,201,0,7.0,91
2024-09-22,SKU_0036,168,0,7.0,91
2024-09-29,SKU_0036,155,0,7.0,91
2024-10-06,SKU_0036,124,0,7.0,91
2024-10-13,SKU_0036,105,0,7.0,91
2024-10-20,SKU_0036,86,73,7.0,91
2024-10-27,SKU_0036,61,127,7.0,91
2024-11-03,SKU_0036,44,158,7.0,91
2024-11-10,SKU_0036,155,0,7.0,91
2024-11-17,SKU_0036,123,0,7.0,91
2024-11-24,SKU_0036,104,0,7.0,91
2024-12-01,SKU_0036,88,187,7.0,91
2024-12-08,SKU_0036,74,59,7.0,91
2024-12-15,SKU_0036,56,166,7.0,91
2024-12-22,SKU_0036,46,96,7.0,91
2024-12-29,SKU_0036,92,0,7.0,91
2023-01-01,SKU_0037,145,0,21.0,30
2023-01-08,SKU_0037,126,0,21.0,30
2023-01-15,SKU_0037,106,0,21.0,30
2023-01-22,SKU_0037,92,0,21.0,30
2023-01-29,SKU_0037,83,0,21.0,30
2023-02-05,SKU_0037,61,0,21.0,30
2023-02-12,SKU_0037,46,0,21.0,30
2023-02-19,SKU_0037,40,0,21.0,30
2023-02-26,SKU_0037,28,123,21.0,30
2023-03-05,SKU_0037,86,0,21.0,30
2023-03-12,SKU_0037,67,0,21.0,30
2023-03-19,SKU_0037,67,0,21.0,30
2023-03-26,SKU_0037,55,0,21.0,30
2023-04-02,SKU_0037,55,0,21.0,30
2023-04-09,SKU_0037,39,0,21.0,30
2023-04-16,SKU_0037,181,0,21.0,30
2023-04-23,SKU_0037,181,0,21.0,30
2023-04-30,SKU_0037,140,0,21.0,30
2023-05-07,SKU_0037,131,0,21.0,30
2023-05-14,SKU_0037,108,0,21.0,30
2023-05-21,SKU_0037,87,0,21.0,30
2023-05-28,SKU_0037,83,0,21.0,30
2023-06-04,SKU_0037,69,0,21.0,30
2023-06-11,SKU_0037,53,0,21.0,30
2023-06-18,SKU_0037,41,0,21.0,30
2023-06-25,SKU_0037,33,0,21.0,30
2023-07-02,SKU_0037,33,0,21.0,30
2023-07-09,SKU_0037,32,0,21.0,30
2023-07-16,SKU_0037,29,107,21.0,30
2023-07-23,SKU_0037,21,91,21.0,30
2023-07-30,SKU_0037,18,178,21.0,30
2023-08-06,SKU_0037,175,0,21.0,30
2023-08-13,SKU_0037,147,0,21.0,30
2023-08-20,SKU_0037,120,0,21.0,30
2023-08-27,SKU_0037,85,0,21.0,30
2023-09-03,SKU_0037,68,0,21.0,30
2023-09-10,SKU_0037,66,0,21.0,30
2023-09-17,SKU_0037,52,0,21.0,30
2023-09-24,SKU_0037,49,0,21.0,30
2023-10-01,SKU_0037,35,0,21.0,30
2023-10-08,SKU_0037,31,0,21.0,30
2023-10-15,SKU_0037,148,0,21.0,30
2023-10-22,SKU_0037,111,0,21.0,30
2023-10-29,SKU_0037,90,0,21.0,30
2023-11-05,SKU_0037,87,0,21.0,30
2023-11-12,SKU_0037,80,0,21.0,30
2023-11-19,SKU_0037,67,0,21.0,30
2023-11-26,SKU_0037,51,0,21.0,30
2023-12-03,SKU_0037,49,0,21.0,30
2023-12-10,SKU_0037,39,0,21.0,30
2023-12-17,SKU_0037,39,0,21.0,30
2023-12-24,SKU_0037,33,0,21.0,30
2023-12-31,SKU_0037,30,0,21.0,30
2024-01-07,SKU_0037,30,0,21.0,30
2024-01-14,SKU_0037,154,0,21.0,30
2024-01-21,SKU_0037,114,0,21.0,30
2024-01-28,SKU_0037,93,0,21.0,30
2024-02-04,SKU_0037,83,0,21.0,30
2024-02-11,SKU_0037,73,0,21.0,30
2024-02-18,SKU_0037,63,0,21.0,30
2024-02-25,SKU_0037,45,0,21.0,30
2024-03-03,SKU_0037,38,0,21.0,30
2024-03-10,SKU_0037,38,0,21.0,30
2024-03-17,SKU_0037,33,0,21.0,30
2024-03-24,SKU_0037,30,0,21.0,30
2024-03-31,SKU_0037,26,145,21.0,30
2024-04-07,SKU_0037,26,98,21.0,30
2024-04-14,SKU_0037,20,79,21.0,30
2024-04-21,SKU_0037,18,132,21.0,30
2024-04-28,SKU_0037,153,0,21.0,30
2024-05-05,SKU_0037,146,0,21.0,30
2024-05-12,SKU_0037,135,0,21.0,30
2024-05-19,SKU_0037,109,0,21.0,30
2024-05-26,SKU_0037,82,0,21.0,30
2024-06-02,SKU_0037,73,0,21.0,30
2024-06-09,SKU_0037,59,0,21.0,30
2024-06-16,SKU_0037,47,0,21.0,30
2024-06-23,SKU_0037,45,0,21.0,30
2024-06-30,SKU_0037,39,0,21.0,30
2024-07-07,SKU_0037,33,0,21.0,30
2024-07-14,SKU_0037,179,0,21.0,30
2024-07-21,SKU_0037,165,0,21.0,30
2024-07-28,SKU_0037,158,0,21.0,30
2024-08-04,SKU_0037,114,0,21.0,30
2024-08-11,SKU_0037,94,0,21.0,30
2024-08-18,SKU_0037,80,0,21.0,30
2024-08-25,SKU_0037,59,0,21.0,30
2024-09-01,SKU_0037,52,0,21.0,30
2024-09-08,SKU_0037,44,0,21.0,30
2024-09-15,SKU_0037,44,0,21.0,30
2024-09-22,SKU_0037,42,0,21.0,30
2024-09-29,SKU_0037,41,0,21.0,30
2024-10-06,SKU_0037,33,0,21.0,30
2024-10-13,SKU_0037,32,0,21.0,30
2024-10-20,SKU_0037,32,0,21.0,30
2024-10-27,SKU_0037,31,0,21.0,30
2024-11-03,SKU_0037,124,0,21.0,30
2024-11-10,SKU_0037,122,0,21.0,30
2024-11-17,SKU_0037,114,0,21.0,30
2024-11-24,SKU_0037,114,0,21.0,30
2024-12-01,SKU_0037,80,0,21.0,30
2024-12-08,SKU_0037,80,0,21.0,30
2024-12-15,SKU_0037,80,0,21.0,30
2024-12-22,SKU_0037,62,0,21.0,30
2024-12-29,SKU_0037,49,0,21.0,30
2023-01-01,SKU_0038,305,0,7.0,22
2023-01-08,SKU_0038,223,0,7.0,22
2023-01-15,SKU_0038,165,0,7.0,22
2023-01-22,SKU_0038,154,0,7.0,22
2023-01-29,SKU_0038,141,0,7.0,22
2023-02-05,SKU_0038,111,0,7.0,22
2023-02-12,SKU_0038,105,0,7.0,22
2023-02-19,SKU_0038,93,0,7.0,22
2023-02-26,SKU_0038,91,0,7.0,22
2023-03-05,SKU_0038,79,0,7.0,22
2023-03-12,SKU_0038,65,0,7.0,22
2023-03-19,SKU_0038,62,0,7.0,22
2023-03-26,SKU_0038,53,0,7.0,22
2023-04-02,SKU_0038,46,0,7.0,22
2023-04-09,SKU_0038,34,0,7.0,22
2023-04-16,SKU_0038,28,0,7.0,22
2023-04-23,SKU_0038,27,0,7.0,22
2023-04-30,SKU_0038,23,0,7.0,22
2023-05-07,SKU_0038,135,0,7.0,22
2023-05-14,SKU_0038,97,0,7.0,22
2023-05-21,SKU_0038,87,0,7.0,22
2023-05-28,SKU_0038,75,0,7.0,22
2023-06-04,SKU_0038,64,0,7.0,22
2023-06-11,SKU_0038,50,0,7.0,22
2023-06-18,SKU_0038,45,0,7.0,22
2023-06-25,SKU_0038,36,0,7.0,22
2023-07-02,SKU_0038,29,0,7.0,22
2023-07-09,SKU_0038,28,0,7.0,22
2023-07-16,SKU_0038,20,72,7.0,22
2023-07-23,SKU_0038,77,0,7.0,22
2023-07-30,SKU_0038,68,0,7.0,22
2023-08-06,SKU_0038,55,0,7.0,22
2023-08-13,SKU_0038,51,0,7.0,22
2023-08-20,SKU_0038,41,0,7.0,22
2023-08-27,SKU_0038,40,0,7.0,22
2023-09-03,SKU_0038,36,0,7.0,22
2023-09-10,SKU_0038,32,0,7.0,22
2023-09-17,SKU_0038,27,0,7.0,22
2023-09-24,SKU_0038,26,0,7.0,22
2023-10-01,SKU_0038,20,106,7.0,22
2023-10-08,SKU_0038,14,145,7.0,22
2023-10-15,SKU_0038,14,187,7.0,22
2023-10-22,SKU_0038,88,0,7.0,22
2023-10-29,SKU_0038,73,0,7.0,22
2023-11-05,SKU_0038,57,0,7.0,22
2023-11-12,SKU_0038,47,0,7.0,22
2023-11-19,SKU_0038,37,0,7.0,22
2023-11-26,SKU_0038,32,0,7.0,22
2023-12-03,SKU_0038,32,0,7.0,22
2023-12-10,SKU_0038,29,0,7.0,22
2023-12-17,SKU_0038,25,0,7.0,22
2023-12-24,SKU_0038,95,0,7.0,22
2023-12-31,SKU_0038,71,0,7.0,22
2024-01-07,SKU_0038,57,0,7.0,22
2024-01-14,SKU_0038,41,0,7.0,22
2024-01-21,SKU_0038,35,0,7.0,22
2024-01-28,SKU_0038,26,0,7.0,22
2024-02-04,SKU_0038,22,0,7.0,22
2024-02-11,SKU_0038,99,0,7.0,22
2024-02-18,SKU_0038,70,0,7.0,22
2024-02-25,SKU_0038,67,0,7.0,22
2024-03-03,SKU_0038,48,0,7.0,22
2024-03-10,SKU_0038,45,0,7.0,22
2024-03-17,SKU_0038,43,0,7.0,22
2024-03-24,SKU_0038,34,0,7.0,22
2024-03-31,SKU_0038,30,0,7.0,22
2024-04-07,SKU_0038,25,0,7.0,22
2024-04-14,SKU_0038,19,58,7.0,22
2024-04-21,SKU_0038,172,0,7.0,22
2024-04-28,SKU_0038,155,0,7.0,22
2024-05-05,SKU_0038,136,0,7.0,22
2024-05-12,SKU_0038,130,0,7.0,22
2024-05-19,SKU_0038,97,0,7.0,22
2024-05-26,SKU_0038,83,0,7.0,22
2024-06-02,SKU_0038,83,0,7.0,22
2024-06-09,SKU_0038,60,0,7.0,22
2024-06-16,SKU_0038,57,0,7.0,22
2024-06-23,SKU_0038,50,0,7.0,22
2024-06-30,SKU_0038,44,0,7.0,22
2024-07-07,SKU_0038,40,0,7.0,22
2024-07-14,SKU_0038,37,0,7.0,22
2024-07-21,SKU_0038,33,0,7.0,22
2024-07-28,SKU_0038,28,0,7.0,22
2024-08-04,SKU_0038,28,0,7.0,22
2024-08-11,SKU_0038,26,0,7.0,22
2024-08-18,SKU_0038,189,0,7.0,22
2024-08-25,SKU_0038,171,0,7.0,22
2024-09-01,SKU_0038,141,0,7.0,22
2024-09-08,SKU_0038,127,0,7.0,22
2024-09-15,SKU_0038,105,0,7.0,22
2024-09-22,SKU_0038,80,0,7.0,22
2024-09-29,SKU_0038,57,0,7.0,22
2024-10-06,SKU_0038,56,0,7.0,22
2024-10-13,SKU_0038,46,0,7.0,22
2024-10-20,SKU_0038,39,0,7.0,22
2024-10-27,SKU_0038,29,0,7.0,22
2024-11-03,SKU_0038,28,0,7.0,22
2024-11-10,SKU_0038,23,0,7.0,22
2024-11-17,SKU_0038,22,0,7.0,22
2024-11-24,SKU_0038,22,0,7.0,22
2024-12-01,SKU_0038,140,0,7.0,22
2024-12-08,SKU_0038,112,0,7.0,22
2024-12-15,SKU_0038,99,0,7.0,22
2024-12-22,SKU_0038,94,0,7.0,22
2024-12-29,SKU_0038,74,0,7.0,22
2023-01-01,SKU_0039,228,0,14.0,52
2023-01-08,SKU_0039,185,0,14.0,52
2023-01-15,SKU_0039,156,0,14.0,52
2023-01-22,SKU_0039,110,0,14.0,52
2023-01-29,SKU_0039,79,0,14.0,52
2023-02-05,SKU_0039,75,0,14.0,52
2023-02-12,SKU_0039,75,0,14.0,52
2023-02-19,SKU_0039,67,0,14.0,52
2023-02-26,SKU_0039,48,59,14.0,52
2023-03-05,SKU_0039,208,0,14.0,52
2023-03-12,SKU_0039,171,0,14.0,52
2023-03-19,SKU_0039,132,0,14.0,52
2023-03-26,SKU_0039,125,0,14.0,52
2023-04-02,SKU_0039,91,0,14.0,52
2023-04-09,SKU_0039,90,0,14.0,52
2023-04-16,SKU_0039,64,0,14.0,52
2023-04-23,SKU_0039,99,0,14.0,52
2023-04-30,SKU_0039,97,0,14.0,52
2023-05-07,SKU_0039,78,0,14.0,52
2023-05-14,SKU_0039,58,0,14.0,52
2023-05-21,SKU_0039,203,0,14.0,52
2023-05-28,SKU_0039,164,0,14.0,52
2023-06-04,SKU_0039,146,0,14.0,52
2023-06-11,SKU_0039,111,0,14.0,52
2023-06-18,SKU_0039,88,0,14.0,52
2023-06-25,SKU_0039,68,0,14.0,52
2023-07-02,SKU_0039,55,0,14.0,52
2023-07-09,SKU_0039,40,181,14.0,52
2023-07-16,SKU_0039,207,0,14.0,52
2023-07-23,SKU_0039,151,0,14.0,52
2023-07-30,SKU_0039,110,0,14.0,52
2023-08-06,SKU_0039,95,0,14.0,52
2023-08-13,SKU_0039,67,0,14.0,52
2023-08-20,SKU_0039,62,0,14.0,52
2023-08-27,SKU_0039,55,0,14.0,52
2023-09-03,SKU_0039,51,89,14.0,52
2023-09-10,SKU_0039,42,60,14.0,52
2023-09-17,SKU_0039,36,164,14.0,52
2023-09-24,SKU_0039,33,86,14.0,52
2023-10-01,SKU_0039,26,195,14.0,52
2023-10-08,SKU_0039,88,0,14.0,52
2023-10-15,SKU_0039,77,0,14.0,52
2023-10-22,SKU_0039,54,0,14.0,52
2023-10-29,SKU_0039,192,0,14.0,52
2023-11-05,SKU_0039,178,0,14.0,52
2023-11-12,SKU_0039,158,0,14.0,52
2023-11-19,SKU_0039,135,0,14.0,52
2023-11-26,SKU_0039,100,0,14.0,52
2023-12-03,SKU_0039,90,0,14.0,52
2023-12-10,SKU_0039,81,0,14.0,52
2023-12-17,SKU_0039,74,0,14.0,52
2023-12-24,SKU_0039,61,0,14.0,52
2023-12-31,SKU_0039,59,0,14.0,52
2024-01-07,SKU_0039,57,0,14.0,52
2024-01-14,SKU_0039,54,0,14.0,52
2024-01-21,SKU_0039,42,130,14.0,52
2024-01-28,SKU_0039,197,0,14.0,52
2024-02-04,SKU_0039,182,0,14.0,52
2024-02-11,SKU_0039,166,0,14.0,52
2024-02-18,SKU_0039,159,0,14.0,52
2024-02-25,SKU_0039,128,0,14.0,52
2024-03-03,SKU_0039,111,0,14.0,52
2024-03-10,SKU_0039,79,0,14.0,52
2024-03-17,SKU_0039,74,0,14.0,52
2024-03-24,SKU_0039,74,0,14.0,52
2024-03-31,SKU_0039,63,0,14.0,52
2024-04-07,SKU_0039,58,0,14.0,52
2024-04-14,SKU_0039,164,0,14.0,52
2024-04-21,SKU_0039,125,0,14.0,52
2024-04-28,SKU_0039,92,0,14.0,52
2024-05-05,SKU_0039,91,0,14.0,52
2024-05-12,SKU_0039,89,0,14.0,52
2024-05-19,SKU_0039,84,0,14.0,52
2024-05-26,SKU_0039,80,0,14.0,52
2024-06-02,SKU_0039,71,0,14.0,52
2024-06-09,SKU_0039,56,0,14.0,52
2024-06-16,SKU_0039,50,78,14.0,52
2024-06-23,SKU_0039,43,62,14.0,52
2024-06-30,SKU_0039,187,0,14.0,52
2024-07-07,SKU_0039,158,0,14.0,52
2024-07-14,SKU_0039,153,0,14.0,52
2024-07-21,SKU_0039,109,0,14.0,52
2024-07-28,SKU_0039,82,0,14.0,52
2024-08-04,SKU_0039,79,0,14.0,52
2024-08-11,SKU_0039,62,0,14.0,52
2024-08-18,SKU_0039,54,0,14.0,52
2024-08-25,SKU_0039,126,0,14.0,52
2024-09-01,SKU_0039,114,0,14.0,52
2024-09-08,SKU_0039,97,0,14.0,52
2024-09-15,SKU_0039,82,0,14.0,52
2024-09-22,SKU_0039,74,0,14.0,52
2024-09-29,SKU_0039,60,0,14.0,52
2024-10-06,SKU_0039,45,147,14.0,52
2024-10-13,SKU_0039,38,106,14.0,52
2024-10-20,SKU_0039,35,121,14.0,52
2024-10-27,SKU_0039,28,150,14.0,52
2024-11-03,SKU_0039,23,134,14.0,52
2024-11-10,SKU_0039,20,121,14.0,52
2024-11-17,SKU_0039,14,65,14.0,52
2024-11-24,SKU_0039,14,186,14.0,52
2024-12-01,SKU_0039,10,68,14.0,52
2024-12-08,SKU_0039,9,158,14.0,52
2024-12-15,SKU_0039,60,0,14.0,52
2024-12-22,SKU_0039,109,0,14.0,52
2024-12-29,SKU_0039,88,0,14.0,52
2023-01-01,SKU_0040,212,0,28.0,55
2023-01-08,SKU_0040,151,0,28.0,55
2023-01-15,SKU_0040,142,0,28.0,55
2023-01-22,SKU_0040,126,0,28.0,55
2023-01-29,SKU_0040,117,0,28.0,55
2023-02-05,SKU_0040,100,0,28.0,55
2023-02-12,SKU_0040,82,0,28.0,55
2023-02-19,SKU_0040,80,0,28.0,55
2023-02-26,SKU_0040,70,0,28.0,55
2023-03-05,SKU_0040,193,0,28.0,55
2023-03-12,SKU_0040,168,0,28.0,55
2023-03-19,SKU_0040,148,0,28.0,55
2023-03-26,SKU_0040,145,0,28.0,55
2023-04-02,SKU_0040,103,0,28.0,55
2023-04-09,SKU_0040,73,0,28.0,55
2023-04-16,SKU_0040,66,0,28.0,55
2023-04-23,SKU_0040,47,74,28.0,55
2023-04-30,SKU_0040,37,94,28.0,55
2023-05-07,SKU_0040,35,166,28.0,55
2023-05-14,SKU_0040,81,0,28.0,55
2023-05-21,SKU_0040,70,0,28.0,55
2023-05-28,SKU_0040,62,0,28.0,55
2023-06-04,SKU_0040,55,0,28.0,55
2023-06-11,SKU_0040,152,0,28.0,55
2023-06-18,SKU_0040,125,0,28.0,55
2023-06-25,SKU_0040,118,0,28.0,55
2023-07-02,SKU_0040,100,0,28.0,55
2023-07-09,SKU_0040,83,0,28.0,55
2023-07-16,SKU_0040,71,0,28.0,55
2023-07-23,SKU_0040,60,0,28.0,55
2023-07-30,SKU_0040,59,0,28.0,55
2023-08-06,SKU_0040,59,0,28.0,55
2023-08-13,SKU_0040,58,0,28.0,55
2023-08-20,SKU_0040,58,0,28.0,55
2023-08-27,SKU_0040,149,0,28.0,55
2023-09-03,SKU_0040,112,0,28.0,55
2023-09-10,SKU_0040,102,0,28.0,55
2023-09-17,SKU_0040,88,0,28.0,55
2023-09-24,SKU_0040,71,0,28.0,55
2023-10-01,SKU_0040,191,0,28.0,55
2023-10-08,SKU_0040,187,0,28.0,55
2023-10-15,SKU_0040,161,0,28.0,55
2023-10-22,SKU_0040,136,0,28.0,55
2023-10-29,SKU_0040,122,0,28.0,55
2023-11-05,SKU_0040,110,0,28.0,55
2023-11-12,SKU_0040,107,0,28.0,55
2023-11-19,SKU_0040,103,0,28.0,55
2023-11-26,SKU_0040,96,0,28.0,55
2023-12-03,SKU_0040,68,0,28.0,55
2023-12-10,SKU_0040,56,0,28.0,55
2023-12-17,SKU_0040,173,0,28.0,55
2023-12-24,SKU_0040,145,0,28.0,55
2023-12-31,SKU_0040,116,0,28.0,55
2024-01-07,SKU_0040,94,0,28.0,55
2024-01-14,SKU_0040,68,0,28.0,55
2024-01-21,SKU_0040,49,53,28.0,55
2024-01-28,SKU_0040,37,105,28.0,55
2024-02-04,SKU_0040,169,0,28.0,55
2024-02-11,SKU_0040,124,0,28.0,55
2024-02-18,SKU_0040,123,0,28.0,55
2024-02-25,SKU_0040,90,0,28.0,55
2024-03-03,SKU_0040,82,0,28.0,55
2024-03-10,SKU_0040,80,0,28.0,55
2024-03-17,SKU_0040,70,0,28.0,55
2024-03-24,SKU_0040,60,0,28.0,55
2024-03-31,SKU_0040,104,0,28.0,55
2024-04-07,SKU_0040,100,0,28.0,55
2024-04-14,SKU_0040,90,0,28.0,55
2024-04-21,SKU_0040,77,0,28.0,55
2024-04-28,SKU_0040,63,0,28.0,55
2024-05-05,SKU_0040,168,0,28.0,55
2024-05-12,SKU_0040,148,0,28.0,55
2024-05-19,SKU_0040,118,0,28.0,55
2024-05-26,SKU_0040,97,0,28.0,55
2024-06-02,SKU_0040,95,0,28.0,55
2024-06-09,SKU_0040,69,0,28.0,55
2024-06-16,SKU_0040,64,0,28.0,55
2024-06-23,SKU_0040,114,0,28.0,55
2024-06-30,SKU_0040,107,0,28.0,55
2024-07-07,SKU_0040,75,0,28.0,55
2024-07-14,SKU_0040,64,0,28.0,55
2024-07-21,SKU_0040,58,0,28.0,55
2024-07-28,SKU_0040,127,0,28.0,55
2024-08-04,SKU_0040,102,0,28.0,55
2024-08-11,SKU_0040,102,0,28.0,55
2024-08-18,SKU_0040,73,0,28.0,55
2024-08-25,SKU_0040,65,0,28.0,55
2024-09-01,SKU_0040,201,0,28.0,55
2024-09-08,SKU_0040,160,0,28.0,55
2024-09-15,SKU_0040,115,0,28.0,55
2024-09-22,SKU_0040,95,0,28.0,55
2024-09-29,SKU_0040,71,0,28.0,55
2024-10-06,SKU_0040,195,0,28.0,55
2024-10-13,SKU_0040,170,0,28.0,55
2024-10-20,SKU_0040,167,0,28.0,55
2024-10-27,SKU_0040,131,0,28.0,55
2024-11-03,SKU_0040,126,0,28.0,55
2024-11-10,SKU_0040,92,0,28.0,55
2024-11-17,SKU_0040,92,0,28.0,55
2024-11-24,SKU_0040,73,0,28.0,55
2024-12-01,SKU_0040,68,0,28.0,55
2024-12-08,SKU_0040,238,0,28.0,55
2024-12-15,SKU_0040,235,0,28.0,55
2024-12-22,SKU_0040,172,0,28.0,55
2024-12-29,SKU_0040,156,0,28.0,55
2023-01-01,SKU_0041,146,0,14.0,89
2023-01-08,SKU_0041,115,0,14.0,89
2023-01-15,SKU_0041,93,0,14.0,89
2023-01-22,SKU_0041,147,0,14.0,89
2023-01-29,SKU_0041,122,0,14.0,89
2023-02-05,SKU_0041,93,0,14.0,89
2023-02-12,SKU_0041,67,189,14.0,89
2023-02-19,SKU_0041,206,0,14.0,89
2023-02-26,SKU_0041,163,0,14.0,89
2023-03-05,SKU_0041,133,0,14.0,89
2023-03-12,SKU_0041,100,0,14.0,89
2023-03-19,SKU_0041,256,0,14.0,89
2023-03-26,SKU_0041,229,0,14.0,89
2023-04-02,SKU_0041,183,0,14.0,89
2023-04-09,SKU_0041,182,0,14.0,89
2023-04-16,SKU_0041,134,0,14.0,89
2023-04-23,SKU_0041,127,0,14.0,89
2023-04-30,SKU_0041,121,0,14.0,89
2023-05-07,SKU_0041,95,0,14.0,89
2023-05-14,SKU_0041,241,0,14.0,89
2023-05-21,SKU_0041,175,0,14.0,89
2023-05-28,SKU_0041,132,0,14.0,89
2023-06-04,SKU_0041,113,0,14.0,89
2023-06-11,SKU_0041,178,0,14.0,89
2023-06-18,SKU_0041,154,0,14.0,89
2023-06-25,SKU_0041,130,0,14.0,89
2023-07-02,SKU_0041,97,0,14.0,89
2023-07-09,SKU_0041,89,0,14.0,89
2023-07-16,SKU_0041,79,100,14.0,89
2023-07-23,SKU_0041,183,0,14.0,89
2023-07-30,SKU_0041,166,0,14.0,89
2023-08-06,SKU_0041,125,0,14.0,89
2023-08-13,SKU_0041,117,0,14.0,89
2023-08-20,SKU_0041,136,0,14.0,89
2023-08-27,SKU_0041,116,0,14.0,89
2023-09-03,SKU_0041,89,0,14.0,89
2023-09-10,SKU_0041,194,0,14.0,89
2023-09-17,SKU_0041,154,0,14.0,89
2023-09-24,SKU_0041,144,0,14.0,89
2023-10-01,SKU_0041,139,0,14.0,89
2023-10-08,SKU_0041,136,0,14.0,89
2023-10-15,SKU_0041,109,0,14.0,89
2023-10-22,SKU_0041,257,0,14.0,89
2023-10-29,SKU_0041,236,0,14.0,89
2023-11-05,SKU_0041,209,0,14.0,89
2023-11-12,SKU_0041,190,0,14.0,89
2023-11-19,SKU_0041,175,0,14.0,89
2023-11-26,SKU_0041,133,0,14.0,89
2023-12-03,SKU_0041,114,0,14.0,89
2023-12-10,SKU_0041,104,0,14.0,89
2023-12-17,SKU_0041,73,150,14.0,89
2023-12-24,SKU_0041,141,0,14.0,89
2023-12-31,SKU_0041,116,0,14.0,89
2024-01-07,SKU_0041,109,0,14.0,89
2024-01-14,SKU_0041,98,0,14.0,89
2024-01-21,SKU_0041,253,0,14.0,89
2024-01-28,SKU_0041,238,0,14.0,89
2024-02-04,SKU_0041,181,0,14.0,89
2024-02-11,SKU_0041,171,0,14.0,89
2024-02-18,SKU_0041,138,0,14.0,89
2024-02-25,SKU_0041,110,0,14.0,89
2024-03-03,SKU_0041,133,0,14.0,89
2024-03-10,SKU_0041,110,0,14.0,89
2024-03-17,SKU_0041,92,0,14.0,89
2024-03-24,SKU_0041,65,87,14.0,89
2024-03-31,SKU_0041,64,82,14.0,89
2024-04-07,SKU_0041,132,0,14.0,89
2024-04-14,SKU_0041,106,0,14.0,89
2024-04-21,SKU_0041,100,0,14.0,89
2024-04-28,SKU_0041,76,158,14.0,89
2024-05-05,SKU_0041,225,0,14.0,89
2024-05-12,SKU_0041,206,0,14.0,89
2024-05-19,SKU_0041,181,0,14.0,89
2024-05-26,SKU_0041,135,0,14.0,89
2024-06-02,SKU_0041,123,0,14.0,89
2024-06-09,SKU_0041,99,0,14.0,89
2024-06-16,SKU_0041,94,0,14.0,89
2024-06-23,SKU_0041,89,0,14.0,89
2024-06-30,SKU_0041,207,0,14.0,89
2024-07-07,SKU_0041,206,0,14.0,89
2024-07-14,SKU_0041,171,0,14.0,89
2024-07-21,SKU_0041,139,0,14.0,89
2024-07-28,SKU_0041,131,0,14.0,89
2024-08-04,SKU_0041,99,0,14.0,89
2024-08-11,SKU_0041,78,116,14.0,89
2024-08-18,SKU_0041,58,95,14.0,89
2024-08-25,SKU_0041,168,0,14.0,89
2024-09-01,SKU_0041,143,0,14.0,89
2024-09-08,SKU_0041,108,0,14.0,89
2024-09-15,SKU_0041,204,0,14.0,89
2024-09-22,SKU_0041,198,0,14.0,89
2024-09-29,SKU_0041,190,0,14.0,89
2024-10-06,SKU_0041,163,0,14.0,89
2024-10-13,SKU_0041,156,0,14.0,89
2024-10-20,SKU_0041,140,0,14.0,89
2024-10-27,SKU_0041,138,0,14.0,89
2024-11-03,SKU_0041,110,0,14.0,89
2024-11-10,SKU_0041,95,0,14.0,89
2024-11-17,SKU_0041,265,0,14.0,89
2024-11-24,SKU_0041,206,0,14.0,89
2024-12-01,SKU_0041,146,0,14.0,89
2024-12-08,SKU_0041,121,0,14.0,89
2024-12-15,SKU_0041,91,0,14.0,89
2024-12-22,SKU_0041,76,63,14.0,89
2024-12-29,SKU_0041,197,0,14.0,89
2023-01-01,SKU_0042,320,0,14.0,56
2023-01-08,SKU_0042,292,0,14.0,56
2023-01-15,SKU_0042,213,0,14.0,56
2023-01-22,SKU_0042,158,0,14.0,56
2023-01-29,SKU_0042,156,0,14.0,56
2023-02-05,SKU_0042,141,0,14.0,56
2023-02-12,SKU_0042,105,0,14.0,56
2023-02-19,SKU_0042,81,0,14.0,56
2023-02-26,SKU_0042,75,0,14.0,56
2023-03-05,SKU_0042,61,0,14.0,56
2023-03-12,SKU_0042,51,75,14.0,56
2023-03-19,SKU_0042,141,0,14.0,56
2023-03-26,SKU_0042,118,0,14.0,56
2023-04-02,SKU_0042,90,0,14.0,56
2023-04-09,SKU_0042,73,0,14.0,56
2023-04-16,SKU_0042,73,0,14.0,56
2023-04-23,SKU_0042,73,0,14.0,56
2023-04-30,SKU_0042,70,0,14.0,56
2023-05-07,SKU_0042,56,0,14.0,56
2023-05-14,SKU_0042,52,65,14.0,56
2023-05-21,SKU_0042,170,0,14.0,56
2023-05-28,SKU_0042,164,0,14.0,56
2023-06-04,SKU_0042,139,0,14.0,56
2023-06-11,SKU_0042,134,0,14.0,56
2023-06-18,SKU_0042,131,0,14.0,56
2023-06-25,SKU_0042,126,0,14.0,56
2023-07-02,SKU_0042,116,0,14.0,56
2023-07-09,SKU_0042,105,0,14.0,56
2023-07-16,SKU_0042,102,0,14.0,56
2023-07-23,SKU_0042,76,0,14.0,56
2023-07-30,SKU_0042,69,0,14.0,56
2023-08-06,SKU_0042,59,0,14.0,56
2023-08-13,SKU_0042,59,0,14.0,56
2023-08-20,SKU_0042,48,181,14.0,56
2023-08-27,SKU_0042,45,59,14.0,56
2023-09-03,SKU_0042,226,0,14.0,56
2023-09-10,SKU_0042,188,0,14.0,56
2023-09-17,SKU_0042,151,0,14.0,56
2023-09-24,SKU_0042,116,0,14.0,56
2023-10-01,SKU_0042,93,0,14.0,56
2023-10-08,SKU_0042,81,0,14.0,56
2023-10-15,SKU_0042,66,0,14.0,56
2023-10-22,SKU_0042,66,0,14.0,56
2023-10-29,SKU_0042,66,0,14.0,56
2023-11-05,SKU_0042,218,0,14.0,56
2023-11-12,SKU_0042,176,0,14.0,56
2023-11-19,SKU_0042,176,0,14.0,56
2023-11-26,SKU_0042,176,0,14.0,56
2023-12-03,SKU_0042,133,0,14.0,56
2023-12-10,SKU_0042,131,0,14.0,56
2023-12-17,SKU_0042,106,0,14.0,56
2023-12-24,SKU_0042,106,0,14.0,56
2023-12-31,SKU_0042,81,0,14.0,56
2024-01-07,SKU_0042,61,0,14.0,56
2024-01-14,SKU_0042,53,197,14.0,56
2024-01-21,SKU_0042,203,0,14.0,56
2024-01-28,SKU_0042,171,0,14.0,56
2024-02-04,SKU_0042,166,0,14.0,56
2024-02-11,SKU_0042,157,0,14.0,56
2024-02-18,SKU_0042,125,0,14.0,56
2024-02-25,SKU_0042,88,0,14.0,56
2024-03-03,SKU_0042,87,0,14.0,56
2024-03-10,SKU_0042,84,0,14.0,56
2024-03-17,SKU_0042,73,0,14.0,56
2024-03-24,SKU_0042,59,0,14.0,56
2024-03-31,SKU_0042,130,0,14.0,56
2024-04-07,SKU_0042,127,0,14.0,56
2024-04-14,SKU_0042,125,0,14.0,56
2024-04-21,SKU_0042,122,0,14.0,56
2024-04-28,SKU_0042,113,0,14.0,56
2024-05-05,SKU_0042,83,0,14.0,56
2024-05-12,SKU_0042,79,0,14.0,56
2024-05-19,SKU_0042,63,0,14.0,56
2024-05-26,SKU_0042,180,0,14.0,56
2024-06-02,SKU_0042,150,0,14.0,56
2024-06-09,SKU_0042,114,0,14.0,56
2024-06-16,SKU_0042,99,0,14.0,56
2024-06-23,SKU_0042,93,0,14.0,56
2024-06-30,SKU_0042,74,0,14.0,56
2024-07-07,SKU_0042,64,0,14.0,56
2024-07-14,SKU_0042,59,0,14.0,56
2024-07-21,SKU_0042,56,0,14.0,56
2024-07-28,SKU_0042,47,56,14.0,56
2024-08-04,SKU_0042,119,0,14.0,56
2024-08-11,SKU_0042,112,0,14.0,56
2024-08-18,SKU_0042,94,0,14.0,56
2024-08-25,SKU_0042,91,0,14.0,56
2024-09-01,SKU_0042,66,0,14.0,56
2024-09-08,SKU_0042,55,176,14.0,56
2024-09-15,SKU_0042,51,168,14.0,56
2024-09-22,SKU_0042,43,168,14.0,56
2024-09-29,SKU_0042,41,152,14.0,56
2024-10-06,SKU_0042,128,0,14.0,56
2024-10-13,SKU_0042,102,0,14.0,56
2024-10-20,SKU_0042,93,0,14.0,56
2024-10-27,SKU_0042,69,0,14.0,56
2024-11-03,SKU_0042,64,0,14.0,56
2024-11-10,SKU_0042,59,0,14.0,56
2024-11-17,SKU_0042,124,0,14.0,56
2024-11-24,SKU_0042,95,0,14.0,56
2024-12-01,SKU_0042,80,0,14.0,56
2024-12-08,SKU_0042,64,0,14.0,56
2024-12-15,SKU_0042,56,0,14.0,56
2024-12-22,SKU_0042,51,113,14.0,56
2024-12-29,SKU_0042,183,0,14.0,56
2023-01-01,SKU_0043,428,0,28.0,92
2023-01-08,SKU_0043,306,0,28.0,92
2023-01-15,SKU_0043,229,0,28.0,92
2023-01-22,SKU_0043,204,0,28.0,92
2023-01-29,SKU_0043,171,0,28.0,92
2023-02-05,SKU_0043,171,0,28.0,92
2023-02-12,SKU_0043,169,0,28.0,92
2023-02-19,SKU_0043,165,0,28.0,92
2023-02-26,SKU_0043,165,0,28.0,92
2023-03-05,SKU_0043,135,0,28.0,92
2023-03-12,SKU_0043,122,0,28.0,92
2023-03-19,SKU_0043,108,0,28.0,92
2023-03-26,SKU_0043,85,185,28.0,92
2023-04-02,SKU_0043,75,103,28.0,92
2023-04-09,SKU_0043,65,50,28.0,92
2023-04-16,SKU_0043,53,128,28.0,92
2023-04-23,SKU_0043,107,0,28.0,92
2023-04-30,SKU_0043,99,0,28.0,92
2023-05-07,SKU_0043,208,0,28.0,92
2023-05-14,SKU_0043,177,0,28.0,92
2023-05-21,SKU_0043,124,0,28.0,92
2023-05-28,SKU_0043,98,0,28.0,92
2023-06-04,SKU_0043,136,0,28.0,92
2023-06-11,SKU_0043,104,0,28.0,92
2023-06-18,SKU_0043,101,0,28.0,92
2023-06-25,SKU_0043,259,0,28.0,92
2023-07-02,SKU_0043,236,0,28.0,92
2023-07-09,SKU_0043,178,0,28.0,92
2023-07-16,SKU_0043,143,0,28.0,92
2023-07-23,SKU_0043,124,0,28.0,92
2023-07-30,SKU_0043,103,0,28.0,92
2023-08-06,SKU_0043,98,0,28.0,92
2023-08-13,SKU_0043,98,0,28.0,92
2023-08-20,SKU_0043,92,0,28.0,92
2023-08-27,SKU_0043,176,0,28.0,92
2023-09-03,SKU_0043,145,0,28.0,92
2023-09-10,SKU_0043,112,0,28.0,92
2023-09-17,SKU_0043,100,0,28.0,92
2023-09-24,SKU_0043,98,0,28.0,92
2023-10-01,SKU_0043,69,52,28.0,92
2023-10-08,SKU_0043,172,0,28.0,92
2023-10-15,SKU_0043,129,0,28.0,92
2023-10-22,SKU_0043,117,0,28.0,92
2023-10-29,SKU_0043,92,0,28.0,92
2023-11-05,SKU_0043,260,0,28.0,92
2023-11-12,SKU_0043,215,0,28.0,92
2023-11-19,SKU_0043,182,0,28.0,92
2023-11-26,SKU_0043,144,0,28.0,92
2023-12-03,SKU_0043,104,0,28.0,92
2023-12-10,SKU_0043,96,0,28.0,92
2023-12-17,SKU_0043,235,0,28.0,92
2023-12-24,SKU_0043,217,0,28.0,92
2023-12-31,SKU_0043,172,0,28.0,92
2024-01-07,SKU_0043,125,0,28.0,92
2024-01-14,SKU_0043,107,0,28.0,92
2024-01-21,SKU_0043,151,0,28.0,92
2024-01-28,SKU_0043,112,0,28.0,92
2024-02-04,SKU_0043,102,0,28.0,92
2024-02-11,SKU_0043,86,101,28.0,92
2024-02-18,SKU_0043,208,0,28.0,92
2024-02-25,SKU_0043,189,0,28.0,92
2024-03-03,SKU_0043,168,0,28.0,92
2024-03-10,SKU_0043,125,0,28.0,92
2024-03-17,SKU_0043,120,0,28.0,92
2024-03-24,SKU_0043,104,0,28.0,92
2024-03-31,SKU_0043,181,0,28.0,92
2024-04-07,SKU_0043,140,0,28.0,92
2024-04-14,SKU_0043,130,0,28.0,92
2024-04-21,SKU_0043,94,0,28.0,92
2024-04-28,SKU_0043,177,0,28.0,92
2024-05-05,SKU_0043,135,0,28.0,92
2024-05-12,SKU_0043,112,0,28.0,92
2024-05-19,SKU_0043,101,0,28.0,92
2024-05-26,SKU_0043,226,0,28.0,92
2024-06-02,SKU_0043,209,0,28.0,92
2024-06-09,SKU_0043,205,0,28.0,92
2024-06-16,SKU_0043,177,0,28.0,92
2024-06-23,SKU_0043,137,0,28.0,92
2024-06-30,SKU_0043,129,0,28.0,92
2024-07-07,SKU_0043,121,0,28.0,92
2024-07-14,SKU_0043,94,0,28.0,92
2024-07-21,SKU_0043,78,139,28.0,92
2024-07-28,SKU_0043,142,0,28.0,92
2024-08-04,SKU_0043,135,0,28.0,92
2024-08-11,SKU_0043,108,0,28.0,92
2024-08-18,SKU_0043,184,0,28.0,92
2024-08-25,SKU_0043,163,0,28.0,92
2024-09-01,SKU_0043,116,0,28.0,92
2024-09-08,SKU_0043,113,0,28.0,92
2024-09-15,SKU_0043,107,0,28.0,92
2024-09-22,SKU_0043,100,0,28.0,92
2024-09-29,SKU_0043,75,86,28.0,92
2024-10-06,SKU_0043,187,0,28.0,92
2024-10-13,SKU_0043,186,0,28.0,92
2024-10-20,SKU_0043,160,0,28.0,92
2024-10-27,SKU_0043,147,0,28.0,92
2024-11-03,SKU_0043,108,0,28.0,92
2024-11-10,SKU_0043,96,0,28.0,92
2024-11-17,SKU_0043,94,0,28.0,92
2024-11-24,SKU_0043,82,106,28.0,92
2024-12-01,SKU_0043,223,0,28.0,92
2024-12-08,SKU_0043,174,0,28.0,92
2024-12-15,SKU_0043,139,0,28.0,92
2024-12-22,SKU_0043,139,0,28.0,92
2024-12-29,SKU_0043,133,0,28.0,92
2023-01-01,SKU_0044,152,0,28.0,94
2023-01-08,SKU_0044,141,0,28.0,94
2023-01-15,SKU_0044,119,0,28.0,94
2023-01-22,SKU_0044,84,111,28.0,94
2023-01-29,SKU_0044,220,0,28.0,94
2023-02-05,SKU_0044,215,0,28.0,94
2023-02-12,SKU_0044,202,0,28.0,94
2023-02-19,SKU_0044,175,0,28.0,94
2023-02-26,SKU_0044,161,0,28.0,94
2023-03-05,SKU_0044,138,0,28.0,94
2023-03-12,SKU_0044,101,0,28.0,94
2023-03-19,SKU_0044,86,141,28.0,94
2023-03-26,SKU_0044,195,0,28.0,94
2023-04-02,SKU_0044,184,0,28.0,94
2023-04-09,SKU_0044,150,0,28.0,94
2023-04-16,SKU_0044,105,0,28.0,94
2023-04-23,SKU_0044,196,0,28.0,94
2023-04-30,SKU_0044,157,0,28.0,94
2023-05-07,SKU_0044,130,0,28.0,94
2023-05-14,SKU_0044,118,0,28.0,94
2023-05-21,SKU_0044,117,0,28.0,94
2023-05-28,SKU_0044,105,0,28.0,94
2023-06-04,SKU_0044,253,0,28.0,94
2023-06-11,SKU_0044,181,0,28.0,94
2023-06-18,SKU_0044,162,0,28.0,94
2023-06-25,SKU_0044,116,0,28.0,94
2023-07-02,SKU_0044,107,0,28.0,94
2023-07-09,SKU_0044,103,0,28.0,94
2023-07-16,SKU_0044,100,0,28.0,94
2023-07-23,SKU_0044,89,64,28.0,94
2023-07-30,SKU_0044,134,0,28.0,94
2023-08-06,SKU_0044,96,0,28.0,94
2023-08-13,SKU_0044,73,104,28.0,94
2023-08-20,SKU_0044,255,0,28.0,94
2023-08-27,SKU_0044,199,0,28.0,94
2023-09-03,SKU_0044,164,0,28.0,94
2023-09-10,SKU_0044,115,0,28.0,94
2023-09-17,SKU_0044,100,0,28.0,94
2023-09-24,SKU_0044,263,0,28.0,94
2023-10-01,SKU_0044,242,0,28.0,94
2023-10-08,SKU_0044,192,0,28.0,94
2023-10-15,SKU_0044,186,0,28.0,94
2023-10-22,SKU_0044,159,0,28.0,94
2023-10-29,SKU_0044,129,0,28.0,94
2023-11-05,SKU_0044,104,0,28.0,94
2023-11-12,SKU_0044,92,91,28.0,94
2023-11-19,SKU_0044,172,0,28.0,94
2023-11-26,SKU_0044,149,0,28.0,94
2023-12-03,SKU_0044,124,0,28.0,94
2023-12-10,SKU_0044,98,0,28.0,94
2023-12-17,SKU_0044,72,138,28.0,94
2023-12-24,SKU_0044,230,0,28.0,94
2023-12-31,SKU_0044,203,0,28.0,94
2024-01-07,SKU_0044,194,0,28.0,94
2024-01-14,SKU_0044,187,0,28.0,94
2024-01-21,SKU_0044,184,0,28.0,94
2024-01-28,SKU_0044,160,0,28.0,94
2024-02-04,SKU_0044,123,0,28.0,94
2024-02-11,SKU_0044,105,0,28.0,94
2024-02-18,SKU_0044,82,154,28.0,94
2024-02-25,SKU_0044,177,0,28.0,94
2024-03-03,SKU_0044,134,0,28.0,94
2024-03-10,SKU_0044,115,0,28.0,94
2024-03-17,SKU_0044,212,0,28.0,94
2024-03-24,SKU_0044,151,0,28.0,94
2024-03-31,SKU_0044,132,0,28.0,94
2024-04-07,SKU_0044,96,0,28.0,94
2024-04-14,SKU_0044,192,0,28.0,94
2024-04-21,SKU_0044,170,0,28.0,94
2024-04-28,SKU_0044,150,0,28.0,94
2024-05-05,SKU_0044,143,0,28.0,94
2024-05-12,SKU_0044,109,0,28.0,94
2024-05-19,SKU_0044,104,0,28.0,94
2024-05-26,SKU_0044,260,0,28.0,94
2024-06-02,SKU_0044,249,0,28.0,94
2024-06-09,SKU_0044,183,0,28.0,94
2024-06-16,SKU_0044,132,0,28.0,94
2024-06-23,SKU_0044,128,0,28.0,94
2024-06-30,SKU_0044,117,0,28.0,94
2024-07-07,SKU_0044,97,0,28.0,94
2024-07-14,SKU_0044,86,70,28.0,94
2024-07-21,SKU_0044,208,0,28.0,94
2024-07-28,SKU_0044,185,0,28.0,94
2024-08-04,SKU_0044,181,0,28.0,94
2024-08-11,SKU_0044,165,0,28.0,94
2024-08-18,SKU_0044,153,0,28.0,94
2024-08-25,SKU_0044,116,0,28.0,94
2024-09-01,SKU_0044,108,0,28.0,94
2024-09-08,SKU_0044,95,0,28.0,94
2024-09-15,SKU_0044,157,0,28.0,94
2024-09-22,SKU_0044,110,0,28.0,94
2024-09-29,SKU_0044,77,192,28.0,94
2024-10-06,SKU_0044,59,59,28.0,94
2024-10-13,SKU_0044,43,195,28.0,94
2024-10-20,SKU_0044,184,0,28.0,94
2024-10-27,SKU_0044,148,0,28.0,94
2024-11-03,SKU_0044,147,0,28.0,94
2024-11-10,SKU_0044,115,0,28.0,94
2024-11-17,SKU_0044,254,0,28.0,94
2024-11-24,SKU_0044,240,0,28.0,94
2024-12-01,SKU_0044,221,0,28.0,94
2024-12-08,SKU_0044,172,0,28.0,94
2024-12-15,SKU_0044,124,0,28.0,94
2024-12-22,SKU_0044,107,0,28.0,94
2024-12-29,SKU_0044,97,0,28.0,94
2023-01-01,SKU_0045,192,0,21.0,65
2023-01-08,SKU_0045,178,0,21.0,65
2023-01-15,SKU_0045,167,0,21.0,65
2023-01-22,SKU_0045,129,0,21.0,65
2023-01-29,SKU_0045,126,0,21.0,65
2023-02-05,SKU_0045,111,0,21.0,65
2023-02-12,SKU_0045,93,0,21.0,65
2023-02-19,SKU_0045,77,0,21.0,65
2023-02-26,SKU_0045,66,0,21.0,65
2023-03-05,SKU_0045,152,0,21.0,65
2023-03-12,SKU_0045,144,0,21.0,65
2023-03-19,SKU_0045,117,0,21.0,65
2023-03-26,SKU_0045,91,0,21.0,65
2023-04-02,SKU_0045,83,0,21.0,65
2023-04-09,SKU_0045,72,0,21.0,65
2023-04-16,SKU_0045,69,0,21.0,65
2023-04-23,SKU_0045,67,0,21.0,65
2023-04-30,SKU_0045,47,89,21.0,65
2023-05-07,SKU_0045,102,0,21.0,65
2023-05-14,SKU_0045,102,0,21.0,65
2023-05-21,SKU_0045,89,0,21.0,65
2023-05-28,SKU_0045,146,0,21.0,65
2023-06-04,SKU_0045,128,0,21.0,65
2023-06-11,SKU_0045,102,0,21.0,65
2023-06-18,SKU_0045,81,0,21.0,65
2023-06-25,SKU_0045,144,0,21.0,65
2023-07-02,SKU_0045,135,0,21.0,65
2023-07-09,SKU_0045,124,0,21.0,65
2023-07-16,SKU_0045,109,0,21.0,65
2023-07-23,SKU_0045,101,0,21.0,65
2023-07-30,SKU_0045,94,0,21.0,65
2023-08-06,SKU_0045,72,0,21.0,65
2023-08-13,SKU_0045,65,0,21.0,65
2023-08-20,SKU_0045,58,106,21.0,65
2023-08-27,SKU_0045,41,68,21.0,65
2023-09-03,SKU_0045,222,0,21.0,65
2023-09-10,SKU_0045,212,0,21.0,65
2023-09-17,SKU_0045,204,0,21.0,65
2023-09-24,SKU_0045,183,0,21.0,65
2023-10-01,SKU_0045,150,0,21.0,65
2023-10-08,SKU_0045,149,0,21.0,65
2023-10-15,SKU_0045,112,0,21.0,65
2023-10-22,SKU_0045,93,0,21.0,65
2023-10-29,SKU_0045,71,0,21.0,65
2023-11-05,SKU_0045,63,84,21.0,65
2023-11-12,SKU_0045,63,176,21.0,65
2023-11-19,SKU_0045,176,0,21.0,65
2023-11-26,SKU_0045,141,0,21.0,65
2023-12-03,SKU_0045,101,0,21.0,65
2023-12-10,SKU_0045,85,0,21.0,65
2023-12-17,SKU_0045,69,0,21.0,65
2023-12-24,SKU_0045,241,0,21.0,65
2023-12-31,SKU_0045,183,0,21.0,65
2024-01-07,SKU_0045,154,0,21.0,65
2024-01-14,SKU_0045,117,0,21.0,65
2024-01-21,SKU_0045,102,0,21.0,65
2024-01-28,SKU_0045,82,0,21.0,65
2024-02-04,SKU_0045,247,0,21.0,65
2024-02-11,SKU_0045,227,0,21.0,65
2024-02-18,SKU_0045,219,0,21.0,65
2024-02-25,SKU_0045,171,0,21.0,65
2024-03-03,SKU_0045,132,0,21.0,65
2024-03-10,SKU_0045,109,0,21.0,65
2024-03-17,SKU_0045,109,0,21.0,65
2024-03-24,SKU_0045,92,0,21.0,65
2024-03-31,SKU_0045,73,0,21.0,65
2024-04-07,SKU_0045,182,0,21.0,65
2024-04-14,SKU_0045,160,0,21.0,65
2024-04-21,SKU_0045,155,0,21.0,65
2024-04-28,SKU_0045,142,0,21.0,65
2024-05-05,SKU_0045,107,0,21.0,65
2024-05-12,SKU_0045,83,0,21.0,65
2024-05-19,SKU_0045,76,0,21.0,65
2024-05-26,SKU_0045,63,177,21.0,65
2024-06-02,SKU_0045,203,0,21.0,65
2024-06-09,SKU_0045,152,0,21.0,65
2024-06-16,SKU_0045,145,0,21.0,65
2024-06-23,SKU_0045,125,0,21.0,65
2024-06-30,SKU_0045,115,0,21.0,65
2024-07-07,SKU_0045,107,0,21.0,65
2024-07-14,SKU_0045,84,0,21.0,65
2024-07-21,SKU_0045,83,0,21.0,65
2024-07-28,SKU_0045,68,0,21.0,65
2024-08-04,SKU_0045,64,175,21.0,65
2024-08-11,SKU_0045,155,0,21.0,65
2024-08-18,SKU_0045,137,0,21.0,65
2024-08-25,SKU_0045,110,0,21.0,65
2024-09-01,SKU_0045,109,0,21.0,65
2024-09-08,SKU_0045,109,0,21.0,65
2024-09-15,SKU_0045,77,0,21.0,65
2024-09-22,SKU_0045,73,0,21.0,65
2024-09-29,SKU_0045,68,0,21.0,65
2024-10-06,SKU_0045,124,0,21.0,65
2024-10-13,SKU_0045,93,0,21.0,65
2024-10-20,SKU_0045,80,0,21.0,65
2024-10-27,SKU_0045,76,0,21.0,65
2024-11-03,SKU_0045,71,0,21.0,65
2024-11-10,SKU_0045,112,0,21.0,65
2024-11-17,SKU_0045,88,0,21.0,65
2024-11-24,SKU_0045,71,0,21.0,65
2024-12-01,SKU_0045,70,0,21.0,65
2024-12-08,SKU_0045,49,107,21.0,65
2024-12-15,SKU_0045,41,114,21.0,65
2024-12-22,SKU_0045,111,0,21.0,65
2024-12-29,SKU_0045,78,0,21.0,65
2023-01-01,SKU_0046,433,0,7.0,63
2023-01-08,SKU_0046,428,0,7.0,63
2023-01-15,SKU_0046,418,0,7.0,63
2023-01-22,SKU_0046,315,0,7.0,63
2023-01-29,SKU_0046,288,0,7.0,63
2023-02-05,SKU_0046,283,0,7.0,63
2023-02-12,SKU_0046,213,0,7.0,63
2023-02-19,SKU_0046,165,0,7.0,63
2023-02-26,SKU_0046,137,0,7.0,63
2023-03-05,SKU_0046,113,0,7.0,63
2023-03-12,SKU_0046,112,0,7.0,63
2023-03-19,SKU_0046,90,0,7.0,63
2023-03-26,SKU_0046,88,0,7.0,63
2023-04-02,SKU_0046,73,0,7.0,63
2023-04-09,SKU_0046,60,140,7.0,63
2023-04-16,SKU_0046,127,0,7.0,63
2023-04-23,SKU_0046,122,0,7.0,63
2023-04-30,SKU_0046,102,0,7.0,63
2023-05-07,SKU_0046,86,0,7.0,63
2023-05-14,SKU_0046,68,0,7.0,63
2023-05-21,SKU_0046,66,0,7.0,63
2023-05-28,SKU_0046,149,0,7.0,63
2023-06-04,SKU_0046,129,0,7.0,63
2023-06-11,SKU_0046,98,0,7.0,63
2023-06-18,SKU_0046,81,0,7.0,63
2023-06-25,SKU_0046,81,0,7.0,63
2023-07-02,SKU_0046,137,0,7.0,63
2023-07-09,SKU_0046,111,0,7.0,63
2023-07-16,SKU_0046,97,0,7.0,63
2023-07-23,SKU_0046,74,0,7.0,63
2023-07-30,SKU_0046,66,0,7.0,63
2023-08-06,SKU_0046,62,130,7.0,63
2023-08-13,SKU_0046,207,0,7.0,63
2023-08-20,SKU_0046,170,0,7.0,63
2023-08-27,SKU_0046,131,0,7.0,63
2023-09-03,SKU_0046,131,0,7.0,63
2023-09-10,SKU_0046,98,0,7.0,63
2023-09-17,SKU_0046,97,0,7.0,63
2023-09-24,SKU_0046,93,0,7.0,63
2023-10-01,SKU_0046,79,0,7.0,63
2023-10-08,SKU_0046,64,0,7.0,63
2023-10-15,SKU_0046,127,0,7.0,63
2023-10-22,SKU_0046,101,0,7.0,63
2023-10-29,SKU_0046,80,0,7.0,63
2023-11-05,SKU_0046,169,0,7.0,63
2023-11-12,SKU_0046,130,0,7.0,63
2023-11-19,SKU_0046,100,0,7.0,63
2023-11-26,SKU_0046,73,0,7.0,63
2023-12-03,SKU_0046,72,0,7.0,63
2023-12-10,SKU_0046,217,0,7.0,63
2023-12-17,SKU_0046,167,0,7.0,63
2023-12-24,SKU_0046,126,0,7.0,63
2023-12-31,SKU_0046,101,0,7.0,63
2024-01-07,SKU_0046,75,0,7.0,63
2024-01-14,SKU_0046,257,0,7.0,63
2024-01-21,SKU_0046,225,0,7.0,63
2024-01-28,SKU_0046,223,0,7.0,63
2024-02-04,SKU_0046,175,0,7.0,63
2024-02-11,SKU_0046,134,0,7.0,63
2024-02-18,SKU_0046,122,0,7.0,63
2024-02-25,SKU_0046,111,0,7.0,63
2024-03-03,SKU_0046,103,0,7.0,63
2024-03-10,SKU_0046,82,0,7.0,63
2024-03-17,SKU_0046,80,0,7.0,63
2024-03-24,SKU_0046,79,0,7.0,63
2024-03-31,SKU_0046,61,118,7.0,63
2024-04-07,SKU_0046,47,59,7.0,63
2024-04-14,SKU_0046,107,0,7.0,63
2024-04-21,SKU_0046,79,0,7.0,63
2024-04-28,SKU_0046,58,174,7.0,63
2024-05-05,SKU_0046,99,0,7.0,63
2024-05-12,SKU_0046,88,0,7.0,63
2024-05-19,SKU_0046,83,0,7.0,63
2024-05-26,SKU_0046,70,0,7.0,63
2024-06-02,SKU_0046,66,0,7.0,63
2024-06-09,SKU_0046,54,136,7.0,63
2024-06-16,SKU_0046,200,0,7.0,63
2024-06-23,SKU_0046,181,0,7.0,63
2024-06-30,SKU_0046,135,0,7.0,63
2024-07-07,SKU_0046,95,0,7.0,63
2024-07-14,SKU_0046,93,0,7.0,63
2024-07-21,SKU_0046,90,0,7.0,63
2024-07-28,SKU_0046,81,0,7.0,63
2024-08-04,SKU_0046,77,0,7.0,63
2024-08-11,SKU_0046,66,0,7.0,63
2024-08-18,SKU_0046,172,0,7.0,63
2024-08-25,SKU_0046,136,0,7.0,63
2024-09-01,SKU_0046,109,0,7.0,63
2024-09-08,SKU_0046,107,0,7.0,63
2024-09-15,SKU_0046,86,0,7.0,63
2024-09-22,SKU_0046,68,0,7.0,63
2024-09-29,SKU_0046,185,0,7.0,63
2024-10-06,SKU_0046,170,0,7.0,63
2024-10-13,SKU_0046,159,0,7.0,63
2024-10-20,SKU_0046,138,0,7.0,63
2024-10-27,SKU_0046,129,0,7.0,63
2024-11-03,SKU_0046,110,0,7.0,63
2024-11-10,SKU_0046,89,0,7.0,63
2024-11-17,SKU_0046,71,0,7.0,63
2024-11-24,SKU_0046,54,59,7.0,63
2024-12-01,SKU_0046,52,79,7.0,63
2024-12-08,SKU_0046,39,90,7.0,63
2024-12-15,SKU_0046,225,0,7.0,63
2024-12-22,SKU_0046,189,0,7.0,63
2024-12-29,SKU_0046,153,0,7.0,63
2023-01-01,SKU_0047,236,0,14.0,36
2023-01-08,SKU_0047,212,0,14.0,36
2023-01-15,SKU_0047,189,0,14.0,36
2023-01-22,SKU_0047,148,0,14.0,36
2023-01-29,SKU_0047,116,0,14.0,36
2023-02-05,SKU_0047,85,0,14.0,36
2023-02-12,SKU_0047,71,0,14.0,36
2023-02-19,SKU_0047,52,0,14.0,36
2023-02-26,SKU_0047,44,0,14.0,36
2023-03-05,SKU_0047,133,0,14.0,36
2023-03-12,SKU_0047,120,0,14.0,36
2023-03-19,SKU_0047,108,0,14.0,36
2023-03-26,SKU_0047,79,0,14.0,36
2023-04-02,SKU_0047,66,0,14.0,36
2023-04-09,SKU_0047,57,0,14.0,36
2023-04-16,SKU_0047,49,0,14.0,36
2023-04-23,SKU_0047,36,0,14.0,36
2023-04-30,SKU_0047,31,113,14.0,36
2023-05-07,SKU_0047,226,0,14.0,36
2023-05-14,SKU_0047,223,0,14.0,36
2023-05-21,SKU_0047,178,0,14.0,36
2023-05-28,SKU_0047,174,0,14.0,36
2023-06-04,SKU_0047,163,0,14.0,36
2023-06-11,SKU_0047,141,0,14.0,36
2023-06-18,SKU_0047,108,0,14.0,36
2023-06-25,SKU_0047,105,0,14.0,36
2023-07-02,SKU_0047,77,0,14.0,36
2023-07-09,SKU_0047,70,0,14.0,36
2023-07-16,SKU_0047,53,0,14.0,36
2023-07-23,SKU_0047,50,0,14.0,36
2023-07-30,SKU_0047,44,0,14.0,36
2023-08-06,SKU_0047,41,0,14.0,36
2023-08-13,SKU_0047,36,0,14.0,36
2023-08-20,SKU_0047,36,0,14.0,36
2023-08-27,SKU_0047,34,187,14.0,36
2023-09-03,SKU_0047,30,163,14.0,36
2023-09-10,SKU_0047,84,0,14.0,36
2023-09-17,SKU_0047,77,0,14.0,36
2023-09-24,SKU_0047,56,0,14.0,36
2023-10-01,SKU_0047,45,0,14.0,36
2023-10-08,SKU_0047,147,0,14.0,36
2023-10-15,SKU_0047,145,0,14.0,36
2023-10-22,SKU_0047,105,0,14.0,36
2023-10-29,SKU_0047,91,0,14.0,36
2023-11-05,SKU_0047,87,0,14.0,36
2023-11-12,SKU_0047,68,0,14.0,36
2023-11-19,SKU_0047,60,0,14.0,36
2023-11-26,SKU_0047,50,0,14.0,36
2023-12-03,SKU_0047,50,0,14.0,36
2023-12-10,SKU_0047,35,51,14.0,36
2023-12-17,SKU_0047,32,56,14.0,36
2023-12-24,SKU_0047,137,0,14.0,36
2023-12-31,SKU_0047,121,0,14.0,36
2024-01-07,SKU_0047,89,0,14.0,36
2024-01-14,SKU_0047,68,0,14.0,36
2024-01-21,SKU_0047,51,0,14.0,36
2024-01-28,SKU_0047,39,0,14.0,36
2024-02-04,SKU_0047,28,152,14.0,36
2024-02-11,SKU_0047,170,0,14.0,36
2024-02-18,SKU_0047,141,0,14.0,36
2024-02-25,SKU_0047,104,0,14.0,36
2024-03-03,SKU_0047,93,0,14.0,36
2024-03-10,SKU_0047,69,0,14.0,36
2024-03-17,SKU_0047,59,0,14.0,36
2024-03-24,SKU_0047,54,0,14.0,36
2024-03-31,SKU_0047,44,0,14.0,36
2024-04-07,SKU_0047,32,86,14.0,36
2024-04-14,SKU_0047,105,0,14.0,36
2024-04-21,SKU_0047,78,0,14.0,36
2024-04-28,SKU_0047,71,0,14.0,36
2024-05-05,SKU_0047,52,0,14.0,36
2024-05-12,SKU_0047,38,0,14.0,36
2024-05-19,SKU_0047,30,186,14.0,36
2024-05-26,SKU_0047,222,0,14.0,36
2024-06-02,SKU_0047,188,0,14.0,36
2024-06-09,SKU_0047,140,0,14.0,36
2024-06-16,SKU_0047,137,0,14.0,36
2024-06-23,SKU_0047,121,0,14.0,36
2024-06-30,SKU_0047,119,0,14.0,36
2024-07-07,SKU_0047,87,0,14.0,36
2024-07-14,SKU_0047,62,0,14.0,36
2024-07-21,SKU_0047,60,0,14.0,36
2024-07-28,SKU_0047,42,0,14.0,36
2024-08-04,SKU_0047,124,0,14.0,36
2024-08-11,SKU_0047,98,0,14.0,36
2024-08-18,SKU_0047,89,0,14.0,36
2024-08-25,SKU_0047,78,0,14.0,36
2024-09-01,SKU_0047,70,0,14.0,36
2024-09-08,SKU_0047,60,0,14.0,36
2024-09-15,SKU_0047,52,0,14.0,36
2024-09-22,SKU_0047,47,0,14.0,36
2024-09-29,SKU_0047,39,0,14.0,36
2024-10-06,SKU_0047,189,0,14.0,36
2024-10-13,SKU_0047,181,0,14.0,36
2024-10-20,SKU_0047,147,0,14.0,36
2024-10-27,SKU_0047,141,0,14.0,36
2024-11-03,SKU_0047,139,0,14.0,36
2024-11-10,SKU_0047,127,0,14.0,36
2024-11-17,SKU_0047,116,0,14.0,36
2024-11-24,SKU_0047,110,0,14.0,36
2024-12-01,SKU_0047,106,0,14.0,36
2024-12-08,SKU_0047,88,0,14.0,36
2024-12-15,SKU_0047,81,0,14.0,36
2024-12-22,SKU_0047,72,0,14.0,36
2024-12-29,SKU_0047,67,0,14.0,36
2023-01-01,SKU_0048,79,0,28.0,65
2023-01-08,SKU_0048,78,0,28.0,65
2023-01-15,SKU_0048,67,0,28.0,65
2023-01-22,SKU_0048,241,0,28.0,65
2023-01-29,SKU_0048,200,0,28.0,65
2023-02-05,SKU_0048,147,0,28.0,65
2023-02-12,SKU_0048,141,0,28.0,65
2023-02-19,SKU_0048,116,0,28.0,65
2023-02-26,SKU_0048,108,0,28.0,65
2023-03-05,SKU_0048,85,0,28.0,65
2023-03-12,SKU_0048,80,0,28.0,65
2023-03-19,SKU_0048,73,0,28.0,65
2023-03-26,SKU_0048,58,187,28.0,65
2023-04-02,SKU_0048,208,0,28.0,65
2023-04-09,SKU_0048,186,0,28.0,65
2023-04-16,SKU_0048,183,0,28.0,65
2023-04-23,SKU_0048,129,0,28.0,65
2023-04-30,SKU_0048,115,0,28.0,65
2023-05-07,SKU_0048,112,0,28.0,65
2023-05-14,SKU_0048,89,0,28.0,65
2023-05-21,SKU_0048,89,0,28.0,65
2023-05-28,SKU_0048,89,0,28.0,65
2023-06-04,SKU_0048,83,0,28.0,65
2023-06-11,SKU_0048,79,0,28.0,65
2023-06-18,SKU_0048,65,0,28.0,65
2023-06-25,SKU_0048,47,127,28.0,65
2023-07-02,SKU_0048,34,172,28.0,65
2023-07-09,SKU_0048,25,138,28.0,65
2023-07-16,SKU_0048,25,56,28.0,65
2023-07-23,SKU_0048,22,59,28.0,65
2023-07-30,SKU_0048,19,187,28.0,65
2023-08-06,SKU_0048,15,142,28.0,65
2023-08-13,SKU_0048,11,124,28.0,65
2023-08-20,SKU_0048,151,0,28.0,65
2023-08-27,SKU_0048,123,0,28.0,65
2023-09-03,SKU_0048,94,0,28.0,65
2023-09-10,SKU_0048,76,0,28.0,65
2023-09-17,SKU_0048,168,0,28.0,65
2023-09-24,SKU_0048,151,0,28.0,65
2023-10-01,SKU_0048,140,0,28.0,65
2023-10-08,SKU_0048,117,0,28.0,65
2023-10-15,SKU_0048,101,0,28.0,65
2023-10-22,SKU_0048,83,0,28.0,65
2023-10-29,SKU_0048,69,0,28.0,65
2023-11-05,SKU_0048,50,139,28.0,65
2023-11-12,SKU_0048,101,0,28.0,65
2023-11-19,SKU_0048,94,0,28.0,65
2023-11-26,SKU_0048,84,0,28.0,65
2023-12-03,SKU_0048,79,0,28.0,65
2023-12-10,SKU_0048,65,0,28.0,65
2023-12-17,SKU_0048,51,128,28.0,65
2023-12-24,SKU_0048,41,191,28.0,65
2023-12-31,SKU_0048,96,0,28.0,65
2024-01-07,SKU_0048,72,0,28.0,65
2024-01-14,SKU_0048,58,65,28.0,65
2024-01-21,SKU_0048,167,0,28.0,65
2024-01-28,SKU_0048,154,0,28.0,65
2024-02-04,SKU_0048,117,0,28.0,65
2024-02-11,SKU_0048,83,0,28.0,65
2024-02-18,SKU_0048,59,142,28.0,65
2024-02-25,SKU_0048,56,158,28.0,65
2024-03-03,SKU_0048,44,62,28.0,65
2024-03-10,SKU_0048,173,0,28.0,65
2024-03-17,SKU_0048,173,0,28.0,65
2024-03-24,SKU_0048,133,0,28.0,65
2024-03-31,SKU_0048,121,0,28.0,65
2024-04-07,SKU_0048,95,0,28.0,65
2024-04-14,SKU_0048,82,0,28.0,65
2024-04-21,SKU_0048,65,0,28.0,65
2024-04-28,SKU_0048,64,108,28.0,65
2024-05-05,SKU_0048,55,96,28.0,65
2024-05-12,SKU_0048,208,0,28.0,65
2024-05-19,SKU_0048,164,0,28.0,65
2024-05-26,SKU_0048,123,0,28.0,65
2024-06-02,SKU_0048,88,0,28.0,65
2024-06-09,SKU_0048,86,0,28.0,65
2024-06-16,SKU_0048,79,0,28.0,65
2024-06-23,SKU_0048,63,70,28.0,65
2024-06-30,SKU_0048,60,129,28.0,65
2024-07-07,SKU_0048,211,0,28.0,65
2024-07-14,SKU_0048,187,0,28.0,65
2024-07-21,SKU_0048,158,0,28.0,65
2024-07-28,SKU_0048,131,0,28.0,65
2024-08-04,SKU_0048,103,0,28.0,65
2024-08-11,SKU_0048,75,0,28.0,65
2024-08-18,SKU_0048,69,0,28.0,65
2024-08-25,SKU_0048,55,194,28.0,65
2024-09-01,SKU_0048,52,62,28.0,65
2024-09-08,SKU_0048,38,187,28.0,65
2024-09-15,SKU_0048,31,132,28.0,65
2024-09-22,SKU_0048,168,0,28.0,65
2024-09-29,SKU_0048,137,0,28.0,65
2024-10-06,SKU_0048,104,0,28.0,65
2024-10-13,SKU_0048,86,0,28.0,65
2024-10-20,SKU_0048,72,0,28.0,65
2024-10-27,SKU_0048,67,0,28.0,65
2024-11-03,SKU_0048,161,0,28.0,65
2024-11-10,SKU_0048,145,0,28.0,65
2024-11-17,SKU_0048,141,0,28.0,65
2024-11-24,SKU_0048,133,0,28.0,65
2024-12-01,SKU_0048,104,0,28.0,65
2024-12-08,SKU_0048,87,0,28.0,65
2024-12-15,SKU_0048,64,74,28.0,65
2024-12-22,SKU_0048,141,0,28.0,65
2024-12-29,SKU_0048,138,0,28.0,65
2023-01-01,SKU_0049,136,0,21.0,35
2023-01-08,SKU_0049,112,0,21.0,35
2023-01-15,SKU_0049,102,0,21.0,35
2023-01-22,SKU_0049,96,0,21.0,35
2023-01-29,SKU_0049,85,0,21.0,35
2023-02-05,SKU_0049,70,0,21.0,35
2023-02-12,SKU_0049,67,0,21.0,35
2023-02-19,SKU_0049,64,0,21.0,35
2023-02-26,SKU_0049,62,0,21.0,35
2023-03-05,SKU_0049,46,0,21.0,35
2023-03-12,SKU_0049,40,0,21.0,35
2023-03-19,SKU_0049,34,102,21.0,35
2023-03-26,SKU_0049,33,168,21.0,35
2023-04-02,SKU_0049,25,125,21.0,35
2023-04-09,SKU_0049,22,189,21.0,35
2023-04-16,SKU_0049,18,96,21.0,35
2023-04-23,SKU_0049,16,142,21.0,35
2023-04-30,SKU_0049,191,0,21.0,35
2023-05-07,SKU_0049,190,0,21.0,35
2023-05-14,SKU_0049,153,0,21.0,35
2023-05-21,SKU_0049,140,0,21.0,35
2023-05-28,SKU_0049,100,0,21.0,35
2023-06-04,SKU_0049,89,0,21.0,35
2023-06-11,SKU_0049,67,0,21.0,35
2023-06-18,SKU_0049,57,0,21.0,35
2023-06-25,SKU_0049,45,0,21.0,35
2023-07-02,SKU_0049,32,87,21.0,35
2023-07-09,SKU_0049,146,0,21.0,35
2023-07-16,SKU_0049,122,0,21.0,35
2023-07-23,SKU_0049,103,0,21.0,35
2023-07-30,SKU_0049,82,0,21.0,35
2023-08-06,SKU_0049,81,0,21.0,35
2023-08-13,SKU_0049,68,0,21.0,35
2023-08-20,SKU_0049,53,0,21.0,35
2023-08-27,SKU_0049,43,0,21.0,35
2023-09-03,SKU_0049,38,0,21.0,35
2023-09-10,SKU_0049,31,136,21.0,35
2023-09-17,SKU_0049,23,157,21.0,35
2023-09-24,SKU_0049,207,0,21.0,35
2023-10-01,SKU_0049,180,0,21.0,35
2023-10-08,SKU_0049,170,0,21.0,35
2023-10-15,SKU_0049,148,0,21.0,35
2023-10-22,SKU_0049,139,0,21.0,35
2023-10-29,SKU_0049,133,0,21.0,35
2023-11-05,SKU_0049,98,0,21.0,35
2023-11-12,SKU_0049,72,0,21.0,35
2023-11-19,SKU_0049,61,0,21.0,35
2023-11-26,SKU_0049,59,0,21.0,35
2023-12-03,SKU_0049,52,0,21.0,35
2023-12-10,SKU_0049,50,0,21.0,35
2023-12-17,SKU_0049,40,0,21.0,35
2023-12-24,SKU_0049,34,102,21.0,35
2023-12-31,SKU_0049,166,0,21.0,35
2024-01-07,SKU_0049,121,0,21.0,35
2024-01-14,SKU_0049,95,0,21.0,35
2024-01-21,SKU_0049,78,0,21.0,35
2024-01-28,SKU_0049,73,0,21.0,35
2024-02-04,SKU_0049,57,0,21.0,35
2024-02-11,SKU_0049,57,0,21.0,35
2024-02-18,SKU_0049,45,0,21.0,35
2024-02-25,SKU_0049,43,0,21.0,35
2024-03-03,SKU_0049,43,0,21.0,35
2024-03-10,SKU_0049,38,0,21.0,35
2024-03-17,SKU_0049,37,0,21.0,35
2024-03-24,SKU_0049,162,0,21.0,35
2024-03-31,SKU_0049,161,0,21.0,35
2024-04-07,SKU_0049,132,0,21.0,35
2024-04-14,SKU_0049,106,0,21.0,35
2024-04-21,SKU_0049,81,0,21.0,35
2024-04-28,SKU_0049,80,0,21.0,35
2024-05-05,SKU_0049,76,0,21.0,35
2024-05-12,SKU_0049,55,0,21.0,35
2024-05-19,SKU_0049,50,0,21.0,35
2024-05-26,SKU_0049,39,0,21.0,35
2024-06-02,SKU_0049,98,0,21.0,35
2024-06-09,SKU_0049,95,0,21.0,35
2024-06-16,SKU_0049,68,0,21.0,35
2024-06-23,SKU_0049,51,0,21.0,35
2024-06-30,SKU_0049,40,0,21.0,35
2024-07-07,SKU_0049,170,0,21.0,35
2024-07-14,SKU_0049,130,0,21.0,35
2024-07-21,SKU_0049,104,0,21.0,35
2024-07-28,SKU_0049,95,0,21.0,35
2024-08-04,SKU_0049,70,0,21.0,35
2024-08-11,SKU_0049,61,0,21.0,35
2024-08-18,SKU_0049,54,0,21.0,35
2024-08-25,SKU_0049,52,0,21.0,35
2024-09-01,SKU_0049,43,0,21.0,35
2024-09-08,SKU_0049,33,121,21.0,35
2024-09-15,SKU_0049,79,0,21.0,35
2024-09-22,SKU_0049,62,0,21.0,35
2024-09-29,SKU_0049,58,0,21.0,35
2024-10-06,SKU_0049,47,0,21.0,35
2024-10-13,SKU_0049,37,0,21.0,35
2024-10-20,SKU_0049,31,142,21.0,35
2024-10-27,SKU_0049,24,140,21.0,35
2024-11-03,SKU_0049,217,0,21.0,35
2024-11-10,SKU_0049,182,0,21.0,35
2024-11-17,SKU_0049,152,0,21.0,35
2024-11-24,SKU_0049,152,0,21.0,35
2024-12-01,SKU_0049,142,0,21.0,35
2024-12-08,SKU_0049,114,0,21.0,35
2024-12-15,SKU_0049,100,0,21.0,35
2024-12-22,SKU_0049,80,0,21.0,35
2024-12-29,SKU_0049,69,0,21.0,35
2023-01-01,SKU_0050,127,0,28.0,92
2023-01-08,SKU_0050,126,0,28.0,92
2023-01-15,SKU_0050,105,0,28.0,92
2023-01-22,SKU_0050,96,0,28.0,92
2023-01-29,SKU_0050,93,0,28.0,92
2023-02-05,SKU_0050,93,0,28.0,92
2023-02-12,SKU_0050,90,63,28.0,92
2023-02-19,SKU_0050,204,0,28.0,92
2023-02-26,SKU_0050,197,0,28.0,92
2023-03-05,SKU_0050,138,0,28.0,92
2023-03-12,SKU_0050,99,0,28.0,92
2023-03-19,SKU_0050,87,143,28.0,92
2023-03-26,SKU_0050,185,0,28.0,92
2023-04-02,SKU_0050,173,0,28.0,92
2023-04-09,SKU_0050,166,0,28.0,92
2023-04-16,SKU_0050,156,0,28.0,92
2023-04-23,SKU_0050,120,0,28.0,92
2023-04-30,SKU_0050,115,0,28.0,92
2023-05-07,SKU_0050,234,0,28.0,92
2023-05-14,SKU_0050,225,0,28.0,92
2023-05-21,SKU_0050,166,0,28.0,92
2023-05-28,SKU_0050,125,0,28.0,92
2023-06-04,SKU_0050,104,0,28.0,92
2023-06-11,SKU_0050,81,69,28.0,92
2023-06-18,SKU_0050,73,162,28.0,92
2023-06-25,SKU_0050,190,0,28.0,92
2023-07-02,SKU_0050,147,0,28.0,92
2023-07-09,SKU_0050,104,0,28.0,92
2023-07-16,SKU_0050,159,0,28.0,92
2023-07-23,SKU_0050,130,0,28.0,92
2023-07-30,SKU_0050,115,0,28.0,92
2023-08-06,SKU_0050,112,0,28.0,92
2023-08-13,SKU_0050,93,0,28.0,92
2023-08-20,SKU_0050,149,0,28.0,92
2023-08-27,SKU_0050,141,0,28.0,92
2023-09-03,SKU_0050,128,0,28.0,92
2023-09-10,SKU_0050,114,0,28.0,92
2023-09-17,SKU_0050,111,0,28.0,92
2023-09-24,SKU_0050,107,0,28.0,92
2023-10-01,SKU_0050,80,88,28.0,92
2023-10-08,SKU_0050,57,90,28.0,92
2023-10-15,SKU_0050,189,0,28.0,92
2023-10-22,SKU_0050,164,0,28.0,92
2023-10-29,SKU_0050,121,0,28.0,92
2023-11-05,SKU_0050,111,0,28.0,92
2023-11-12,SKU_0050,209,0,28.0,92
2023-11-19,SKU_0050,196,0,28.0,92
2023-11-26,SKU_0050,142,0,28.0,92
2023-12-03,SKU_0050,128,0,28.0,92
2023-12-10,SKU_0050,99,0,28.0,92
2023-12-17,SKU_0050,92,0,28.0,92
2023-12-24,SKU_0050,65,169,28.0,92
2023-12-31,SKU_0050,53,73,28.0,92
2024-01-07,SKU_0050,47,114,28.0,92
2024-01-14,SKU_0050,215,0,28.0,92
2024-01-21,SKU_0050,189,0,28.0,92
2024-01-28,SKU_0050,156,0,28.0,92
2024-02-04,SKU_0050,142,0,28.0,92
2024-02-11,SKU_0050,122,0,28.0,92
2024-02-18,SKU_0050,232,0,28.0,92
2024-02-25,SKU_0050,194,0,28.0,92
2024-03-03,SKU_0050,147,0,28.0,92
2024-03-10,SKU_0050,136,0,28.0,92
2024-03-17,SKU_0050,114,0,28.0,92
2024-03-24,SKU_0050,200,0,28.0,92
2024-03-31,SKU_0050,143,0,28.0,92
2024-04-07,SKU_0050,132,0,28.0,92
2024-04-14,SKU_0050,130,0,28.0,92
2024-04-21,SKU_0050,106,0,28.0,92
2024-04-28,SKU_0050,169,0,28.0,92
2024-05-05,SKU_0050,134,0,28.0,92
2024-05-12,SKU_0050,133,0,28.0,92
2024-05-19,SKU_0050,99,0,28.0,92
2024-05-26,SKU_0050,97,0,28.0,92
2024-06-02,SKU_0050,72,80,28.0,92
2024-06-09,SKU_0050,144,0,28.0,92
2024-06-16,SKU_0050,124,0,28.0,92
2024-06-23,SKU_0050,274,0,28.0,92
2024-06-30,SKU_0050,254,0,28.0,92
2024-07-07,SKU_0050,216,0,28.0,92
2024-07-14,SKU_0050,216,0,28.0,92
2024-07-21,SKU_0050,214,0,28.0,92
2024-07-28,SKU_0050,208,0,28.0,92
2024-08-04,SKU_0050,167,0,28.0,92
2024-08-11,SKU_0050,153,0,28.0,92
2024-08-18,SKU_0050,141,0,28.0,92
2024-08-25,SKU_0050,109,0,28.0,92
2024-09-01,SKU_0050,96,0,28.0,92
2024-09-08,SKU_0050,92,0,28.0,92
2024-09-15,SKU_0050,144,0,28.0,92
2024-09-22,SKU_0050,112,0,28.0,92
2024-09-29,SKU_0050,104,0,28.0,92
2024-10-06,SKU_0050,85,168,28.0,92
2024-10-13,SKU_0050,258,0,28.0,92
2024-10-20,SKU_0050,187,0,28.0,92
2024-10-27,SKU_0050,179,0,28.0,92
2024-11-03,SKU_0050,176,0,28.0,92
2024-11-10,SKU_0050,164,0,28.0,92
2024-11-17,SKU_0050,119,0,28.0,92
2024-11-24,SKU_0050,95,0,28.0,92
2024-12-01,SKU_0050,178,0,28.0,92
2024-12-08,SKU_0050,173,0,28.0,92
2024-12-15,SKU_0050,164,0,28.0,92
2024-12-22,SKU_0050,120,0,28.0,92
2024-12-29,SKU_0050,120,0,28.0,92
2023-01-01,SKU_0051,121,0,14.0,54
2023-01-08,SKU_0051,104,0,14.0,54
2023-01-15,SKU_0051,78,0,14.0,54
2023-01-22,SKU_0051,67,0,14.0,54
2023-01-29,SKU_0051,193,0,14.0,54
2023-02-05,SKU_0051,185,0,14.0,54
2023-02-12,SKU_0051,151,0,14.0,54
2023-02-19,SKU_0051,141,0,14.0,54
2023-02-26,SKU_0051,138,0,14.0,54
2023-03-05,SKU_0051,129,0,14.0,54
2023-03-12,SKU_0051,113,0,14.0,54
2023-03-19,SKU_0051,95,0,14.0,54
2023-03-26,SKU_0051,92,0,14.0,54
2023-04-02,SKU_0051,84,0,14.0,54
2023-04-09,SKU_0051,79,0,14.0,54
2023-04-16,SKU_0051,61,0,14.0,54
2023-04-23,SKU_0051,59,0,14.0,54
2023-04-30,SKU_0051,241,0,14.0,54
2023-05-07,SKU_0051,190,0,14.0,54
2023-05-14,SKU_0051,182,0,14.0,54
2023-05-21,SKU_0051,176,0,14.0,54
2023-05-28,SKU_0051,129,0,14.0,54
2023-06-04,SKU_0051,95,0,14.0,54
2023-06-11,SKU_0051,87,0,14.0,54
2023-06-18,SKU_0051,68,0,14.0,54
2023-06-25,SKU_0051,63,0,14.0,54
2023-07-02,SKU_0051,52,83,14.0,54
2023-07-09,SKU_0051,37,99,14.0,54
2023-07-16,SKU_0051,166,0,14.0,54
2023-07-23,SKU_0051,124,0,14.0,54
2023-07-30,SKU_0051,102,0,14.0,54
2023-08-06,SKU_0051,79,0,14.0,54
2023-08-13,SKU_0051,70,0,14.0,54
2023-08-20,SKU_0051,52,175,14.0,54
2023-08-27,SKU_0051,146,0,14.0,54
2023-09-03,SKU_0051,104,0,14.0,54
2023-09-10,SKU_0051,99,0,14.0,54
2023-09-17,SKU_0051,80,0,14.0,54
2023-09-24,SKU_0051,64,0,14.0,54
2023-10-01,SKU_0051,49,130,14.0,54
2023-10-08,SKU_0051,47,79,14.0,54
2023-10-15,SKU_0051,151,0,14.0,54
2023-10-22,SKU_0051,141,0,14.0,54
2023-10-29,SKU_0051,126,0,14.0,54
2023-11-05,SKU_0051,123,0,14.0,54
2023-11-12,SKU_0051,117,0,14.0,54
2023-11-19,SKU_0051,111,0,14.0,54
2023-11-26,SKU_0051,111,0,14.0,54
2023-12-03,SKU_0051,88,0,14.0,54
2023-12-10,SKU_0051,72,0,14.0,54
2023-12-17,SKU_0051,59,0,14.0,54
2023-12-24,SKU_0051,44,159,14.0,54
2023-12-31,SKU_0051,171,0,14.0,54
2024-01-07,SKU_0051,152,0,14.0,54
2024-01-14,SKU_0051,131,0,14.0,54
2024-01-21,SKU_0051,112,0,14.0,54
2024-01-28,SKU_0051,111,0,14.0,54
2024-02-04,SKU_0051,110,0,14.0,54
2024-02-11,SKU_0051,81,0,14.0,54
2024-02-18,SKU_0051,64,0,14.0,54
2024-02-25,SKU_0051,55,0,14.0,54
2024-03-03,SKU_0051,54,0,14.0,54
2024-03-10,SKU_0051,43,136,14.0,54
2024-03-17,SKU_0051,216,0,14.0,54
2024-03-24,SKU_0051,183,0,14.0,54
2024-03-31,SKU_0051,174,0,14.0,54
2024-04-07,SKU_0051,133,0,14.0,54
2024-04-14,SKU_0051,123,0,14.0,54
2024-04-21,SKU_0051,92,0,14.0,54
2024-04-28,SKU_0051,82,0,14.0,54
2024-05-05,SKU_0051,78,0,14.0,54
2024-05-12,SKU_0051,72,0,14.0,54
2024-05-19,SKU_0051,57,0,14.0,54
2024-05-26,SKU_0051,193,0,14.0,54
2024-06-02,SKU_0051,154,0,14.0,54
2024-06-09,SKU_0051,135,0,14.0,54
2024-06-16,SKU_0051,118,0,14.0,54
2024-06-23,SKU_0051,107,0,14.0,54
2024-06-30,SKU_0051,83,0,14.0,54
2024-07-07,SKU_0051,65,0,14.0,54
2024-07-14,SKU_0051,225,0,14.0,54
2024-07-21,SKU_0051,180,0,14.0,54
2024-07-28,SKU_0051,173,0,14.0,54
2024-08-04,SKU_0051,139,0,14.0,54
2024-08-11,SKU_0051,118,0,14.0,54
2024-08-18,SKU_0051,96,0,14.0,54
2024-08-25,SKU_0051,69,0,14.0,54
2024-09-01,SKU_0051,62,0,14.0,54
2024-09-08,SKU_0051,48,124,14.0,54
2024-09-15,SKU_0051,224,0,14.0,54
2024-09-22,SKU_0051,178,0,14.0,54
2024-09-29,SKU_0051,178,0,14.0,54
2024-10-06,SKU_0051,170,0,14.0,54
2024-10-13,SKU_0051,147,0,14.0,54
2024-10-20,SKU_0051,108,0,14.0,54
2024-10-27,SKU_0051,96,0,14.0,54
2024-11-03,SKU_0051,91,0,14.0,54
2024-11-10,SKU_0051,84,0,14.0,54
2024-11-17,SKU_0051,60,0,14.0,54
2024-11-24,SKU_0051,45,126,14.0,54
2024-12-01,SKU_0051,158,0,14.0,54
2024-12-08,SKU_0051,157,0,14.0,54
2024-12-15,SKU_0051,150,0,14.0,54
2024-12-22,SKU_0051,119,0,14.0,54
2024-12-29,SKU_0051,90,0,14.0,54
2023-01-01,SKU_0052,276,0,7.0,39
2023-01-08,SKU_0052,228,0,7.0,39
2023-01-15,SKU_0052,214,0,7.0,39
2023-01-22,SKU_0052,181,0,7.0,39
2023-01-29,SKU_0052,146,0,7.0,39
2023-02-05,SKU_0052,127,0,7.0,39
2023-02-12,SKU_0052,117,0,7.0,39
2023-02-19,SKU_0052,116,0,7.0,39
2023-02-26,SKU_0052,96,0,7.0,39
2023-03-05,SKU_0052,72,0,7.0,39
2023-03-12,SKU_0052,63,0,7.0,39
2023-03-19,SKU_0052,46,0,7.0,39
2023-03-26,SKU_0052,44,0,7.0,39
2023-04-02,SKU_0052,44,0,7.0,39
2023-04-09,SKU_0052,35,98,7.0,39
2023-04-16,SKU_0052,35,84,7.0,39
2023-04-23,SKU_0052,31,193,7.0,39
2023-04-30,SKU_0052,105,0,7.0,39
2023-05-07,SKU_0052,105,0,7.0,39
2023-05-14,SKU_0052,90,0,7.0,39
2023-05-21,SKU_0052,70,0,7.0,39
2023-05-28,SKU_0052,70,0,7.0,39
2023-06-04,SKU_0052,53,0,7.0,39
2023-06-11,SKU_0052,52,0,7.0,39
2023-06-18,SKU_0052,48,0,7.0,39
2023-06-25,SKU_0052,178,0,7.0,39
2023-07-02,SKU_0052,150,0,7.0,39
2023-07-09,SKU_0052,143,0,7.0,39
2023-07-16,SKU_0052,130,0,7.0,39
2023-07-23,SKU_0052,117,0,7.0,39
2023-07-30,SKU_0052,84,0,7.0,39
2023-08-06,SKU_0052,84,0,7.0,39
2023-08-13,SKU_0052,82,0,7.0,39
2023-08-20,SKU_0052,62,0,7.0,39
2023-08-27,SKU_0052,62,0,7.0,39
2023-09-03,SKU_0052,50,0,7.0,39
2023-09-10,SKU_0052,42,0,7.0,39
2023-09-17,SKU_0052,184,0,7.0,39
2023-09-24,SKU_0052,173,0,7.0,39
2023-10-01,SKU_0052,167,0,7.0,39
2023-10-08,SKU_0052,123,0,7.0,39
2023-10-15,SKU_0052,104,0,7.0,39
2023-10-22,SKU_0052,98,0,7.0,39
2023-10-29,SKU_0052,96,0,7.0,39
2023-11-05,SKU_0052,75,0,7.0,39
2023-11-12,SKU_0052,67,0,7.0,39
2023-11-19,SKU_0052,60,0,7.0,39
2023-11-26,SKU_0052,50,0,7.0,39
2023-12-03,SKU_0052,40,0,7.0,39
2023-12-10,SKU_0052,32,159,7.0,39
2023-12-17,SKU_0052,153,0,7.0,39
2023-12-24,SKU_0052,130,0,7.0,39
2023-12-31,SKU_0052,126,0,7.0,39
2024-01-07,SKU_0052,120,0,7.0,39
2024-01-14,SKU_0052,99,0,7.0,39
2024-01-21,SKU_0052,81,0,7.0,39
2024-01-28,SKU_0052,76,0,7.0,39
2024-02-04,SKU_0052,71,0,7.0,39
2024-02-11,SKU_0052,61,0,7.0,39
2024-02-18,SKU_0052,51,0,7.0,39
2024-02-25,SKU_0052,49,0,7.0,39
2024-03-03,SKU_0052,39,0,7.0,39
2024-03-10,SKU_0052,33,108,7.0,39
2024-03-17,SKU_0052,31,139,7.0,39
2024-03-24,SKU_0052,89,0,7.0,39
2024-03-31,SKU_0052,66,0,7.0,39
2024-04-07,SKU_0052,53,0,7.0,39
2024-04-14,SKU_0052,53,0,7.0,39
2024-04-21,SKU_0052,44,0,7.0,39
2024-04-28,SKU_0052,39,0,7.0,39
2024-05-05,SKU_0052,39,0,7.0,39
2024-05-12,SKU_0052,28,110,7.0,39
2024-05-19,SKU_0052,208,0,7.0,39
2024-05-26,SKU_0052,153,0,7.0,39
2024-06-02,SKU_0052,145,0,7.0,39
2024-06-09,SKU_0052,128,0,7.0,39
2024-06-16,SKU_0052,117,0,7.0,39
2024-06-23,SKU_0052,91,0,7.0,39
2024-06-30,SKU_0052,90,0,7.0,39
2024-07-07,SKU_0052,69,0,7.0,39
2024-07-14,SKU_0052,57,0,7.0,39
2024-07-21,SKU_0052,48,0,7.0,39
2024-07-28,SKU_0052,45,0,7.0,39
2024-08-04,SKU_0052,34,122,7.0,39
2024-08-11,SKU_0052,33,124,7.0,39
2024-08-18,SKU_0052,27,142,7.0,39
2024-08-25,SKU_0052,146,0,7.0,39
2024-09-01,SKU_0052,105,0,7.0,39
2024-09-08,SKU_0052,99,0,7.0,39
2024-09-15,SKU_0052,83,0,7.0,39
2024-09-22,SKU_0052,68,0,7.0,39
2024-09-29,SKU_0052,58,0,7.0,39
2024-10-06,SKU_0052,53,0,7.0,39
2024-10-13,SKU_0052,53,0,7.0,39
2024-10-20,SKU_0052,52,0,7.0,39
2024-10-27,SKU_0052,48,0,7.0,39
2024-11-03,SKU_0052,46,0,7.0,39
2024-11-10,SKU_0052,39,0,7.0,39
2024-11-17,SKU_0052,161,0,7.0,39
2024-11-24,SKU_0052,114,0,7.0,39
2024-12-01,SKU_0052,91,0,7.0,39
2024-12-08,SKU_0052,74,0,7.0,39
2024-12-15,SKU_0052,59,0,7.0,39
2024-12-22,SKU_0052,57,0,7.0,39
2024-12-29,SKU_0052,54,0,7.0,39
2023-01-01,SKU_0053,60,0,7.0,57
2023-01-08,SKU_0053,59,0,7.0,57
2023-01-15,SKU_0053,54,192,7.0,57
2023-01-22,SKU_0053,46,82,7.0,57
2023-01-29,SKU_0053,99,0,7.0,57
2023-02-05,SKU_0053,99,0,7.0,57
2023-02-12,SKU_0053,92,0,7.0,57
2023-02-19,SKU_0053,84,0,7.0,57
2023-02-26,SKU_0053,78,0,7.0,57
2023-03-05,SKU_0053,67,0,7.0,57
2023-03-12,SKU_0053,66,0,7.0,57
2023-03-19,SKU_0053,58,0,7.0,57
2023-03-26,SKU_0053,216,0,7.0,57
2023-04-02,SKU_0053,197,0,7.0,57
2023-04-09,SKU_0053,172,0,7.0,57
2023-04-16,SKU_0053,123,0,7.0,57
2023-04-23,SKU_0053,95,0,7.0,57
2023-04-30,SKU_0053,84,0,7.0,57
2023-05-07,SKU_0053,70,0,7.0,57
2023-05-14,SKU_0053,58,0,7.0,57
2023-05-21,SKU_0053,57,0,7.0,57
2023-05-28,SKU_0053,118,0,7.0,57
2023-06-04,SKU_0053,111,0,7.0,57
2023-06-11,SKU_0053,87,0,7.0,57
2023-06-18,SKU_0053,70,0,7.0,57
2023-06-25,SKU_0053,58,0,7.0,57
2023-07-02,SKU_0053,58,0,7.0,57
2023-07-09,SKU_0053,210,0,7.0,57
2023-07-16,SKU_0053,201,0,7.0,57
2023-07-23,SKU_0053,178,0,7.0,57
2023-07-30,SKU_0053,132,0,7.0,57
2023-08-06,SKU_0053,93,0,7.0,57
2023-08-13,SKU_0053,73,0,7.0,57
2023-08-20,SKU_0053,67,0,7.0,57
2023-08-27,SKU_0053,59,0,7.0,57
2023-09-03,SKU_0053,155,0,7.0,57
2023-09-10,SKU_0053,140,0,7.0,57
2023-09-17,SKU_0053,119,0,7.0,57
2023-09-24,SKU_0053,98,0,7.0,57
2023-10-01,SKU_0053,87,0,7.0,57
2023-10-08,SKU_0053,83,0,7.0,57
2023-10-15,SKU_0053,60,0,7.0,57
2023-10-22,SKU_0053,43,188,7.0,57
2023-10-29,SKU_0053,218,0,7.0,57
2023-11-05,SKU_0053,166,0,7.0,57
2023-11-12,SKU_0053,163,0,7.0,57
2023-11-19,SKU_0053,151,0,7.0,57
2023-11-26,SKU_0053,116,0,7.0,57
2023-12-03,SKU_0053,115,0,7.0,57
2023-12-10,SKU_0053,82,0,7.0,57
2023-12-17,SKU_0053,67,0,7.0,57
2023-12-24,SKU_0053,50,63,7.0,57
2023-12-31,SKU_0053,36,129,7.0,57
2024-01-07,SKU_0053,34,143,7.0,57
2024-01-14,SKU_0053,107,0,7.0,57
2024-01-21,SKU_0053,98,0,7.0,57
2024-01-28,SKU_0053,78,0,7.0,57
2024-02-04,SKU_0053,70,0,7.0,57
2024-02-11,SKU_0053,242,0,7.0,57
2024-02-18,SKU_0053,240,0,7.0,57
2024-02-25,SKU_0053,193,0,7.0,57
2024-03-03,SKU_0053,171,0,7.0,57
2024-03-10,SKU_0053,152,0,7.0,57
2024-03-17,SKU_0053,129,0,7.0,57
2024-03-24,SKU_0053,129,0,7.0,57
2024-03-31,SKU_0053,119,0,7.0,57
2024-04-07,SKU_0053,105,0,7.0,57
2024-04-14,SKU_0053,96,0,7.0,57
2024-04-21,SKU_0053,78,0,7.0,57
2024-04-28,SKU_0053,72,0,7.0,57
2024-05-05,SKU_0053,70,0,7.0,57
2024-05-12,SKU_0053,57,0,7.0,57
2024-05-19,SKU_0053,53,182,7.0,57
2024-05-26,SKU_0053,212,0,7.0,57
2024-06-02,SKU_0053,199,0,7.0,57
2024-06-09,SKU_0053,141,0,7.0,57
2024-06-16,SKU_0053,112,0,7.0,57
2024-06-23,SKU_0053,94,0,7.0,57
2024-06-30,SKU_0053,86,0,7.0,57
2024-07-07,SKU_0053,66,0,7.0,57
2024-07-14,SKU_0053,47,156,7.0,57
2024-07-21,SKU_0053,41,156,7.0,57
2024-07-28,SKU_0053,37,80,7.0,57
2024-08-04,SKU_0053,139,0,7.0,57
2024-08-11,SKU_0053,108,0,7.0,57
2024-08-18,SKU_0053,92,0,7.0,57
2024-08-25,SKU_0053,79,0,7.0,57
2024-09-01,SKU_0053,64,0,7.0,57
2024-09-08,SKU_0053,55,170,7.0,57
2024-09-15,SKU_0053,225,0,7.0,57
2024-09-22,SKU_0053,184,0,7.0,57
2024-09-29,SKU_0053,155,0,7.0,57
2024-10-06,SKU_0053,118,0,7.0,57
2024-10-13,SKU_0053,106,0,7.0,57
2024-10-20,SKU_0053,100,0,7.0,57
2024-10-27,SKU_0053,76,0,7.0,57
2024-11-03,SKU_0053,66,0,7.0,57
2024-11-10,SKU_0053,181,0,7.0,57
2024-11-17,SKU_0053,150,0,7.0,57
2024-11-24,SKU_0053,124,0,7.0,57
2024-12-01,SKU_0053,121,0,7.0,57
2024-12-08,SKU_0053,105,0,7.0,57
2024-12-15,SKU_0053,96,0,7.0,57
2024-12-22,SKU_0053,73,0,7.0,57
2024-12-29,SKU_0053,72,0,7.0,57
2023-01-01,SKU_0054,313,0,21.0,55
2023-01-08,SKU_0054,228,0,21.0,55
2023-01-15,SKU_0054,218,0,21.0,55
2023-01-22,SKU_0054,173,0,21.0,55
2023-01-29,SKU_0054,158,0,21.0,55
2023-02-05,SKU_0054,137,0,21.0,55
2023-02-12,SKU_0054,124,0,21.0,55
2023-02-19,SKU_0054,100,0,21.0,55
2023-02-26,SKU_0054,91,0,21.0,55
2023-03-05,SKU_0054,86,0,21.0,55
2023-03-12,SKU_0054,64,0,21.0,55
2023-03-19,SKU_0054,249,0,21.0,55
2023-03-26,SKU_0054,229,0,21.0,55
2023-04-02,SKU_0054,223,0,21.0,55
2023-04-09,SKU_0054,216,0,21.0,55
2023-04-16,SKU_0054,168,0,21.0,55
2023-04-23,SKU_0054,134,0,21.0,55
2023-04-30,SKU_0054,126,0,21.0,55
2023-05-07,SKU_0054,110,0,21.0,55
2023-05-14,SKU_0054,108,0,21.0,55
2023-05-21,SKU_0054,104,0,21.0,55
2023-05-28,SKU_0054,89,0,21.0,55
2023-06-04,SKU_0054,78,0,21.0,55
2023-06-11,SKU_0054,66,0,21.0,55
2023-06-18,SKU_0054,60,0,21.0,55
2023-06-25,SKU_0054,52,138,21.0,55
2023-07-02,SKU_0054,104,0,21.0,55
2023-07-09,SKU_0054,92,0,21.0,55
2023-07-16,SKU_0054,90,0,21.0,55
2023-07-23,SKU_0054,75,0,21.0,55
2023-07-30,SKU_0054,57,0,21.0,55
2023-08-06,SKU_0054,204,0,21.0,55
2023-08-13,SKU_0054,163,0,21.0,55
2023-08-20,SKU_0054,159,0,21.0,55
2023-08-27,SKU_0054,112,0,21.0,55
2023-09-03,SKU_0054,91,0,21.0,55
2023-09-10,SKU_0054,89,0,21.0,55
2023-09-17,SKU_0054,65,0,21.0,55
2023-09-24,SKU_0054,57,0,21.0,55
2023-10-01,SKU_0054,191,0,21.0,55
2023-10-08,SKU_0054,151,0,21.0,55
2023-10-15,SKU_0054,113,0,21.0,55
2023-10-22,SKU_0054,107,0,21.0,55
2023-10-29,SKU_0054,87,0,21.0,55
2023-11-05,SKU_0054,82,0,21.0,55
2023-11-12,SKU_0054,61,0,21.0,55
2023-11-19,SKU_0054,60,0,21.0,55
2023-11-26,SKU_0054,172,0,21.0,55
2023-12-03,SKU_0054,135,0,21.0,55
2023-12-10,SKU_0054,129,0,21.0,55
2023-12-17,SKU_0054,102,0,21.0,55
2023-12-24,SKU_0054,75,0,21.0,55
2023-12-31,SKU_0054,56,0,21.0,55
2024-01-07,SKU_0054,42,160,21.0,55
2024-01-14,SKU_0054,97,0,21.0,55
2024-01-21,SKU_0054,77,0,21.0,55
2024-01-28,SKU_0054,64,0,21.0,55
2024-02-04,SKU_0054,61,0,21.0,55
2024-02-11,SKU_0054,148,0,21.0,55
2024-02-18,SKU_0054,130,0,21.0,55
2024-02-25,SKU_0054,92,0,21.0,55
2024-03-03,SKU_0054,81,0,21.0,55
2024-03-10,SKU_0054,64,0,21.0,55
2024-03-17,SKU_0054,45,74,21.0,55
2024-03-24,SKU_0054,44,66,21.0,55
2024-03-31,SKU_0054,121,0,21.0,55
2024-04-07,SKU_0054,99,0,21.0,55
2024-04-14,SKU_0054,77,0,21.0,55
2024-04-21,SKU_0054,56,0,21.0,55
2024-04-28,SKU_0054,243,0,21.0,55
2024-05-05,SKU_0054,206,0,21.0,55
2024-05-12,SKU_0054,167,0,21.0,55
2024-05-19,SKU_0054,154,0,21.0,55
2024-05-26,SKU_0054,113,0,21.0,55
2024-06-02,SKU_0054,113,0,21.0,55
2024-06-09,SKU_0054,89,0,21.0,55
2024-06-16,SKU_0054,82,0,21.0,55
2024-06-23,SKU_0054,73,0,21.0,55
2024-06-30,SKU_0054,241,0,21.0,55
2024-07-07,SKU_0054,172,0,21.0,55
2024-07-14,SKU_0054,146,0,21.0,55
2024-07-21,SKU_0054,138,0,21.0,55
2024-07-28,SKU_0054,120,0,21.0,55
2024-08-04,SKU_0054,115,0,21.0,55
2024-08-11,SKU_0054,97,0,21.0,55
2024-08-18,SKU_0054,69,0,21.0,55
2024-08-25,SKU_0054,55,0,21.0,55
2024-09-01,SKU_0054,215,0,21.0,55
2024-09-08,SKU_0054,206,0,21.0,55
2024-09-15,SKU_0054,153,0,21.0,55
2024-09-22,SKU_0054,147,0,21.0,55
2024-09-29,SKU_0054,132,0,21.0,55
2024-10-06,SKU_0054,103,0,21.0,55
2024-10-13,SKU_0054,92,0,21.0,55
2024-10-20,SKU_0054,74,0,21.0,55
2024-10-27,SKU_0054,62,0,21.0,55
2024-11-03,SKU_0054,61,0,21.0,55
2024-11-10,SKU_0054,151,0,21.0,55
2024-11-17,SKU_0054,117,0,21.0,55
2024-11-24,SKU_0054,90,0,21.0,55
2024-12-01,SKU_0054,81,0,21.0,55
2024-12-08,SKU_0054,67,0,21.0,55
2024-12-15,SKU_0054,49,185,21.0,55
2024-12-22,SKU_0054,160,0,21.0,55
2024-12-29,SKU_0054,126,0,21.0,55
2023-01-01,SKU_0055,223,0,21.0,78
2023-01-08,SKU_0055,171,0,21.0,78
2023-01-15,SKU_0055,146,0,21.0,78
2023-01-22,SKU_0055,110,0,21.0,78
2023-01-29,SKU_0055,90,0,21.0,78
2023-02-05,SKU_0055,196,0,21.0,78
2023-02-12,SKU_0055,183,0,21.0,78
2023-02-19,SKU_0055,164,0,21.0,78
2023-02-26,SKU_0055,147,0,21.0,78
2023-03-05,SKU_0055,112,0,21.0,78
2023-03-12,SKU_0055,84,0,21.0,78
2023-03-19,SKU_0055,81,0,21.0,78
2023-03-26,SKU_0055,78,0,21.0,78
2023-04-02,SKU_0055,64,162,21.0,78
2023-04-09,SKU_0055,53,104,21.0,78
2023-04-16,SKU_0055,42,158,21.0,78
2023-04-23,SKU_0055,189,0,21.0,78
2023-04-30,SKU_0055,134,0,21.0,78
2023-05-07,SKU_0055,128,0,21.0,78
2023-05-14,SKU_0055,119,0,21.0,78
2023-05-21,SKU_0055,101,0,21.0,78
2023-05-28,SKU_0055,141,0,21.0,78
2023-06-04,SKU_0055,111,0,21.0,78
2023-06-11,SKU_0055,85,0,21.0,78
2023-06-18,SKU_0055,75,120,21.0,78
2023-06-25,SKU_0055,73,147,21.0,78
2023-07-02,SKU_0055,142,0,21.0,78
2023-07-09,SKU_0055,118,0,21.0,78
2023-07-16,SKU_0055,106,0,21.0,78
2023-07-23,SKU_0055,92,0,21.0,78
2023-07-30,SKU_0055,87,0,21.0,78
2023-08-06,SKU_0055,68,175,21.0,78
2023-08-13,SKU_0055,109,0,21.0,78
2023-08-20,SKU_0055,102,0,21.0,78
2023-08-27,SKU_0055,97,0,21.0,78
2023-09-03,SKU_0055,83,0,21.0,78
2023-09-10,SKU_0055,64,152,21.0,78
2023-09-17,SKU_0055,58,74,21.0,78
2023-09-24,SKU_0055,56,121,21.0,78
2023-10-01,SKU_0055,43,125,21.0,78
2023-10-08,SKU_0055,35,120,21.0,78
2023-10-15,SKU_0055,32,139,21.0,78
2023-10-22,SKU_0055,110,0,21.0,78
2023-10-29,SKU_0055,79,0,21.0,78
2023-11-05,SKU_0055,151,0,21.0,78
2023-11-12,SKU_0055,120,0,21.0,78
2023-11-19,SKU_0055,115,0,21.0,78
2023-11-26,SKU_0055,100,0,21.0,78
2023-12-03,SKU_0055,248,0,21.0,78
2023-12-10,SKU_0055,243,0,21.0,78
2023-12-17,SKU_0055,236,0,21.0,78
2023-12-24,SKU_0055,166,0,21.0,78
2023-12-31,SKU_0055,126,0,21.0,78
2024-01-07,SKU_0055,110,0,21.0,78
2024-01-14,SKU_0055,95,0,21.0,78
2024-01-21,SKU_0055,93,0,21.0,78
2024-01-28,SKU_0055,89,0,21.0,78
2024-02-04,SKU_0055,86,0,21.0,78
2024-02-11,SKU_0055,122,0,21.0,78
2024-02-18,SKU_0055,119,0,21.0,78
2024-02-25,SKU_0055,103,0,21.0,78
2024-03-03,SKU_0055,98,0,21.0,78
2024-03-10,SKU_0055,91,0,21.0,78
2024-03-17,SKU_0055,88,0,21.0,78
2024-03-24,SKU_0055,228,0,21.0,78
2024-03-31,SKU_0055,191,0,21.0,78
2024-04-07,SKU_0055,138,0,21.0,78
2024-04-14,SKU_0055,108,0,21.0,78
2024-04-21,SKU_0055,84,0,21.0,78
2024-04-28,SKU_0055,66,153,21.0,78
2024-05-05,SKU_0055,66,84,21.0,78
2024-05-12,SKU_0055,57,193,21.0,78
2024-05-19,SKU_0055,57,198,21.0,78
2024-05-26,SKU_0055,138,0,21.0,78
2024-06-02,SKU_0055,102,0,21.0,78
2024-06-09,SKU_0055,99,0,21.0,78
2024-06-16,SKU_0055,82,0,21.0,78
2024-06-23,SKU_0055,71,69,21.0,78
2024-06-30,SKU_0055,182,0,21.0,78
2024-07-07,SKU_0055,167,0,21.0,78
2024-07-14,SKU_0055,133,0,21.0,78
2024-07-21,SKU_0055,117,0,21.0,78
2024-07-28,SKU_0055,82,0,21.0,78
2024-08-04,SKU_0055,66,99,21.0,78
2024-08-11,SKU_0055,62,125,21.0,78
2024-08-18,SKU_0055,144,0,21.0,78
2024-08-25,SKU_0055,102,0,21.0,78
2024-09-01,SKU_0055,93,0,21.0,78
2024-09-08,SKU_0055,206,0,21.0,78
2024-09-15,SKU_0055,187,0,21.0,78
2024-09-22,SKU_0055,154,0,21.0,78
2024-09-29,SKU_0055,136,0,21.0,78
2024-10-06,SKU_0055,102,0,21.0,78
2024-10-13,SKU_0055,78,0,21.0,78
2024-10-20,SKU_0055,60,97,21.0,78
2024-10-27,SKU_0055,43,74,21.0,78
2024-11-03,SKU_0055,227,0,21.0,78
2024-11-10,SKU_0055,212,0,21.0,78
2024-11-17,SKU_0055,171,0,21.0,78
2024-11-24,SKU_0055,142,0,21.0,78
2024-12-01,SKU_0055,138,0,21.0,78
2024-12-08,SKU_0055,133,0,21.0,78
2024-12-15,SKU_0055,105,0,21.0,78
2024-12-22,SKU_0055,78,0,21.0,78
2024-12-29,SKU_0055,217,0,21.0,78
2023-01-01,SKU_0056,422,0,7.0,46
2023-01-08,SKU_0056,316,0,7.0,46
2023-01-15,SKU_0056,240,0,7.0,46
2023-01-22,SKU_0056,197,0,7.0,46
2023-01-29,SKU_0056,145,0,7.0,46
2023-02-05,SKU_0056,103,0,7.0,46
2023-02-12,SKU_0056,78,0,7.0,46
2023-02-19,SKU_0056,58,0,7.0,46
2023-02-26,SKU_0056,52,0,7.0,46
2023-03-05,SKU_0056,40,160,7.0,46
2023-03-12,SKU_0056,126,0,7.0,46
2023-03-19,SKU_0056,126,0,7.0,46
2023-03-26,SKU_0056,95,0,7.0,46
2023-04-02,SKU_0056,74,0,7.0,46
2023-04-09,SKU_0056,73,0,7.0,46
2023-04-16,SKU_0056,63,0,7.0,46
2023-04-23,SKU_0056,46,0,7.0,46
2023-04-30,SKU_0056,95,0,7.0,46
2023-05-07,SKU_0056,92,0,7.0,46
2023-05-14,SKU_0056,74,0,7.0,46
2023-05-21,SKU_0056,62,0,7.0,46
2023-05-28,SKU_0056,61,0,7.0,46
2023-06-04,SKU_0056,43,198,7.0,46
2023-06-11,SKU_0056,92,0,7.0,46
2023-06-18,SKU_0056,87,0,7.0,46
2023-06-25,SKU_0056,82,0,7.0,46
2023-07-02,SKU_0056,69,0,7.0,46
2023-07-09,SKU_0056,55,0,7.0,46
2023-07-16,SKU_0056,51,0,7.0,46
2023-07-23,SKU_0056,44,95,7.0,46
2023-07-30,SKU_0056,31,88,7.0,46
2023-08-06,SKU_0056,197,0,7.0,46
2023-08-13,SKU_0056,151,0,7.0,46
2023-08-20,SKU_0056,124,0,7.0,46
2023-08-27,SKU_0056,115,0,7.0,46
2023-09-03,SKU_0056,115,0,7.0,46
2023-09-10,SKU_0056,106,0,7.0,46
2023-09-17,SKU_0056,101,0,7.0,46
2023-09-24,SKU_0056,90,0,7.0,46
2023-10-01,SKU_0056,83,0,7.0,46
2023-10-08,SKU_0056,61,0,7.0,46
2023-10-15,SKU_0056,60,0,7.0,46
2023-10-22,SKU_0056,43,150,7.0,46
2023-10-29,SKU_0056,201,0,7.0,46
2023-11-05,SKU_0056,157,0,7.0,46
2023-11-12,SKU_0056,143,0,7.0,46
2023-11-19,SKU_0056,118,0,7.0,46
2023-11-26,SKU_0056,106,0,7.0,46
2023-12-03,SKU_0056,83,0,7.0,46
2023-12-10,SKU_0056,70,0,7.0,46
2023-12-17,SKU_0056,69,0,7.0,46
2023-12-24,SKU_0056,60,0,7.0,46
2023-12-31,SKU_0056,44,180,7.0,46
2024-01-07,SKU_0056,35,123,7.0,46
2024-01-14,SKU_0056,80,0,7.0,46
2024-01-21,SKU_0056,78,0,7.0,46
2024-01-28,SKU_0056,66,0,7.0,46
2024-02-04,SKU_0056,66,0,7.0,46
2024-02-11,SKU_0056,60,0,7.0,46
2024-02-18,SKU_0056,48,0,7.0,46
2024-02-25,SKU_0056,48,0,7.0,46
2024-03-03,SKU_0056,110,0,7.0,46
2024-03-10,SKU_0056,80,0,7.0,46
2024-03-17,SKU_0056,56,0,7.0,46
2024-03-24,SKU_0056,47,0,7.0,46
2024-03-31,SKU_0056,41,102,7.0,46
2024-04-07,SKU_0056,35,52,7.0,46
2024-04-14,SKU_0056,32,101,7.0,46
2024-04-21,SKU_0056,31,89,7.0,46
2024-04-28,SKU_0056,30,176,7.0,46
2024-05-05,SKU_0056,104,0,7.0,46
2024-05-12,SKU_0056,93,0,7.0,46
2024-05-19,SKU_0056,77,0,7.0,46
2024-05-26,SKU_0056,55,0,7.0,46
2024-06-02,SKU_0056,40,122,7.0,46
2024-06-09,SKU_0056,36,94,7.0,46
2024-06-16,SKU_0056,84,0,7.0,46
2024-06-23,SKU_0056,61,0,7.0,46
2024-06-30,SKU_0056,50,0,7.0,46
2024-07-07,SKU_0056,44,137,7.0,46
2024-07-14,SKU_0056,34,155,7.0,46
2024-07-21,SKU_0056,25,139,7.0,46
2024-07-28,SKU_0056,181,0,7.0,46
2024-08-04,SKU_0056,145,0,7.0,46
2024-08-11,SKU_0056,118,0,7.0,46
2024-08-18,SKU_0056,114,0,7.0,46
2024-08-25,SKU_0056,103,0,7.0,46
2024-09-01,SKU_0056,103,0,7.0,46
2024-09-08,SKU_0056,82,0,7.0,46
2024-09-15,SKU_0056,71,0,7.0,46
2024-09-22,SKU_0056,62,0,7.0,46
2024-09-29,SKU_0056,59,0,7.0,46
2024-10-06,SKU_0056,46,0,7.0,46
2024-10-13,SKU_0056,88,0,7.0,46
2024-10-20,SKU_0056,73,0,7.0,46
2024-10-27,SKU_0056,61,0,7.0,46
2024-11-03,SKU_0056,57,0,7.0,46
2024-11-10,SKU_0056,49,0,7.0,46
2024-11-17,SKU_0056,100,0,7.0,46
2024-11-24,SKU_0056,93,0,7.0,46
2024-12-01,SKU_0056,74,0,7.0,46
2024-12-08,SKU_0056,66,0,7.0,46
2024-12-15,SKU_0056,66,0,7.0,46
2024-12-22,SKU_0056,58,0,7.0,46
2024-12-29,SKU_0056,58,0,7.0,46
2023-01-01,SKU_0057,194,0,28.0,64
2023-01-08,SKU_0057,164,0,28.0,64
2023-01-15,SKU_0057,147,0,28.0,64
2023-01-22,SKU_0057,104,0,28.0,64
2023-01-29,SKU_0057,102,0,28.0,64
2023-02-05,SKU_0057,84,0,28.0,64
2023-02-12,SKU_0057,75,0,28.0,64
2023-02-19,SKU_0057,74,0,28.0,64
2023-02-26,SKU_0057,153,0,28.0,64
2023-03-05,SKU_0057,144,0,28.0,64
2023-03-12,SKU_0057,135,0,28.0,64
2023-03-19,SKU_0057,119,0,28.0,64
2023-03-26,SKU_0057,89,0,28.0,64
2023-04-02,SKU_0057,79,0,28.0,64
2023-04-09,SKU_0057,59,170,28.0,64
2023-04-16,SKU_0057,200,0,28.0,64
2023-04-23,SKU_0057,159,0,28.0,64
2023-04-30,SKU_0057,158,0,28.0,64
2023-05-07,SKU_0057,145,0,28.0,64
2023-05-14,SKU_0057,144,0,28.0,64
2023-05-21,SKU_0057,108,0,28.0,64
2023-05-28,SKU_0057,78,0,28.0,64
2023-06-04,SKU_0057,73,0,28.0,64
2023-06-11,SKU_0057,73,0,28.0,64
2023-06-18,SKU_0057,67,0,28.0,64
2023-06-25,SKU_0057,195,0,28.0,64
2023-07-02,SKU_0057,193,0,28.0,64
2023-07-09,SKU_0057,172,0,28.0,64
2023-07-16,SKU_0057,171,0,28.0,64
2023-07-23,SKU_0057,153,0,28.0,64
2023-07-30,SKU_0057,143,0,28.0,64
2023-08-06,SKU_0057,121,0,28.0,64
2023-08-13,SKU_0057,110,0,28.0,64
2023-08-20,SKU_0057,84,0,28.0,64
2023-08-27,SKU_0057,81,0,28.0,64
2023-09-03,SKU_0057,217,0,28.0,64
2023-09-10,SKU_0057,186,0,28.0,64
2023-09-17,SKU_0057,172,0,28.0,64
2023-09-24,SKU_0057,133,0,28.0,64
2023-10-01,SKU_0057,94,0,28.0,64
2023-10-08,SKU_0057,83,0,28.0,64
2023-10-15,SKU_0057,67,0,28.0,64
2023-10-22,SKU_0057,60,148,28.0,64
2023-10-29,SKU_0057,136,0,28.0,64
2023-11-05,SKU_0057,127,0,28.0,64
2023-11-12,SKU_0057,113,0,28.0,64
2023-11-19,SKU_0057,85,0,28.0,64
2023-11-26,SKU_0057,61,190,28.0,64
2023-12-03,SKU_0057,189,0,28.0,64
2023-12-10,SKU_0057,173,0,28.0,64
2023-12-17,SKU_0057,164,0,28.0,64
2023-12-24,SKU_0057,129,0,28.0,64
2023-12-31,SKU_0057,125,0,28.0,64
2024-01-07,SKU_0057,120,0,28.0,64
2024-01-14,SKU_0057,110,0,28.0,64
2024-01-21,SKU_0057,77,0,28.0,64
2024-01-28,SKU_0057,146,0,28.0,64
2024-02-04,SKU_0057,108,0,28.0,64
2024-02-11,SKU_0057,83,0,28.0,64
2024-02-18,SKU_0057,61,146,28.0,64
2024-02-25,SKU_0057,110,0,28.0,64
2024-03-03,SKU_0057,98,0,28.0,64
2024-03-10,SKU_0057,95,0,28.0,64
2024-03-17,SKU_0057,79,0,28.0,64
2024-03-24,SKU_0057,79,0,28.0,64
2024-03-31,SKU_0057,224,0,28.0,64
2024-04-07,SKU_0057,166,0,28.0,64
2024-04-14,SKU_0057,149,0,28.0,64
2024-04-21,SKU_0057,140,0,28.0,64
2024-04-28,SKU_0057,109,0,28.0,64
2024-05-05,SKU_0057,97,0,28.0,64
2024-05-12,SKU_0057,79,0,28.0,64
2024-05-19,SKU_0057,59,84,28.0,64
2024-05-26,SKU_0057,47,87,28.0,64
2024-06-02,SKU_0057,37,100,28.0,64
2024-06-09,SKU_0057,34,93,28.0,64
2024-06-16,SKU_0057,111,0,28.0,64
2024-06-23,SKU_0057,110,0,28.0,64
2024-06-30,SKU_0057,90,0,28.0,64
2024-07-07,SKU_0057,64,0,28.0,64
2024-07-14,SKU_0057,147,0,28.0,64
2024-07-21,SKU_0057,128,0,28.0,64
2024-07-28,SKU_0057,110,0,28.0,64
2024-08-04,SKU_0057,88,0,28.0,64
2024-08-11,SKU_0057,88,0,28.0,64
2024-08-18,SKU_0057,70,0,28.0,64
2024-08-25,SKU_0057,69,0,28.0,64
2024-09-01,SKU_0057,67,0,28.0,64
2024-09-08,SKU_0057,57,128,28.0,64
2024-09-15,SKU_0057,196,0,28.0,64
2024-09-22,SKU_0057,143,0,28.0,64
2024-09-29,SKU_0057,128,0,28.0,64
2024-10-06,SKU_0057,120,0,28.0,64
2024-10-13,SKU_0057,110,0,28.0,64
2024-10-20,SKU_0057,97,0,28.0,64
2024-10-27,SKU_0057,79,0,28.0,64
2024-11-03,SKU_0057,64,0,28.0,64
2024-11-10,SKU_0057,197,0,28.0,64
2024-11-17,SKU_0057,175,0,28.0,64
2024-11-24,SKU_0057,137,0,28.0,64
2024-12-01,SKU_0057,101,0,28.0,64
2024-12-08,SKU_0057,97,0,28.0,64
2024-12-15,SKU_0057,78,0,28.0,64
2024-12-22,SKU_0057,78,0,28.0,64
2024-12-29,SKU_0057,57,196,28.0,64
2023-01-01,SKU_0058,109,0,21.0,85
2023-01-08,SKU_0058,87,0,21.0,85
2023-01-15,SKU_0058,205,0,21.0,85
2023-01-22,SKU_0058,194,0,21.0,85
2023-01-29,SKU_0058,188,0,21.0,85
2023-02-05,SKU_0058,156,0,21.0,85
2023-02-12,SKU_0058,128,0,21.0,85
2023-02-19,SKU_0058,101,0,21.0,85
2023-02-26,SKU_0058,235,0,21.0,85
2023-03-05,SKU_0058,175,0,21.0,85
2023-03-12,SKU_0058,134,0,21.0,85
2023-03-19,SKU_0058,121,0,21.0,85
2023-03-26,SKU_0058,104,0,21.0,85
2023-04-02,SKU_0058,80,186,21.0,85
2023-04-09,SKU_0058,230,0,21.0,85
2023-04-16,SKU_0058,227,0,21.0,85
2023-04-23,SKU_0058,193,0,21.0,85
2023-04-30,SKU_0058,189,0,21.0,85
2023-05-07,SKU_0058,186,0,21.0,85
2023-05-14,SKU_0058,158,0,21.0,85
2023-05-21,SKU_0058,134,0,21.0,85
2023-05-28,SKU_0058,121,0,21.0,85
2023-06-04,SKU_0058,95,0,21.0,85
2023-06-11,SKU_0058,93,0,21.0,85
2023-06-18,SKU_0058,233,0,21.0,85
2023-06-25,SKU_0058,165,0,21.0,85
2023-07-02,SKU_0058,121,0,21.0,85
2023-07-09,SKU_0058,90,0,21.0,85
2023-07-16,SKU_0058,90,0,21.0,85
2023-07-23,SKU_0058,70,73,21.0,85
2023-07-30,SKU_0058,208,0,21.0,85
2023-08-06,SKU_0058,173,0,21.0,85
2023-08-13,SKU_0058,152,0,21.0,85
2023-08-20,SKU_0058,140,0,21.0,85
2023-08-27,SKU_0058,131,0,21.0,85
2023-09-03,SKU_0058,124,0,21.0,85
2023-09-10,SKU_0058,120,0,21.0,85
2023-09-17,SKU_0058,113,0,21.0,85
2023-09-24,SKU_0058,101,0,21.0,85
2023-10-01,SKU_0058,90,0,21.0,85
2023-10-08,SKU_0058,65,173,21.0,85
2023-10-15,SKU_0058,243,0,21.0,85
2023-10-22,SKU_0058,220,0,21.0,85
2023-10-29,SKU_0058,155,0,21.0,85
2023-11-05,SKU_0058,141,0,21.0,85
2023-11-12,SKU_0058,113,0,21.0,85
2023-11-19,SKU_0058,106,0,21.0,85
2023-11-26,SKU_0058,92,0,21.0,85
2023-12-03,SKU_0058,69,163,21.0,85
2023-12-10,SKU_0058,110,0,21.0,85
2023-12-17,SKU_0058,88,0,21.0,85
2023-12-24,SKU_0058,73,173,21.0,85
2023-12-31,SKU_0058,235,0,21.0,85
2024-01-07,SKU_0058,234,0,21.0,85
2024-01-14,SKU_0058,196,0,21.0,85
2024-01-21,SKU_0058,193,0,21.0,85
2024-01-28,SKU_0058,144,0,21.0,85
2024-02-04,SKU_0058,102,0,21.0,85
2024-02-11,SKU_0058,264,0,21.0,85
2024-02-18,SKU_0058,256,0,21.0,85
2024-02-25,SKU_0058,242,0,21.0,85
2024-03-03,SKU_0058,231,0,21.0,85
2024-03-10,SKU_0058,165,0,21.0,85
2024-03-17,SKU_0058,135,0,21.0,85
2024-03-24,SKU_0058,109,0,21.0,85
2024-03-31,SKU_0058,108,0,21.0,85
2024-04-07,SKU_0058,95,0,21.0,85
2024-04-14,SKU_0058,84,157,21.0,85
2024-04-21,SKU_0058,119,0,21.0,85
2024-04-28,SKU_0058,97,0,21.0,85
2024-05-05,SKU_0058,176,0,21.0,85
2024-05-12,SKU_0058,173,0,21.0,85
2024-05-19,SKU_0058,165,0,21.0,85
2024-05-26,SKU_0058,117,0,21.0,85
2024-06-02,SKU_0058,89,0,21.0,85
2024-06-09,SKU_0058,85,0,21.0,85
2024-06-16,SKU_0058,180,0,21.0,85
2024-06-23,SKU_0058,180,0,21.0,85
2024-06-30,SKU_0058,161,0,21.0,85
2024-07-07,SKU_0058,124,0,21.0,85
2024-07-14,SKU_0058,123,0,21.0,85
2024-07-21,SKU_0058,104,0,21.0,85
2024-07-28,SKU_0058,91,0,21.0,85
2024-08-04,SKU_0058,71,109,21.0,85
2024-08-11,SKU_0058,62,78,21.0,85
2024-08-18,SKU_0058,162,0,21.0,85
2024-08-25,SKU_0058,147,0,21.0,85
2024-09-01,SKU_0058,125,0,21.0,85
2024-09-08,SKU_0058,97,0,21.0,85
2024-09-15,SKU_0058,90,0,21.0,85
2024-09-22,SKU_0058,237,0,21.0,85
2024-09-29,SKU_0058,193,0,21.0,85
2024-10-06,SKU_0058,142,0,21.0,85
2024-10-13,SKU_0058,116,0,21.0,85
2024-10-20,SKU_0058,85,0,21.0,85
2024-10-27,SKU_0058,166,0,21.0,85
2024-11-03,SKU_0058,136,0,21.0,85
2024-11-10,SKU_0058,104,0,21.0,85
2024-11-17,SKU_0058,95,0,21.0,85
2024-11-24,SKU_0058,85,0,21.0,85
2024-12-01,SKU_0058,78,172,21.0,85
2024-12-08,SKU_0058,248,0,21.0,85
2024-12-15,SKU_0058,241,0,21.0,85
2024-12-22,SKU_0058,199,0,21.0,85
2024-12-29,SKU_0058,188,0,21.0,85
2023-01-01,SKU_0059,224,0,28.0,52
2023-01-08,SKU_0059,219,0,28.0,52
2023-01-15,SKU_0059,206,0,28.0,52
2023-01-22,SKU_0059,204,0,28.0,52
2023-01-29,SKU_0059,152,0,28.0,52
2023-02-05,SKU_0059,113,0,28.0,52
2023-02-12,SKU_0059,80,0,28.0,52
2023-02-19,SKU_0059,72,0,28.0,52
2023-02-26,SKU_0059,67,0,28.0,52
2023-03-05,SKU_0059,66,0,28.0,52
2023-03-12,SKU_0059,56,0,28.0,52
2023-03-19,SKU_0059,53,0,28.0,52
2023-03-26,SKU_0059,42,130,28.0,52
2023-04-02,SKU_0059,35,101,28.0,52
2023-04-09,SKU_0059,31,199,28.0,52
2023-04-16,SKU_0059,25,180,28.0,52
2023-04-23,SKU_0059,18,91,28.0,52
2023-04-30,SKU_0059,66,0,28.0,52
2023-05-07,SKU_0059,48,149,28.0,52
2023-05-14,SKU_0059,231,0,28.0,52
2023-05-21,SKU_0059,173,0,28.0,52
2023-05-28,SKU_0059,140,0,28.0,52
2023-06-04,SKU_0059,103,0,28.0,52
2023-06-11,SKU_0059,84,0,28.0,52
2023-06-18,SKU_0059,64,0,28.0,52
2023-06-25,SKU_0059,61,0,28.0,52
2023-07-02,SKU_0059,197,0,28.0,52
2023-07-09,SKU_0059,175,0,28.0,52
2023-07-16,SKU_0059,131,0,28.0,52
2023-07-23,SKU_0059,98,0,28.0,52
2023-07-30,SKU_0059,70,0,28.0,52
2023-08-06,SKU_0059,135,0,28.0,52
2023-08-13,SKU_0059,124,0,28.0,52
2023-08-20,SKU_0059,105,0,28.0,52
2023-08-27,SKU_0059,100,0,28.0,52
2023-09-03,SKU_0059,84,0,28.0,52
2023-09-10,SKU_0059,84,0,28.0,52
2023-09-17,SKU_0059,75,0,28.0,52
2023-09-24,SKU_0059,66,0,28.0,52
2023-10-01,SKU_0059,55,0,28.0,52
2023-10-08,SKU_0059,55,0,28.0,52
2023-10-15,SKU_0059,47,188,28.0,52
2023-10-22,SKU_0059,40,155,28.0,52
2023-10-29,SKU_0059,102,0,28.0,52
2023-11-05,SKU_0059,73,0,28.0,52
2023-11-12,SKU_0059,68,0,28.0,52
2023-11-19,SKU_0059,49,52,28.0,52
2023-11-26,SKU_0059,218,0,28.0,52
2023-12-03,SKU_0059,185,0,28.0,52
2023-12-10,SKU_0059,180,0,28.0,52
2023-12-17,SKU_0059,166,0,28.0,52
2023-12-24,SKU_0059,117,0,28.0,52
2023-12-31,SKU_0059,102,0,28.0,52
2024-01-07,SKU_0059,72,0,28.0,52
2024-01-14,SKU_0059,63,0,28.0,52
2024-01-21,SKU_0059,54,0,28.0,52
2024-01-28,SKU_0059,53,0,28.0,52
2024-02-04,SKU_0059,44,106,28.0,52
2024-02-11,SKU_0059,41,143,28.0,52
2024-02-18,SKU_0059,188,0,28.0,52
2024-02-25,SKU_0059,135,0,28.0,52
2024-03-03,SKU_0059,114,0,28.0,52
2024-03-10,SKU_0059,93,0,28.0,52
2024-03-17,SKU_0059,73,0,28.0,52
2024-03-24,SKU_0059,53,0,28.0,52
2024-03-31,SKU_0059,121,0,28.0,52
2024-04-07,SKU_0059,107,0,28.0,52
2024-04-14,SKU_0059,80,0,28.0,52
2024-04-21,SKU_0059,71,0,28.0,52
2024-04-28,SKU_0059,67,0,28.0,52
2024-05-05,SKU_0059,55,0,28.0,52
2024-05-12,SKU_0059,226,0,28.0,52
2024-05-19,SKU_0059,201,0,28.0,52
2024-05-26,SKU_0059,153,0,28.0,52
2024-06-02,SKU_0059,143,0,28.0,52
2024-06-09,SKU_0059,118,0,28.0,52
2024-06-16,SKU_0059,84,0,28.0,52
2024-06-23,SKU_0059,74,0,28.0,52
2024-06-30,SKU_0059,63,0,28.0,52
2024-07-07,SKU_0059,58,0,28.0,52
2024-07-14,SKU_0059,56,0,28.0,52
2024-07-21,SKU_0059,174,0,28.0,52
2024-07-28,SKU_0059,149,0,28.0,52
2024-08-04,SKU_0059,105,0,28.0,52
2024-08-11,SKU_0059,98,0,28.0,52
2024-08-18,SKU_0059,76,0,28.0,52
2024-08-25,SKU_0059,63,0,28.0,52
2024-09-01,SKU_0059,50,109,28.0,52
2024-09-08,SKU_0059,227,0,28.0,52
2024-09-15,SKU_0059,165,0,28.0,52
2024-09-22,SKU_0059,139,0,28.0,52
2024-09-29,SKU_0059,135,0,28.0,52
2024-10-06,SKU_0059,133,0,28.0,52
2024-10-13,SKU_0059,117,0,28.0,52
2024-10-20,SKU_0059,83,0,28.0,52
2024-10-27,SKU_0059,72,0,28.0,52
2024-11-03,SKU_0059,72,0,28.0,52
2024-11-10,SKU_0059,64,0,28.0,52
2024-11-17,SKU_0059,53,0,28.0,52
2024-11-24,SKU_0059,164,0,28.0,52
2024-12-01,SKU_0059,161,0,28.0,52
2024-12-08,SKU_0059,153,0,28.0,52
2024-12-15,SKU_0059,116,0,28.0,52
2024-12-22,SKU_0059,88,0,28.0,52
2024-12-29,SKU_0059,65,0,28.0,52
2023-01-01,SKU_0060,193,0,28.0,96
2023-01-08,SKU_0060,172,0,28.0,96
2023-01-15,SKU_0060,151,0,28.0,96
2023-01-22,SKU_0060,138,0,28.0,96
2023-01-29,SKU_0060,120,0,28.0,96
2023-02-05,SKU_0060,96,0,28.0,96
2023-02-12,SKU_0060,85,109,28.0,96
2023-02-19,SKU_0060,72,141,28.0,96
2023-02-26,SKU_0060,58,194,28.0,96
2023-03-05,SKU_0060,57,136,28.0,96
2023-03-12,SKU_0060,54,87,28.0,96
2023-03-19,SKU_0060,133,0,28.0,96
2023-03-26,SKU_0060,122,0,28.0,96
2023-04-02,SKU_0060,115,0,28.0,96
2023-04-09,SKU_0060,114,0,28.0,96
2023-04-16,SKU_0060,112,0,28.0,96
2023-04-23,SKU_0060,104,0,28.0,96
2023-04-30,SKU_0060,272,0,28.0,96
2023-05-07,SKU_0060,265,0,28.0,96
2023-05-14,SKU_0060,259,0,28.0,96
2023-05-21,SKU_0060,185,0,28.0,96
2023-05-28,SKU_0060,150,0,28.0,96
2023-06-04,SKU_0060,149,0,28.0,96
2023-06-11,SKU_0060,145,0,28.0,96
2023-06-18,SKU_0060,102,0,28.0,96
2023-06-25,SKU_0060,96,0,28.0,96
2023-07-02,SKU_0060,251,0,28.0,96
2023-07-09,SKU_0060,241,0,28.0,96
2023-07-16,SKU_0060,184,0,28.0,96
2023-07-23,SKU_0060,177,0,28.0,96
2023-07-30,SKU_0060,135,0,28.0,96
2023-08-06,SKU_0060,108,0,28.0,96
2023-08-13,SKU_0060,78,52,28.0,96
2023-08-20,SKU_0060,72,143,28.0,96
2023-08-27,SKU_0060,51,169,28.0,96
2023-09-03,SKU_0060,137,0,28.0,96
2023-09-10,SKU_0060,114,0,28.0,96
2023-09-17,SKU_0060,102,0,28.0,96
2023-09-24,SKU_0060,99,0,28.0,96
2023-10-01,SKU_0060,95,183,28.0,96
2023-10-08,SKU_0060,269,0,28.0,96
2023-10-15,SKU_0060,217,0,28.0,96
2023-10-22,SKU_0060,172,0,28.0,96
2023-10-29,SKU_0060,122,0,28.0,96
2023-11-05,SKU_0060,95,189,28.0,96
2023-11-12,SKU_0060,244,0,28.0,96
2023-11-19,SKU_0060,193,0,28.0,96
2023-11-26,SKU_0060,191,0,28.0,96
2023-12-03,SKU_0060,137,0,28.0,96
2023-12-10,SKU_0060,108,0,28.0,96
2023-12-17,SKU_0060,100,0,28.0,96
2023-12-24,SKU_0060,252,0,28.0,96
2023-12-31,SKU_0060,203,0,28.0,96
2024-01-07,SKU_0060,200,0,28.0,96
2024-01-14,SKU_0060,168,0,28.0,96
2024-01-21,SKU_0060,138,0,28.0,96
2024-01-28,SKU_0060,116,0,28.0,96
2024-02-04,SKU_0060,164,0,28.0,96
2024-02-11,SKU_0060,153,0,28.0,96
2024-02-18,SKU_0060,152,0,28.0,96
2024-02-25,SKU_0060,125,0,28.0,96
2024-03-03,SKU_0060,91,182,28.0,96
2024-03-10,SKU_0060,86,143,28.0,96
2024-03-17,SKU_0060,65,125,28.0,96
2024-03-24,SKU_0060,53,133,28.0,96
2024-03-31,SKU_0060,144,0,28.0,96
2024-04-07,SKU_0060,121,0,28.0,96
2024-04-14,SKU_0060,104,0,28.0,96
2024-04-21,SKU_0060,255,0,28.0,96
2024-04-28,SKU_0060,251,0,28.0,96
2024-05-05,SKU_0060,209,0,28.0,96
2024-05-12,SKU_0060,156,0,28.0,96
2024-05-19,SKU_0060,118,0,28.0,96
2024-05-26,SKU_0060,152,0,28.0,96
2024-06-02,SKU_0060,124,0,28.0,96
2024-06-09,SKU_0060,102,0,28.0,96
2024-06-16,SKU_0060,99,0,28.0,96
2024-06-23,SKU_0060,231,0,28.0,96
2024-06-30,SKU_0060,183,0,28.0,96
2024-07-07,SKU_0060,176,0,28.0,96
2024-07-14,SKU_0060,124,0,28.0,96
2024-07-21,SKU_0060,120,0,28.0,96
2024-07-28,SKU_0060,117,0,28.0,96
2024-08-04,SKU_0060,253,0,28.0,96
2024-08-11,SKU_0060,198,0,28.0,96
2024-08-18,SKU_0060,167,0,28.0,96
2024-08-25,SKU_0060,159,0,28.0,96
2024-09-01,SKU_0060,112,0,28.0,96
2024-09-08,SKU_0060,100,0,28.0,96
2024-09-15,SKU_0060,78,112,28.0,96
2024-09-22,SKU_0060,274,0,28.0,96
2024-09-29,SKU_0060,221,0,28.0,96
2024-10-06,SKU_0060,203,0,28.0,96
2024-10-13,SKU_0060,184,0,28.0,96
2024-10-20,SKU_0060,152,0,28.0,96
2024-10-27,SKU_0060,110,0,28.0,96
2024-11-03,SKU_0060,211,0,28.0,96
2024-11-10,SKU_0060,168,0,28.0,96
2024-11-17,SKU_0060,149,0,28.0,96
2024-11-24,SKU_0060,136,0,28.0,96
2024-12-01,SKU_0060,116,0,28.0,96
2024-12-08,SKU_0060,106,0,28.0,96
2024-12-15,SKU_0060,101,0,28.0,96
2024-12-22,SKU_0060,241,0,28.0,96
2024-12-29,SKU_0060,224,0,28.0,96
2023-01-01,SKU_0061,369,0,21.0,20
2023-01-08,SKU_0061,363,0,21.0,20
2023-01-15,SKU_0061,290,0,21.0,20
2023-01-22,SKU_0061,274,0,21.0,20
2023-01-29,SKU_0061,250,0,21.0,20
2023-02-05,SKU_0061,183,0,21.0,20
2023-02-12,SKU_0061,176,0,21.0,20
2023-02-19,SKU_0061,129,0,21.0,20
2023-02-26,SKU_0061,109,0,21.0,20
2023-03-05,SKU_0061,105,0,21.0,20
2023-03-12,SKU_0061,92,0,21.0,20
2023-03-19,SKU_0061,92,0,21.0,20
2023-03-26,SKU_0061,90,0,21.0,20
2023-04-02,SKU_0061,81,0,21.0,20
2023-04-09,SKU_0061,80,0,21.0,20
2023-04-16,SKU_0061,59,0,21.0,20
2023-04-23,SKU_0061,55,0,21.0,20
2023-04-30,SKU_0061,52,0,21.0,20
2023-05-07,SKU_0061,50,0,21.0,20
2023-05-14,SKU_0061,39,0,21.0,20
2023-05-21,SKU_0061,29,0,21.0,20
2023-05-28,SKU_0061,28,0,21.0,20
2023-06-04,SKU_0061,22,0,21.0,20
2023-06-11,SKU_0061,18,176,21.0,20
2023-06-18,SKU_0061,104,0,21.0,20
2023-06-25,SKU_0061,81,0,21.0,20
2023-07-02,SKU_0061,78,0,21.0,20
2023-07-09,SKU_0061,56,0,21.0,20
2023-07-16,SKU_0061,56,0,21.0,20
2023-07-23,SKU_0061,53,0,21.0,20
2023-07-30,SKU_0061,38,0,21.0,20
2023-08-06,SKU_0061,34,0,21.0,20
2023-08-13,SKU_0061,29,0,21.0,20
2023-08-20,SKU_0061,26,0,21.0,20
2023-08-27,SKU_0061,26,0,21.0,20
2023-09-03,SKU_0061,23,0,21.0,20
2023-09-10,SKU_0061,20,0,21.0,20
2023-09-17,SKU_0061,17,128,21.0,20
2023-09-24,SKU_0061,207,0,21.0,20
2023-10-01,SKU_0061,189,0,21.0,20
2023-10-08,SKU_0061,154,0,21.0,20
2023-10-15,SKU_0061,137,0,21.0,20
2023-10-22,SKU_0061,101,0,21.0,20
2023-10-29,SKU_0061,89,0,21.0,20
2023-11-05,SKU_0061,82,0,21.0,20
2023-11-12,SKU_0061,64,0,21.0,20
2023-11-19,SKU_0061,64,0,21.0,20
2023-11-26,SKU_0061,62,0,21.0,20
2023-12-03,SKU_0061,57,0,21.0,20
2023-12-10,SKU_0061,54,0,21.0,20
2023-12-17,SKU_0061,40,0,21.0,20
2023-12-24,SKU_0061,37,0,21.0,20
2023-12-31,SKU_0061,29,0,21.0,20
2024-01-07,SKU_0061,26,0,21.0,20
2024-01-14,SKU_0061,23,0,21.0,20
2024-01-21,SKU_0061,22,0,21.0,20
2024-01-28,SKU_0061,21,0,21.0,20
2024-02-04,SKU_0061,16,131,21.0,20
2024-02-11,SKU_0061,98,0,21.0,20
2024-02-18,SKU_0061,82,0,21.0,20
2024-02-25,SKU_0061,64,0,21.0,20
2024-03-03,SKU_0061,59,0,21.0,20
2024-03-10,SKU_0061,49,0,21.0,20
2024-03-17,SKU_0061,46,0,21.0,20
2024-03-24,SKU_0061,41,0,21.0,20
2024-03-31,SKU_0061,39,0,21.0,20
2024-04-07,SKU_0061,36,0,21.0,20
2024-04-14,SKU_0061,27,0,21.0,20
2024-04-21,SKU_0061,24,0,21.0,20
2024-04-28,SKU_0061,20,0,21.0,20
2024-05-05,SKU_0061,19,170,21.0,20
2024-05-12,SKU_0061,121,0,21.0,20
2024-05-19,SKU_0061,121,0,21.0,20
2024-05-26,SKU_0061,86,0,21.0,20
2024-06-02,SKU_0061,69,0,21.0,20
2024-06-09,SKU_0061,57,0,21.0,20
2024-06-16,SKU_0061,57,0,21.0,20
2024-06-23,SKU_0061,52,0,21.0,20
2024-06-30,SKU_0061,43,0,21.0,20
2024-07-07,SKU_0061,39,0,21.0,20
2024-07-14,SKU_0061,36,0,21.0,20
2024-07-21,SKU_0061,29,0,21.0,20
2024-07-28,SKU_0061,25,0,21.0,20
2024-08-04,SKU_0061,202,0,21.0,20
2024-08-11,SKU_0061,180,0,21.0,20
2024-08-18,SKU_0061,145,0,21.0,20
2024-08-25,SKU_0061,119,0,21.0,20
2024-09-01,SKU_0061,114,0,21.0,20
2024-09-08,SKU_0061,90,0,21.0,20
2024-09-15,SKU_0061,79,0,21.0,20
2024-09-22,SKU_0061,76,0,21.0,20
2024-09-29,SKU_0061,73,0,21.0,20
2024-10-06,SKU_0061,68,0,21.0,20
2024-10-13,SKU_0061,66,0,21.0,20
2024-10-20,SKU_0061,50,0,21.0,20
2024-10-27,SKU_0061,50,0,21.0,20
2024-11-03,SKU_0061,48,0,21.0,20
2024-11-10,SKU_0061,38,0,21.0,20
2024-11-17,SKU_0061,30,0,21.0,20
2024-11-24,SKU_0061,29,0,21.0,20
2024-12-01,SKU_0061,24,0,21.0,20
2024-12-08,SKU_0061,24,0,21.0,20
2024-12-15,SKU_0061,22,0,21.0,20
2024-12-22,SKU_0061,190,0,21.0,20
2024-12-29,SKU_0061,147,0,21.0,20
2023-01-01,SKU_0062,176,0,7.0,24
2023-01-08,SKU_0062,142,0,7.0,24
2023-01-15,SKU_0062,100,0,7.0,24
2023-01-22,SKU_0062,81,0,7.0,24
2023-01-29,SKU_0062,67,0,7.0,24
2023-02-05,SKU_0062,48,0,7.0,24
2023-02-12,SKU_0062,37,0,7.0,24
2023-02-19,SKU_0062,33,0,7.0,24
2023-02-26,SKU_0062,29,0,7.0,24
2023-03-05,SKU_0062,26,0,7.0,24
2023-03-12,SKU_0062,23,102,7.0,24
2023-03-19,SKU_0062,210,0,7.0,24
2023-03-26,SKU_0062,163,0,7.0,24
2023-04-02,SKU_0062,138,0,7.0,24
2023-04-09,SKU_0062,109,0,7.0,24
2023-04-16,SKU_0062,78,0,7.0,24
2023-04-23,SKU_0062,71,0,7.0,24
2023-04-30,SKU_0062,66,0,7.0,24
2023-05-07,SKU_0062,48,0,7.0,24
2023-05-14,SKU_0062,43,0,7.0,24
2023-05-21,SKU_0062,38,0,7.0,24
2023-05-28,SKU_0062,33,0,7.0,24
2023-06-04,SKU_0062,33,0,7.0,24
2023-06-11,SKU_0062,25,0,7.0,24
2023-06-18,SKU_0062,163,0,7.0,24
2023-06-25,SKU_0062,141,0,7.0,24
2023-07-02,SKU_0062,118,0,7.0,24
2023-07-09,SKU_0062,89,0,7.0,24
2023-07-16,SKU_0062,69,0,7.0,24
2023-07-23,SKU_0062,56,0,7.0,24
2023-07-30,SKU_0062,53,0,7.0,24
2023-08-06,SKU_0062,46,0,7.0,24
2023-08-13,SKU_0062,40,0,7.0,24
2023-08-20,SKU_0062,39,0,7.0,24
2023-08-27,SKU_0062,36,0,7.0,24
2023-09-03,SKU_0062,26,0,7.0,24
2023-09-10,SKU_0062,20,67,7.0,24
2023-09-17,SKU_0062,74,0,7.0,24
2023-09-24,SKU_0062,67,0,7.0,24
2023-10-01,SKU_0062,50,0,7.0,24
2023-10-08,SKU_0062,39,0,7.0,24
2023-10-15,SKU_0062,34,0,7.0,24
2023-10-22,SKU_0062,25,0,7.0,24
2023-10-29,SKU_0062,173,0,7.0,24
2023-11-05,SKU_0062,159,0,7.0,24
2023-11-12,SKU_0062,128,0,7.0,24
2023-11-19,SKU_0062,108,0,7.0,24
2023-11-26,SKU_0062,107,0,7.0,24
2023-12-03,SKU_0062,94,0,7.0,24
2023-12-10,SKU_0062,86,0,7.0,24
2023-12-17,SKU_0062,83,0,7.0,24
2023-12-24,SKU_0062,73,0,7.0,24
2023-12-31,SKU_0062,73,0,7.0,24
2024-01-07,SKU_0062,62,0,7.0,24
2024-01-14,SKU_0062,57,0,7.0,24
2024-01-21,SKU_0062,54,0,7.0,24
2024-01-28,SKU_0062,51,0,7.0,24
2024-02-04,SKU_0062,46,0,7.0,24
2024-02-11,SKU_0062,44,0,7.0,24
2024-02-18,SKU_0062,42,0,7.0,24
2024-02-25,SKU_0062,30,0,7.0,24
2024-03-03,SKU_0062,29,0,7.0,24
2024-03-10,SKU_0062,159,0,7.0,24
2024-03-17,SKU_0062,155,0,7.0,24
2024-03-24,SKU_0062,136,0,7.0,24
2024-03-31,SKU_0062,133,0,7.0,24
2024-04-07,SKU_0062,124,0,7.0,24
2024-04-14,SKU_0062,99,0,7.0,24
2024-04-21,SKU_0062,82,0,7.0,24
2024-04-28,SKU_0062,71,0,7.0,24
2024-05-05,SKU_0062,60,0,7.0,24
2024-05-12,SKU_0062,53,0,7.0,24
2024-05-19,SKU_0062,46,0,7.0,24
2024-05-26,SKU_0062,46,0,7.0,24
2024-06-02,SKU_0062,38,0,7.0,24
2024-06-09,SKU_0062,38,0,7.0,24
2024-06-16,SKU_0062,33,0,7.0,24
2024-06-23,SKU_0062,27,0,7.0,24
2024-06-30,SKU_0062,23,91,7.0,24
2024-07-07,SKU_0062,20,132,7.0,24
2024-07-14,SKU_0062,185,0,7.0,24
2024-07-21,SKU_0062,184,0,7.0,24
2024-07-28,SKU_0062,130,0,7.0,24
2024-08-04,SKU_0062,105,0,7.0,24
2024-08-11,SKU_0062,97,0,7.0,24
2024-08-18,SKU_0062,97,0,7.0,24
2024-08-25,SKU_0062,69,0,7.0,24
2024-09-01,SKU_0062,60,0,7.0,24
2024-09-08,SKU_0062,56,0,7.0,24
2024-09-15,SKU_0062,50,0,7.0,24
2024-09-22,SKU_0062,41,0,7.0,24
2024-09-29,SKU_0062,29,0,7.0,24
2024-10-06,SKU_0062,24,0,7.0,24
2024-10-13,SKU_0062,202,0,7.0,24
2024-10-20,SKU_0062,179,0,7.0,24
2024-10-27,SKU_0062,136,0,7.0,24
2024-11-03,SKU_0062,101,0,7.0,24
2024-11-10,SKU_0062,78,0,7.0,24
2024-11-17,SKU_0062,55,0,7.0,24
2024-11-24,SKU_0062,43,0,7.0,24
2024-12-01,SKU_0062,42,0,7.0,24
2024-12-08,SKU_0062,36,0,7.0,24
2024-12-15,SKU_0062,31,0,7.0,24
2024-12-22,SKU_0062,25,0,7.0,24
2024-12-29,SKU_0062,24,0,7.0,24
2023-01-01,SKU_0063,408,0,28.0,23
2023-01-08,SKU_0063,292,0,28.0,23
2023-01-15,SKU_0063,239,0,28.0,23
2023-01-22,SKU_0063,199,0,28.0,23
2023-01-29,SKU_0063,168,0,28.0,23
2023-02-05,SKU_0063,149,0,28.0,23
2023-02-12,SKU_0063,145,0,28.0,23
2023-02-19,SKU_0063,122,0,28.0,23
2023-02-26,SKU_0063,92,0,28.0,23
2023-03-05,SKU_0063,65,0,28.0,23
2023-03-12,SKU_0063,47,0,28.0,23
2023-03-19,SKU_0063,46,0,28.0,23
2023-03-26,SKU_0063,45,0,28.0,23
2023-04-02,SKU_0063,40,0,28.0,23
2023-04-09,SKU_0063,36,0,28.0,23
2023-04-16,SKU_0063,27,0,28.0,23
2023-04-23,SKU_0063,73,0,28.0,23
2023-04-30,SKU_0063,73,0,28.0,23
2023-05-07,SKU_0063,52,0,28.0,23
2023-05-14,SKU_0063,41,0,28.0,23
2023-05-21,SKU_0063,38,0,28.0,23
2023-05-28,SKU_0063,33,0,28.0,23
2023-06-04,SKU_0063,33,0,28.0,23
2023-06-11,SKU_0063,32,0,28.0,23
2023-06-18,SKU_0063,25,0,28.0,23
2023-06-25,SKU_0063,214,0,28.0,23
2023-07-02,SKU_0063,213,0,28.0,23
2023-07-09,SKU_0063,179,0,28.0,23
2023-07-16,SKU_0063,139,0,28.0,23
2023-07-23,SKU_0063,104,0,28.0,23
2023-07-30,SKU_0063,103,0,28.0,23
2023-08-06,SKU_0063,78,0,28.0,23
2023-08-13,SKU_0063,66,0,28.0,23
2023-08-20,SKU_0063,66,0,28.0,23
2023-08-27,SKU_0063,63,0,28.0,23
2023-09-03,SKU_0063,59,0,28.0,23
2023-09-10,SKU_0063,53,0,28.0,23
2023-09-17,SKU_0063,53,0,28.0,23
2023-09-24,SKU_0063,46,0,28.0,23
2023-10-01,SKU_0063,45,0,28.0,23
2023-10-08,SKU_0063,42,0,28.0,23
2023-10-15,SKU_0063,33,0,28.0,23
2023-10-22,SKU_0063,25,0,28.0,23
2023-10-29,SKU_0063,166,0,28.0,23
2023-11-05,SKU_0063,148,0,28.0,23
2023-11-12,SKU_0063,133,0,28.0,23
2023-11-19,SKU_0063,131,0,28.0,23
2023-11-26,SKU_0063,101,0,28.0,23
2023-12-03,SKU_0063,76,0,28.0,23
2023-12-10,SKU_0063,56,0,28.0,23
2023-12-17,SKU_0063,48,0,28.0,23
2023-12-24,SKU_0063,35,0,28.0,23
2023-12-31,SKU_0063,31,0,28.0,23
2024-01-07,SKU_0063,30,0,28.0,23
2024-01-14,SKU_0063,21,148,28.0,23
2024-01-21,SKU_0063,164,0,28.0,23
2024-01-28,SKU_0063,163,0,28.0,23
2024-02-04,SKU_0063,138,0,28.0,23
2024-02-11,SKU_0063,122,0,28.0,23
2024-02-18,SKU_0063,112,0,28.0,23
2024-02-25,SKU_0063,111,0,28.0,23
2024-03-03,SKU_0063,82,0,28.0,23
2024-03-10,SKU_0063,77,0,28.0,23
2024-03-17,SKU_0063,73,0,28.0,23
2024-03-24,SKU_0063,73,0,28.0,23
2024-03-31,SKU_0063,68,0,28.0,23
2024-04-07,SKU_0063,62,0,28.0,23
2024-04-14,SKU_0063,57,0,28.0,23
2024-04-21,SKU_0063,45,0,28.0,23
2024-04-28,SKU_0063,36,0,28.0,23
2024-05-05,SKU_0063,26,0,28.0,23
2024-05-12,SKU_0063,119,0,28.0,23
2024-05-19,SKU_0063,118,0,28.0,23
2024-05-26,SKU_0063,112,0,28.0,23
2024-06-02,SKU_0063,90,0,28.0,23
2024-06-09,SKU_0063,83,0,28.0,23
2024-06-16,SKU_0063,63,0,28.0,23
2024-06-23,SKU_0063,49,0,28.0,23
2024-06-30,SKU_0063,43,0,28.0,23
2024-07-07,SKU_0063,40,0,28.0,23
2024-07-14,SKU_0063,36,0,28.0,23
2024-07-21,SKU_0063,34,0,28.0,23
2024-07-28,SKU_0063,25,0,28.0,23
2024-08-04,SKU_0063,18,165,28.0,23
2024-08-11,SKU_0063,158,0,28.0,23
2024-08-18,SKU_0063,127,0,28.0,23
2024-08-25,SKU_0063,122,0,28.0,23
2024-09-01,SKU_0063,113,0,28.0,23
2024-09-08,SKU_0063,92,0,28.0,23
2024-09-15,SKU_0063,89,0,28.0,23
2024-09-22,SKU_0063,79,0,28.0,23
2024-09-29,SKU_0063,56,0,28.0,23
2024-10-06,SKU_0063,46,0,28.0,23
2024-10-13,SKU_0063,45,0,28.0,23
2024-10-20,SKU_0063,34,0,28.0,23
2024-10-27,SKU_0063,30,0,28.0,23
2024-11-03,SKU_0063,157,0,28.0,23
2024-11-10,SKU_0063,127,0,28.0,23
2024-11-17,SKU_0063,105,0,28.0,23
2024-11-24,SKU_0063,101,0,28.0,23
2024-12-01,SKU_0063,73,0,28.0,23
2024-12-08,SKU_0063,69,0,28.0,23
2024-12-15,SKU_0063,69,0,28.0,23
2024-12-22,SKU_0063,51,0,28.0,23
2024-12-29,SKU_0063,51,0,28.0,23
2023-01-01,SKU_0064,191,0,7.0,87
2023-01-08,SKU_0064,152,0,7.0,87
2023-01-15,SKU_0064,120,0,7.0,87
2023-01-22,SKU_0064,90,0,7.0,87
2023-01-29,SKU_0064,223,0,7.0,87
2023-02-05,SKU_0064,200,0,7.0,87
2023-02-12,SKU_0064,156,0,7.0,87
2023-02-19,SKU_0064,147,0,7.0,87
2023-02-26,SKU_0064,123,0,7.0,87
2023-03-05,SKU_0064,102,0,7.0,87
2023-03-12,SKU_0064,186,0,7.0,87
2023-03-19,SKU_0064,141,0,7.0,87
2023-03-26,SKU_0064,101,0,7.0,87
2023-04-02,SKU_0064,92,0,7.0,87
2023-04-09,SKU_0064,87,0,7.0,87
2023-04-16,SKU_0064,62,185,7.0,87
2023-04-23,SKU_0064,104,0,7.0,87
2023-04-30,SKU_0064,207,0,7.0,87
2023-05-07,SKU_0064,186,0,7.0,87
2023-05-14,SKU_0064,183,0,7.0,87
2023-05-21,SKU_0064,163,0,7.0,87
2023-05-28,SKU_0064,160,0,7.0,87
2023-06-04,SKU_0064,133,0,7.0,87
2023-06-11,SKU_0064,120,0,7.0,87
2023-06-18,SKU_0064,220,0,7.0,87
2023-06-25,SKU_0064,169,0,7.0,87
2023-07-02,SKU_0064,137,0,7.0,87
2023-07-09,SKU_0064,106,0,7.0,87
2023-07-16,SKU_0064,224,0,7.0,87
2023-07-23,SKU_0064,198,0,7.0,87
2023-07-30,SKU_0064,167,0,7.0,87
2023-08-06,SKU_0064,151,0,7.0,87
2023-08-13,SKU_0064,124,0,7.0,87
2023-08-20,SKU_0064,96,0,7.0,87
2023-08-27,SKU_0064,73,123,7.0,87
2023-09-03,SKU_0064,156,0,7.0,87
2023-09-10,SKU_0064,148,0,7.0,87
2023-09-17,SKU_0064,136,0,7.0,87
2023-09-24,SKU_0064,121,0,7.0,87
2023-10-01,SKU_0064,87,0,7.0,87
2023-10-08,SKU_0064,175,0,7.0,87
2023-10-15,SKU_0064,136,0,7.0,87
2023-10-22,SKU_0064,127,0,7.0,87
2023-10-29,SKU_0064,114,0,7.0,87
2023-11-05,SKU_0064,99,0,7.0,87
2023-11-12,SKU_0064,243,0,7.0,87
2023-11-19,SKU_0064,190,0,7.0,87
2023-11-26,SKU_0064,178,0,7.0,87
2023-12-03,SKU_0064,146,0,7.0,87
2023-12-10,SKU_0064,126,0,7.0,87
2023-12-17,SKU_0064,107,0,7.0,87
2023-12-24,SKU_0064,88,0,7.0,87
2023-12-31,SKU_0064,85,111,7.0,87
2024-01-07,SKU_0064,72,66,7.0,87
2024-01-14,SKU_0064,127,0,7.0,87
2024-01-21,SKU_0064,110,0,7.0,87
2024-01-28,SKU_0064,230,0,7.0,87
2024-02-04,SKU_0064,187,0,7.0,87
2024-02-11,SKU_0064,178,0,7.0,87
2024-02-18,SKU_0064,166,0,7.0,87
2024-02-25,SKU_0064,158,0,7.0,87
2024-03-03,SKU_0064,149,0,7.0,87
2024-03-10,SKU_0064,120,0,7.0,87
2024-03-17,SKU_0064,118,0,7.0,87
2024-03-24,SKU_0064,108,0,7.0,87
2024-03-31,SKU_0064,106,0,7.0,87
2024-04-07,SKU_0064,89,0,7.0,87
2024-04-14,SKU_0064,87,0,7.0,87
2024-04-21,SKU_0064,188,0,7.0,87
2024-04-28,SKU_0064,134,0,7.0,87
2024-05-05,SKU_0064,103,0,7.0,87
2024-05-12,SKU_0064,95,0,7.0,87
2024-05-19,SKU_0064,87,0,7.0,87
2024-05-26,SKU_0064,201,0,7.0,87
2024-06-02,SKU_0064,188,0,7.0,87
2024-06-09,SKU_0064,134,0,7.0,87
2024-06-16,SKU_0064,110,0,7.0,87
2024-06-23,SKU_0064,84,119,7.0,87
2024-06-30,SKU_0064,267,0,7.0,87
2024-07-07,SKU_0064,217,0,7.0,87
2024-07-14,SKU_0064,177,0,7.0,87
2024-07-21,SKU_0064,133,0,7.0,87
2024-07-28,SKU_0064,121,0,7.0,87
2024-08-04,SKU_0064,120,0,7.0,87
2024-08-11,SKU_0064,117,0,7.0,87
2024-08-18,SKU_0064,88,0,7.0,87
2024-08-25,SKU_0064,183,0,7.0,87
2024-09-01,SKU_0064,177,0,7.0,87
2024-09-08,SKU_0064,149,0,7.0,87
2024-09-15,SKU_0064,106,0,7.0,87
2024-09-22,SKU_0064,274,0,7.0,87
2024-09-29,SKU_0064,226,0,7.0,87
2024-10-06,SKU_0064,207,0,7.0,87
2024-10-13,SKU_0064,202,0,7.0,87
2024-10-20,SKU_0064,197,0,7.0,87
2024-10-27,SKU_0064,150,0,7.0,87
2024-11-03,SKU_0064,123,0,7.0,87
2024-11-10,SKU_0064,110,0,7.0,87
2024-11-17,SKU_0064,109,0,7.0,87
2024-11-24,SKU_0064,93,0,7.0,87
2024-12-01,SKU_0064,185,0,7.0,87
2024-12-08,SKU_0064,162,0,7.0,87
2024-12-15,SKU_0064,150,0,7.0,87
2024-12-22,SKU_0064,149,0,7.0,87
2024-12-29,SKU_0064,132,0,7.0,87
2023-01-01,SKU_0065,296,0,28.0,80
2023-01-08,SKU_0065,227,0,28.0,80
2023-01-15,SKU_0065,163,0,28.0,80
2023-01-22,SKU_0065,153,0,28.0,80
2023-01-29,SKU_0065,118,0,28.0,80
2023-02-05,SKU_0065,93,0,28.0,80
2023-02-12,SKU_0065,226,0,28.0,80
2023-02-19,SKU_0065,211,0,28.0,80
2023-02-26,SKU_0065,197,0,28.0,80
2023-03-05,SKU_0065,157,0,28.0,80
2023-03-12,SKU_0065,124,0,28.0,80
2023-03-19,SKU_0065,119,0,28.0,80
2023-03-26,SKU_0065,102,0,28.0,80
2023-04-02,SKU_0065,240,0,28.0,80
2023-04-09,SKU_0065,233,0,28.0,80
2023-04-16,SKU_0065,229,0,28.0,80
2023-04-23,SKU_0065,185,0,28.0,80
2023-04-30,SKU_0065,132,0,28.0,80
2023-05-07,SKU_0065,118,0,28.0,80
2023-05-14,SKU_0065,94,0,28.0,80
2023-05-21,SKU_0065,253,0,28.0,80
2023-05-28,SKU_0065,222,0,28.0,80
2023-06-04,SKU_0065,193,0,28.0,80
2023-06-11,SKU_0065,143,0,28.0,80
2023-06-18,SKU_0065,112,0,28.0,80
2023-06-25,SKU_0065,112,0,28.0,80
2023-07-02,SKU_0065,100,0,28.0,80
2023-07-09,SKU_0065,231,0,28.0,80
2023-07-16,SKU_0065,221,0,28.0,80
2023-07-23,SKU_0065,206,0,28.0,80
2023-07-30,SKU_0065,195,0,28.0,80
2023-08-06,SKU_0065,145,0,28.0,80
2023-08-13,SKU_0065,135,0,28.0,80
2023-08-20,SKU_0065,124,0,28.0,80
2023-08-27,SKU_0065,102,0,28.0,80
2023-09-03,SKU_0065,80,0,28.0,80
2023-09-10,SKU_0065,63,108,28.0,80
2023-09-17,SKU_0065,50,100,28.0,80
2023-09-24,SKU_0065,44,143,28.0,80
2023-10-01,SKU_0065,146,0,28.0,80
2023-10-08,SKU_0065,107,0,28.0,80
2023-10-15,SKU_0065,86,0,28.0,80
2023-10-22,SKU_0065,72,181,28.0,80
2023-10-29,SKU_0065,57,158,28.0,80
2023-11-05,SKU_0065,152,0,28.0,80
2023-11-12,SKU_0065,148,0,28.0,80
2023-11-19,SKU_0065,122,0,28.0,80
2023-11-26,SKU_0065,91,0,28.0,80
2023-12-03,SKU_0065,66,70,28.0,80
2023-12-10,SKU_0065,60,93,28.0,80
2023-12-17,SKU_0065,219,0,28.0,80
2023-12-24,SKU_0065,205,0,28.0,80
2023-12-31,SKU_0065,199,0,28.0,80
2024-01-07,SKU_0065,140,0,28.0,80
2024-01-14,SKU_0065,129,0,28.0,80
2024-01-21,SKU_0065,108,0,28.0,80
2024-01-28,SKU_0065,90,0,28.0,80
2024-02-04,SKU_0065,75,196,28.0,80
2024-02-11,SKU_0065,175,0,28.0,80
2024-02-18,SKU_0065,159,0,28.0,80
2024-02-25,SKU_0065,141,0,28.0,80
2024-03-03,SKU_0065,107,0,28.0,80
2024-03-10,SKU_0065,93,0,28.0,80
2024-03-17,SKU_0065,88,0,28.0,80
2024-03-24,SKU_0065,63,122,28.0,80
2024-03-31,SKU_0065,173,0,28.0,80
2024-04-07,SKU_0065,164,0,28.0,80
2024-04-14,SKU_0065,120,0,28.0,80
2024-04-21,SKU_0065,99,0,28.0,80
2024-04-28,SKU_0065,91,0,28.0,80
2024-05-05,SKU_0065,84,0,28.0,80
2024-05-12,SKU_0065,243,0,28.0,80
2024-05-19,SKU_0065,232,0,28.0,80
2024-05-26,SKU_0065,182,0,28.0,80
2024-06-02,SKU_0065,139,0,28.0,80
2024-06-09,SKU_0065,131,0,28.0,80
2024-06-16,SKU_0065,118,0,28.0,80
2024-06-23,SKU_0065,84,0,28.0,80
2024-06-30,SKU_0065,83,0,28.0,80
2024-07-07,SKU_0065,229,0,28.0,80
2024-07-14,SKU_0065,203,0,28.0,80
2024-07-21,SKU_0065,190,0,28.0,80
2024-07-28,SKU_0065,174,0,28.0,80
2024-08-04,SKU_0065,136,0,28.0,80
2024-08-11,SKU_0065,98,0,28.0,80
2024-08-18,SKU_0065,72,170,28.0,80
2024-08-25,SKU_0065,61,96,28.0,80
2024-09-01,SKU_0065,59,115,28.0,80
2024-09-08,SKU_0065,193,0,28.0,80
2024-09-15,SKU_0065,175,0,28.0,80
2024-09-22,SKU_0065,165,0,28.0,80
2024-09-29,SKU_0065,160,0,28.0,80
2024-10-06,SKU_0065,113,0,28.0,80
2024-10-13,SKU_0065,81,0,28.0,80
2024-10-20,SKU_0065,74,89,28.0,80
2024-10-27,SKU_0065,57,63,28.0,80
2024-11-03,SKU_0065,115,0,28.0,80
2024-11-10,SKU_0065,113,0,28.0,80
2024-11-17,SKU_0065,108,0,28.0,80
2024-11-24,SKU_0065,104,0,28.0,80
2024-12-01,SKU_0065,241,0,28.0,80
2024-12-08,SKU_0065,174,0,28.0,80
2024-12-15,SKU_0065,138,0,28.0,80
2024-12-22,SKU_0065,102,0,28.0,80
2024-12-29,SKU_0065,260,0,28.0,80
2023-01-01,SKU_0066,174,0,21.0,93
2023-01-08,SKU_0066,136,0,21.0,93
2023-01-15,SKU_0066,103,0,21.0,93
2023-01-22,SKU_0066,81,93,21.0,93
2023-01-29,SKU_0066,79,196,21.0,93
2023-02-05,SKU_0066,258,0,21.0,93
2023-02-12,SKU_0066,231,0,21.0,93
2023-02-19,SKU_0066,186,0,21.0,93
2023-02-26,SKU_0066,146,0,21.0,93
2023-03-05,SKU_0066,111,0,21.0,93
2023-03-12,SKU_0066,165,0,21.0,93
2023-03-19,SKU_0066,140,0,21.0,93
2023-03-26,SKU_0066,124,0,21.0,93
2023-04-02,SKU_0066,124,0,21.0,93
2023-04-09,SKU_0066,98,0,21.0,93
2023-04-16,SKU_0066,85,59,21.0,93
2023-04-23,SKU_0066,62,129,21.0,93
2023-04-30,SKU_0066,126,0,21.0,93
2023-05-07,SKU_0066,120,0,21.0,93
2023-05-14,SKU_0066,103,0,21.0,93
2023-05-21,SKU_0066,88,106,21.0,93
2023-05-28,SKU_0066,79,90,21.0,93
2023-06-04,SKU_0066,66,161,21.0,93
2023-06-11,SKU_0066,261,0,21.0,93
2023-06-18,SKU_0066,219,0,21.0,93
2023-06-25,SKU_0066,160,0,21.0,93
2023-07-02,SKU_0066,120,0,21.0,93
2023-07-09,SKU_0066,96,0,21.0,93
2023-07-16,SKU_0066,77,93,21.0,93
2023-07-23,SKU_0066,207,0,21.0,93
2023-07-30,SKU_0066,194,0,21.0,93
2023-08-06,SKU_0066,159,0,21.0,93
2023-08-13,SKU_0066,135,0,21.0,93
2023-08-20,SKU_0066,127,0,21.0,93
2023-08-27,SKU_0066,106,0,21.0,93
2023-09-03,SKU_0066,76,61,21.0,93
2023-09-10,SKU_0066,137,0,21.0,93
2023-09-17,SKU_0066,108,0,21.0,93
2023-09-24,SKU_0066,107,0,21.0,93
2023-10-01,SKU_0066,101,0,21.0,93
2023-10-08,SKU_0066,88,186,21.0,93
2023-10-15,SKU_0066,78,63,21.0,93
2023-10-22,SKU_0066,245,0,21.0,93
2023-10-29,SKU_0066,196,0,21.0,93
2023-11-05,SKU_0066,171,0,21.0,93
2023-11-12,SKU_0066,142,0,21.0,93
2023-11-19,SKU_0066,111,0,21.0,93
2023-11-26,SKU_0066,99,0,21.0,93
2023-12-03,SKU_0066,99,0,21.0,93
2023-12-10,SKU_0066,93,0,21.0,93
2023-12-17,SKU_0066,237,0,21.0,93
2023-12-24,SKU_0066,188,0,21.0,93
2023-12-31,SKU_0066,167,0,21.0,93
2024-01-07,SKU_0066,153,0,21.0,93
2024-01-14,SKU_0066,128,0,21.0,93
2024-01-21,SKU_0066,263,0,21.0,93
2024-01-28,SKU_0066,198,0,21.0,93
2024-02-04,SKU_0066,149,0,21.0,93
2024-02-11,SKU_0066,135,0,21.0,93
2024-02-18,SKU_0066,119,0,21.0,93
2024-02-25,SKU_0066,101,0,21.0,93
2024-03-03,SKU_0066,240,0,21.0,93
2024-03-10,SKU_0066,227,0,21.0,93
2024-03-17,SKU_0066,184,0,21.0,93
2024-03-24,SKU_0066,155,0,21.0,93
2024-03-31,SKU_0066,138,0,21.0,93
2024-04-07,SKU_0066,106,0,21.0,93
2024-04-14,SKU_0066,84,140,21.0,93
2024-04-21,SKU_0066,78,65,21.0,93
2024-04-28,SKU_0066,192,0,21.0,93
2024-05-05,SKU_0066,177,0,21.0,93
2024-05-12,SKU_0066,145,0,21.0,93
2024-05-19,SKU_0066,121,0,21.0,93
2024-05-26,SKU_0066,96,0,21.0,93
2024-06-02,SKU_0066,181,0,21.0,93
2024-06-09,SKU_0066,159,0,21.0,93
2024-06-16,SKU_0066,115,0,21.0,93
2024-06-23,SKU_0066,140,0,21.0,93
2024-06-30,SKU_0066,111,0,21.0,93
2024-07-07,SKU_0066,153,0,21.0,93
2024-07-14,SKU_0066,128,0,21.0,93
2024-07-21,SKU_0066,118,0,21.0,93
2024-07-28,SKU_0066,101,0,21.0,93
2024-08-04,SKU_0066,211,0,21.0,93
2024-08-11,SKU_0066,181,0,21.0,93
2024-08-18,SKU_0066,160,0,21.0,93
2024-08-25,SKU_0066,155,0,21.0,93
2024-09-01,SKU_0066,117,0,21.0,93
2024-09-08,SKU_0066,110,0,21.0,93
2024-09-15,SKU_0066,185,0,21.0,93
2024-09-22,SKU_0066,174,0,21.0,93
2024-09-29,SKU_0066,153,0,21.0,93
2024-10-06,SKU_0066,115,0,21.0,93
2024-10-13,SKU_0066,95,0,21.0,93
2024-10-20,SKU_0066,209,0,21.0,93
2024-10-27,SKU_0066,155,0,21.0,93
2024-11-03,SKU_0066,129,0,21.0,93
2024-11-10,SKU_0066,128,0,21.0,93
2024-11-17,SKU_0066,105,0,21.0,93
2024-11-24,SKU_0066,194,0,21.0,93
2024-12-01,SKU_0066,152,0,21.0,93
2024-12-08,SKU_0066,148,0,21.0,93
2024-12-15,SKU_0066,108,0,21.0,93
2024-12-22,SKU_0066,88,91,21.0,93
2024-12-29,SKU_0066,75,178,21.0,93
2023-01-01,SKU_0067,164,0,28.0,45
2023-01-08,SKU_0067,126,0,28.0,45
2023-01-15,SKU_0067,100,0,28.0,45
2023-01-22,SKU_0067,88,0,28.0,45
2023-01-29,SKU_0067,83,0,28.0,45
2023-02-05,SKU_0067,61,0,28.0,45
2023-02-12,SKU_0067,48,0,28.0,45
2023-02-19,SKU_0067,169,0,28.0,45
2023-02-26,SKU_0067,145,0,28.0,45
2023-03-05,SKU_0067,117,0,28.0,45
2023-03-12,SKU_0067,83,0,28.0,45
2023-03-19,SKU_0067,63,0,28.0,45
2023-03-26,SKU_0067,56,0,28.0,45
2023-04-02,SKU_0067,233,0,28.0,45
2023-04-09,SKU_0067,164,0,28.0,45
2023-04-16,SKU_0067,119,0,28.0,45
2023-04-23,SKU_0067,98,0,28.0,45
2023-04-30,SKU_0067,84,0,28.0,45
2023-05-07,SKU_0067,66,0,28.0,45
2023-05-14,SKU_0067,54,0,28.0,45
2023-05-21,SKU_0067,45,0,28.0,45
2023-05-28,SKU_0067,38,149,28.0,45
2023-06-04,SKU_0067,36,98,28.0,45
2023-06-11,SKU_0067,156,0,28.0,45
2023-06-18,SKU_0067,146,0,28.0,45
2023-06-25,SKU_0067,127,0,28.0,45
2023-07-02,SKU_0067,114,0,28.0,45
2023-07-09,SKU_0067,82,0,28.0,45
2023-07-16,SKU_0067,63,0,28.0,45
2023-07-23,SKU_0067,58,0,28.0,45
2023-07-30,SKU_0067,46,0,28.0,45
2023-08-06,SKU_0067,40,124,28.0,45
2023-08-13,SKU_0067,226,0,28.0,45
2023-08-20,SKU_0067,180,0,28.0,45
2023-08-27,SKU_0067,151,0,28.0,45
2023-09-03,SKU_0067,132,0,28.0,45
2023-09-10,SKU_0067,99,0,28.0,45
2023-09-17,SKU_0067,84,0,28.0,45
2023-09-24,SKU_0067,68,0,28.0,45
2023-10-01,SKU_0067,57,0,28.0,45
2023-10-08,SKU_0067,40,62,28.0,45
2023-10-15,SKU_0067,119,0,28.0,45
2023-10-22,SKU_0067,88,0,28.0,45
2023-10-29,SKU_0067,74,0,28.0,45
2023-11-05,SKU_0067,58,0,28.0,45
2023-11-12,SKU_0067,50,0,28.0,45
2023-11-19,SKU_0067,48,0,28.0,45
2023-11-26,SKU_0067,34,99,28.0,45
2023-12-03,SKU_0067,120,0,28.0,45
2023-12-10,SKU_0067,106,0,28.0,45
2023-12-17,SKU_0067,101,0,28.0,45
2023-12-24,SKU_0067,77,0,28.0,45
2023-12-31,SKU_0067,71,0,28.0,45
2024-01-07,SKU_0067,71,0,28.0,45
2024-01-14,SKU_0067,71,0,28.0,45
2024-01-21,SKU_0067,69,0,28.0,45
2024-01-28,SKU_0067,54,0,28.0,45
2024-02-04,SKU_0067,46,0,28.0,45
2024-02-11,SKU_0067,90,0,28.0,45
2024-02-18,SKU_0067,86,0,28.0,45
2024-02-25,SKU_0067,85,0,28.0,45
2024-03-03,SKU_0067,82,0,28.0,45
2024-03-10,SKU_0067,59,0,28.0,45
2024-03-17,SKU_0067,52,0,28.0,45
2024-03-24,SKU_0067,154,0,28.0,45
2024-03-31,SKU_0067,119,0,28.0,45
2024-04-07,SKU_0067,108,0,28.0,45
2024-04-14,SKU_0067,95,0,28.0,45
2024-04-21,SKU_0067,70,0,28.0,45
2024-04-28,SKU_0067,63,0,28.0,45
2024-05-05,SKU_0067,61,0,28.0,45
2024-05-12,SKU_0067,59,0,28.0,45
2024-05-19,SKU_0067,45,0,28.0,45
2024-05-26,SKU_0067,32,199,28.0,45
2024-06-02,SKU_0067,144,0,28.0,45
2024-06-09,SKU_0067,130,0,28.0,45
2024-06-16,SKU_0067,128,0,28.0,45
2024-06-23,SKU_0067,128,0,28.0,45
2024-06-30,SKU_0067,117,0,28.0,45
2024-07-07,SKU_0067,109,0,28.0,45
2024-07-14,SKU_0067,86,0,28.0,45
2024-07-21,SKU_0067,70,0,28.0,45
2024-07-28,SKU_0067,55,0,28.0,45
2024-08-04,SKU_0067,45,0,28.0,45
2024-08-11,SKU_0067,127,0,28.0,45
2024-08-18,SKU_0067,103,0,28.0,45
2024-08-25,SKU_0067,93,0,28.0,45
2024-09-01,SKU_0067,73,0,28.0,45
2024-09-08,SKU_0067,73,0,28.0,45
2024-09-15,SKU_0067,57,0,28.0,45
2024-09-22,SKU_0067,49,0,28.0,45
2024-09-29,SKU_0067,190,0,28.0,45
2024-10-06,SKU_0067,134,0,28.0,45
2024-10-13,SKU_0067,131,0,28.0,45
2024-10-20,SKU_0067,127,0,28.0,45
2024-10-27,SKU_0067,126,0,28.0,45
2024-11-03,SKU_0067,107,0,28.0,45
2024-11-10,SKU_0067,80,0,28.0,45
2024-11-17,SKU_0067,57,0,28.0,45
2024-11-24,SKU_0067,46,0,28.0,45
2024-12-01,SKU_0067,235,0,28.0,45
2024-12-08,SKU_0067,213,0,28.0,45
2024-12-15,SKU_0067,202,0,28.0,45
2024-12-22,SKU_0067,202,0,28.0,45
2024-12-29,SKU_0067,169,0,28.0,45
2023-01-01,SKU_0068,62,0,28.0,55
2023-01-08,SKU_0068,55,0,28.0,55
2023-01-15,SKU_0068,46,112,28.0,55
2023-01-22,SKU_0068,43,172,28.0,55
2023-01-29,SKU_0068,213,0,28.0,55
2023-02-05,SKU_0068,165,0,28.0,55
2023-02-12,SKU_0068,133,0,28.0,55
2023-02-19,SKU_0068,110,0,28.0,55
2023-02-26,SKU_0068,78,0,28.0,55
2023-03-05,SKU_0068,66,0,28.0,55
2023-03-12,SKU_0068,51,168,28.0,55
2023-03-19,SKU_0068,125,0,28.0,55
2023-03-26,SKU_0068,119,0,28.0,55
2023-04-02,SKU_0068,116,0,28.0,55
2023-04-09,SKU_0068,89,0,28.0,55
2023-04-16,SKU_0068,67,0,28.0,55
2023-04-23,SKU_0068,151,0,28.0,55
2023-04-30,SKU_0068,138,0,28.0,55
2023-05-07,SKU_0068,105,0,28.0,55
2023-05-14,SKU_0068,85,0,28.0,55
2023-05-21,SKU_0068,62,0,28.0,55
2023-05-28,SKU_0068,59,0,28.0,55
2023-06-04,SKU_0068,58,0,28.0,55
2023-06-11,SKU_0068,247,0,28.0,55
2023-06-18,SKU_0068,194,0,28.0,55
2023-06-25,SKU_0068,176,0,28.0,55
2023-07-02,SKU_0068,154,0,28.0,55
2023-07-09,SKU_0068,124,0,28.0,55
2023-07-16,SKU_0068,119,0,28.0,55
2023-07-23,SKU_0068,95,0,28.0,55
2023-07-30,SKU_0068,79,0,28.0,55
2023-08-06,SKU_0068,78,0,28.0,55
2023-08-13,SKU_0068,71,0,28.0,55
2023-08-20,SKU_0068,57,0,28.0,55
2023-08-27,SKU_0068,50,82,28.0,55
2023-09-03,SKU_0068,110,0,28.0,55
2023-09-10,SKU_0068,80,0,28.0,55
2023-09-17,SKU_0068,67,0,28.0,55
2023-09-24,SKU_0068,67,0,28.0,55
2023-10-01,SKU_0068,49,81,28.0,55
2023-10-08,SKU_0068,42,64,28.0,55
2023-10-15,SKU_0068,103,0,28.0,55
2023-10-22,SKU_0068,92,0,28.0,55
2023-10-29,SKU_0068,89,0,28.0,55
2023-11-05,SKU_0068,64,0,28.0,55
2023-11-12,SKU_0068,59,0,28.0,55
2023-11-19,SKU_0068,46,112,28.0,55
2023-11-26,SKU_0068,44,166,28.0,55
2023-12-03,SKU_0068,173,0,28.0,55
2023-12-10,SKU_0068,134,0,28.0,55
2023-12-17,SKU_0068,104,0,28.0,55
2023-12-24,SKU_0068,101,0,28.0,55
2023-12-31,SKU_0068,86,0,28.0,55
2024-01-07,SKU_0068,73,0,28.0,55
2024-01-14,SKU_0068,52,127,28.0,55
2024-01-21,SKU_0068,235,0,28.0,55
2024-01-28,SKU_0068,178,0,28.0,55
2024-02-04,SKU_0068,150,0,28.0,55
2024-02-11,SKU_0068,142,0,28.0,55
2024-02-18,SKU_0068,139,0,28.0,55
2024-02-25,SKU_0068,137,0,28.0,55
2024-03-03,SKU_0068,131,0,28.0,55
2024-03-10,SKU_0068,112,0,28.0,55
2024-03-17,SKU_0068,80,0,28.0,55
2024-03-24,SKU_0068,80,0,28.0,55
2024-03-31,SKU_0068,68,0,28.0,55
2024-04-07,SKU_0068,66,0,28.0,55
2024-04-14,SKU_0068,204,0,28.0,55
2024-04-21,SKU_0068,178,0,28.0,55
2024-04-28,SKU_0068,147,0,28.0,55
2024-05-05,SKU_0068,106,0,28.0,55
2024-05-12,SKU_0068,78,0,28.0,55
2024-05-19,SKU_0068,74,0,28.0,55
2024-05-26,SKU_0068,53,157,28.0,55
2024-06-02,SKU_0068,129,0,28.0,55
2024-06-09,SKU_0068,99,0,28.0,55
2024-06-16,SKU_0068,97,0,28.0,55
2024-06-23,SKU_0068,75,0,28.0,55
2024-06-30,SKU_0068,74,0,28.0,55
2024-07-07,SKU_0068,70,0,28.0,55
2024-07-14,SKU_0068,70,0,28.0,55
2024-07-21,SKU_0068,235,0,28.0,55
2024-07-28,SKU_0068,184,0,28.0,55
2024-08-04,SKU_0068,142,0,28.0,55
2024-08-11,SKU_0068,140,0,28.0,55
2024-08-18,SKU_0068,103,0,28.0,55
2024-08-25,SKU_0068,86,0,28.0,55
2024-09-01,SKU_0068,61,0,28.0,55
2024-09-08,SKU_0068,234,0,28.0,55
2024-09-15,SKU_0068,194,0,28.0,55
2024-09-22,SKU_0068,142,0,28.0,55
2024-09-29,SKU_0068,130,0,28.0,55
2024-10-06,SKU_0068,112,0,28.0,55
2024-10-13,SKU_0068,105,0,28.0,55
2024-10-20,SKU_0068,81,0,28.0,55
2024-10-27,SKU_0068,80,0,28.0,55
2024-11-03,SKU_0068,77,0,28.0,55
2024-11-10,SKU_0068,55,0,28.0,55
2024-11-17,SKU_0068,198,0,28.0,55
2024-11-24,SKU_0068,139,0,28.0,55
2024-12-01,SKU_0068,116,0,28.0,55
2024-12-08,SKU_0068,86,0,28.0,55
2024-12-15,SKU_0068,84,0,28.0,55
2024-12-22,SKU_0068,65,0,28.0,55
2024-12-29,SKU_0068,55,0,28.0,55
2023-01-01,SKU_0069,398,0,7.0,61
2023-01-08,SKU_0069,322,0,7.0,61
2023-01-15,SKU_0069,235,0,7.0,61
2023-01-22,SKU_0069,192,0,7.0,61
2023-01-29,SKU_0069,162,0,7.0,61
2023-02-05,SKU_0069,115,0,7.0,61
2023-02-12,SKU_0069,86,0,7.0,61
2023-02-19,SKU_0069,73,0,7.0,61
2023-02-26,SKU_0069,68,0,7.0,61
2023-03-05,SKU_0069,58,96,7.0,61
2023-03-12,SKU_0069,49,77,7.0,61
2023-03-19,SKU_0069,106,0,7.0,61
2023-03-26,SKU_0069,77,0,7.0,61
2023-04-02,SKU_0069,75,0,7.0,61
2023-04-09,SKU_0069,65,0,7.0,61
2023-04-16,SKU_0069,63,0,7.0,61
2023-04-23,SKU_0069,61,0,7.0,61
2023-04-30,SKU_0069,57,158,7.0,61
2023-05-07,SKU_0069,47,164,7.0,61
2023-05-14,SKU_0069,222,0,7.0,61
2023-05-21,SKU_0069,186,0,7.0,61
2023-05-28,SKU_0069,137,0,7.0,61
2023-06-04,SKU_0069,133,0,7.0,61
2023-06-11,SKU_0069,128,0,7.0,61
2023-06-18,SKU_0069,97,0,7.0,61
2023-06-25,SKU_0069,71,0,7.0,61
2023-07-02,SKU_0069,193,0,7.0,61
2023-07-09,SKU_0069,154,0,7.0,61
2023-07-16,SKU_0069,114,0,7.0,61
2023-07-23,SKU_0069,81,0,7.0,61
2023-07-30,SKU_0069,64,0,7.0,61
2023-08-06,SKU_0069,205,0,7.0,61
2023-08-13,SKU_0069,156,0,7.0,61
2023-08-20,SKU_0069,142,0,7.0,61
2023-08-27,SKU_0069,101,0,7.0,61
2023-09-03,SKU_0069,76,0,7.0,61
2023-09-10,SKU_0069,65,0,7.0,61
2023-09-17,SKU_0069,61,0,7.0,61
2023-09-24,SKU_0069,57,177,7.0,61
2023-10-01,SKU_0069,162,0,7.0,61
2023-10-08,SKU_0069,143,0,7.0,61
2023-10-15,SKU_0069,104,0,7.0,61
2023-10-22,SKU_0069,74,0,7.0,61
2023-10-29,SKU_0069,70,0,7.0,61
2023-11-05,SKU_0069,166,0,7.0,61
2023-11-12,SKU_0069,121,0,7.0,61
2023-11-19,SKU_0069,120,0,7.0,61
2023-11-26,SKU_0069,106,0,7.0,61
2023-12-03,SKU_0069,78,0,7.0,61
2023-12-10,SKU_0069,71,0,7.0,61
2023-12-17,SKU_0069,167,0,7.0,61
2023-12-24,SKU_0069,127,0,7.0,61
2023-12-31,SKU_0069,103,0,7.0,61
2024-01-07,SKU_0069,95,0,7.0,61
2024-01-14,SKU_0069,74,0,7.0,61
2024-01-21,SKU_0069,63,0,7.0,61
2024-01-28,SKU_0069,153,0,7.0,61
2024-02-04,SKU_0069,147,0,7.0,61
2024-02-11,SKU_0069,124,0,7.0,61
2024-02-18,SKU_0069,94,0,7.0,61
2024-02-25,SKU_0069,83,0,7.0,61
2024-03-03,SKU_0069,70,0,7.0,61
2024-03-10,SKU_0069,60,192,7.0,61
2024-03-17,SKU_0069,194,0,7.0,61
2024-03-24,SKU_0069,145,0,7.0,61
2024-03-31,SKU_0069,138,0,7.0,61
2024-04-07,SKU_0069,111,0,7.0,61
2024-04-14,SKU_0069,100,0,7.0,61
2024-04-21,SKU_0069,94,0,7.0,61
2024-04-28,SKU_0069,72,0,7.0,61
2024-05-05,SKU_0069,55,91,7.0,61
2024-05-12,SKU_0069,136,0,7.0,61
2024-05-19,SKU_0069,119,0,7.0,61
2024-05-26,SKU_0069,114,0,7.0,61
2024-06-02,SKU_0069,96,0,7.0,61
2024-06-09,SKU_0069,93,0,7.0,61
2024-06-16,SKU_0069,76,0,7.0,61
2024-06-23,SKU_0069,67,0,7.0,61
2024-06-30,SKU_0069,65,0,7.0,61
2024-07-07,SKU_0069,58,178,7.0,61
2024-07-14,SKU_0069,192,0,7.0,61
2024-07-21,SKU_0069,168,0,7.0,61
2024-07-28,SKU_0069,135,0,7.0,61
2024-08-04,SKU_0069,106,0,7.0,61
2024-08-11,SKU_0069,88,0,7.0,61
2024-08-18,SKU_0069,81,0,7.0,61
2024-08-25,SKU_0069,79,0,7.0,61
2024-09-01,SKU_0069,73,0,7.0,61
2024-09-08,SKU_0069,70,0,7.0,61
2024-09-15,SKU_0069,63,0,7.0,61
2024-09-22,SKU_0069,51,57,7.0,61
2024-09-29,SKU_0069,119,0,7.0,61
2024-10-06,SKU_0069,113,0,7.0,61
2024-10-13,SKU_0069,80,0,7.0,61
2024-10-20,SKU_0069,77,0,7.0,61
2024-10-27,SKU_0069,70,0,7.0,61
2024-11-03,SKU_0069,64,0,7.0,61
2024-11-10,SKU_0069,50,50,7.0,61
2024-11-17,SKU_0069,44,104,7.0,61
2024-11-24,SKU_0069,33,192,7.0,61
2024-12-01,SKU_0069,33,61,7.0,61
2024-12-08,SKU_0069,170,0,7.0,61
2024-12-15,SKU_0069,158,0,7.0,61
2024-12-22,SKU_0069,111,0,7.0,61
2024-12-29,SKU_0069,86,0,7.0,61
2023-01-01,SKU_0070,371,0,28.0,95
2023-01-08,SKU_0070,333,0,28.0,95
2023-01-15,SKU_0070,261,0,28.0,95
2023-01-22,SKU_0070,223,0,28.0,95
2023-01-29,SKU_0070,196,0,28.0,95
2023-02-05,SKU_0070,138,0,28.0,95
2023-02-12,SKU_0070,107,0,28.0,95
2023-02-19,SKU_0070,76,138,28.0,95
2023-02-26,SKU_0070,159,0,28.0,95
2023-03-05,SKU_0070,127,0,28.0,95
2023-03-12,SKU_0070,106,0,28.0,95
2023-03-19,SKU_0070,247,0,28.0,95
2023-03-26,SKU_0070,222,0,28.0,95
2023-04-02,SKU_0070,193,0,28.0,95
2023-04-09,SKU_0070,145,0,28.0,95
2023-04-16,SKU_0070,107,0,28.0,95
2023-04-23,SKU_0070,86,138,28.0,95
2023-04-30,SKU_0070,71,179,28.0,95
2023-05-07,SKU_0070,70,93,28.0,95
2023-05-14,SKU_0070,51,157,28.0,95
2023-05-21,SKU_0070,41,54,28.0,95
2023-05-28,SKU_0070,166,0,28.0,95
2023-06-04,SKU_0070,128,0,28.0,95
2023-06-11,SKU_0070,117,0,28.0,95
2023-06-18,SKU_0070,106,0,28.0,95
2023-06-25,SKU_0070,81,193,28.0,95
2023-07-02,SKU_0070,229,0,28.0,95
2023-07-09,SKU_0070,162,0,28.0,95
2023-07-16,SKU_0070,152,0,28.0,95
2023-07-23,SKU_0070,143,0,28.0,95
2023-07-30,SKU_0070,106,0,28.0,95
2023-08-06,SKU_0070,93,96,28.0,95
2023-08-13,SKU_0070,189,0,28.0,95
2023-08-20,SKU_0070,184,0,28.0,95
2023-08-27,SKU_0070,168,0,28.0,95
2023-09-03,SKU_0070,138,0,28.0,95
2023-09-10,SKU_0070,119,0,28.0,95
2023-09-17,SKU_0070,99,0,28.0,95
2023-09-24,SKU_0070,256,0,28.0,95
2023-10-01,SKU_0070,216,0,28.0,95
2023-10-08,SKU_0070,205,0,28.0,95
2023-10-15,SKU_0070,179,0,28.0,95
2023-10-22,SKU_0070,158,0,28.0,95
2023-10-29,SKU_0070,118,0,28.0,95
2023-11-05,SKU_0070,103,0,28.0,95
2023-11-12,SKU_0070,262,0,28.0,95
2023-11-19,SKU_0070,225,0,28.0,95
2023-11-26,SKU_0070,200,0,28.0,95
2023-12-03,SKU_0070,190,0,28.0,95
2023-12-10,SKU_0070,185,0,28.0,95
2023-12-17,SKU_0070,178,0,28.0,95
2023-12-24,SKU_0070,132,0,28.0,95
2023-12-31,SKU_0070,120,0,28.0,95
2024-01-07,SKU_0070,119,0,28.0,95
2024-01-14,SKU_0070,217,0,28.0,95
2024-01-21,SKU_0070,155,0,28.0,95
2024-01-28,SKU_0070,135,0,28.0,95
2024-02-04,SKU_0070,116,0,28.0,95
2024-02-11,SKU_0070,97,0,28.0,95
2024-02-18,SKU_0070,136,0,28.0,95
2024-02-25,SKU_0070,124,0,28.0,95
2024-03-03,SKU_0070,122,0,28.0,95
2024-03-10,SKU_0070,113,0,28.0,95
2024-03-17,SKU_0070,87,56,28.0,95
2024-03-24,SKU_0070,237,0,28.0,95
2024-03-31,SKU_0070,172,0,28.0,95
2024-04-07,SKU_0070,138,0,28.0,95
2024-04-14,SKU_0070,105,0,28.0,95
2024-04-21,SKU_0070,102,0,28.0,95
2024-04-28,SKU_0070,178,0,28.0,95
2024-05-05,SKU_0070,143,0,28.0,95
2024-05-12,SKU_0070,132,0,28.0,95
2024-05-19,SKU_0070,98,0,28.0,95
2024-05-26,SKU_0070,92,77,28.0,95
2024-06-02,SKU_0070,183,0,28.0,95
2024-06-09,SKU_0070,140,0,28.0,95
2024-06-16,SKU_0070,113,0,28.0,95
2024-06-23,SKU_0070,90,89,28.0,95
2024-06-30,SKU_0070,167,0,28.0,95
2024-07-07,SKU_0070,157,0,28.0,95
2024-07-14,SKU_0070,142,0,28.0,95
2024-07-21,SKU_0070,114,0,28.0,95
2024-07-28,SKU_0070,96,0,28.0,95
2024-08-04,SKU_0070,242,0,28.0,95
2024-08-11,SKU_0070,212,0,28.0,95
2024-08-18,SKU_0070,153,0,28.0,95
2024-08-25,SKU_0070,146,0,28.0,95
2024-09-01,SKU_0070,106,0,28.0,95
2024-09-08,SKU_0070,130,0,28.0,95
2024-09-15,SKU_0070,104,0,28.0,95
2024-09-22,SKU_0070,101,0,28.0,95
2024-09-29,SKU_0070,76,69,28.0,95
2024-10-06,SKU_0070,58,96,28.0,95
2024-10-13,SKU_0070,110,0,28.0,95
2024-10-20,SKU_0070,95,0,28.0,95
2024-10-27,SKU_0070,83,116,28.0,95
2024-11-03,SKU_0070,271,0,28.0,95
2024-11-10,SKU_0070,198,0,28.0,95
2024-11-17,SKU_0070,153,0,28.0,95
2024-11-24,SKU_0070,119,0,28.0,95
2024-12-01,SKU_0070,117,0,28.0,95
2024-12-08,SKU_0070,207,0,28.0,95
2024-12-15,SKU_0070,178,0,28.0,95
2024-12-22,SKU_0070,153,0,28.0,95
2024-12-29,SKU_0070,131,0,28.0,95
2023-01-01,SKU_0071,347,0,7.0,32
2023-01-08,SKU_0071,262,0,7.0,32
2023-01-15,SKU_0071,237,0,7.0,32
2023-01-22,SKU_0071,169,0,7.0,32
2023-01-29,SKU_0071,168,0,7.0,32
2023-02-05,SKU_0071,163,0,7.0,32
2023-02-12,SKU_0071,152,0,7.0,32
2023-02-19,SKU_0071,127,0,7.0,32
2023-02-26,SKU_0071,111,0,7.0,32
2023-03-05,SKU_0071,82,0,7.0,32
2023-03-12,SKU_0071,74,0,7.0,32
2023-03-19,SKU_0071,53,0,7.0,32
2023-03-26,SKU_0071,52,0,7.0,32
2023-04-02,SKU_0071,37,0,7.0,32
2023-04-09,SKU_0071,26,187,7.0,32
2023-04-16,SKU_0071,19,148,7.0,32
2023-04-23,SKU_0071,210,0,7.0,32
2023-04-30,SKU_0071,148,0,7.0,32
2023-05-07,SKU_0071,146,0,7.0,32
2023-05-14,SKU_0071,126,0,7.0,32
2023-05-21,SKU_0071,108,0,7.0,32
2023-05-28,SKU_0071,102,0,7.0,32
2023-06-04,SKU_0071,95,0,7.0,32
2023-06-11,SKU_0071,69,0,7.0,32
2023-06-18,SKU_0071,62,0,7.0,32
2023-06-25,SKU_0071,59,0,7.0,32
2023-07-02,SKU_0071,57,0,7.0,32
2023-07-09,SKU_0071,54,0,7.0,32
2023-07-16,SKU_0071,41,0,7.0,32
2023-07-23,SKU_0071,41,0,7.0,32
2023-07-30,SKU_0071,36,0,7.0,32
2023-08-06,SKU_0071,162,0,7.0,32
2023-08-13,SKU_0071,116,0,7.0,32
2023-08-20,SKU_0071,104,0,7.0,32
2023-08-27,SKU_0071,80,0,7.0,32
2023-09-03,SKU_0071,74,0,7.0,32
2023-09-10,SKU_0071,73,0,7.0,32
2023-09-17,SKU_0071,67,0,7.0,32
2023-09-24,SKU_0071,49,0,7.0,32
2023-10-01,SKU_0071,40,0,7.0,32
2023-10-08,SKU_0071,32,0,7.0,32
2023-10-15,SKU_0071,30,181,7.0,32
2023-10-22,SKU_0071,187,0,7.0,32
2023-10-29,SKU_0071,169,0,7.0,32
2023-11-05,SKU_0071,150,0,7.0,32
2023-11-12,SKU_0071,110,0,7.0,32
2023-11-19,SKU_0071,82,0,7.0,32
2023-11-26,SKU_0071,61,0,7.0,32
2023-12-03,SKU_0071,54,0,7.0,32
2023-12-10,SKU_0071,39,0,7.0,32
2023-12-17,SKU_0071,39,0,7.0,32
2023-12-24,SKU_0071,161,0,7.0,32
2023-12-31,SKU_0071,161,0,7.0,32
2024-01-07,SKU_0071,115,0,7.0,32
2024-01-14,SKU_0071,105,0,7.0,32
2024-01-21,SKU_0071,76,0,7.0,32
2024-01-28,SKU_0071,62,0,7.0,32
2024-02-04,SKU_0071,44,0,7.0,32
2024-02-11,SKU_0071,38,0,7.0,32
2024-02-18,SKU_0071,34,0,7.0,32
2024-02-25,SKU_0071,124,0,7.0,32
2024-03-03,SKU_0071,106,0,7.0,32
2024-03-10,SKU_0071,84,0,7.0,32
2024-03-17,SKU_0071,74,0,7.0,32
2024-03-24,SKU_0071,53,0,7.0,32
2024-03-31,SKU_0071,45,0,7.0,32
2024-04-07,SKU_0071,44,0,7.0,32
2024-04-14,SKU_0071,35,0,7.0,32
2024-04-21,SKU_0071,161,0,7.0,32
2024-04-28,SKU_0071,138,0,7.0,32
2024-05-05,SKU_0071,125,0,7.0,32
2024-05-12,SKU_0071,96,0,7.0,32
2024-05-19,SKU_0071,68,0,7.0,32
2024-05-26,SKU_0071,65,0,7.0,32
2024-06-02,SKU_0071,56,0,7.0,32
2024-06-09,SKU_0071,52,0,7.0,32
2024-06-16,SKU_0071,44,0,7.0,32
2024-06-23,SKU_0071,87,0,7.0,32
2024-06-30,SKU_0071,75,0,7.0,32
2024-07-07,SKU_0071,72,0,7.0,32
2024-07-14,SKU_0071,66,0,7.0,32
2024-07-21,SKU_0071,63,0,7.0,32
2024-07-28,SKU_0071,61,0,7.0,32
2024-08-04,SKU_0071,45,0,7.0,32
2024-08-11,SKU_0071,32,0,7.0,32
2024-08-18,SKU_0071,27,177,7.0,32
2024-08-25,SKU_0071,85,0,7.0,32
2024-09-01,SKU_0071,62,0,7.0,32
2024-09-08,SKU_0071,48,0,7.0,32
2024-09-15,SKU_0071,41,0,7.0,32
2024-09-22,SKU_0071,36,0,7.0,32
2024-09-29,SKU_0071,122,0,7.0,32
2024-10-06,SKU_0071,111,0,7.0,32
2024-10-13,SKU_0071,110,0,7.0,32
2024-10-20,SKU_0071,103,0,7.0,32
2024-10-27,SKU_0071,79,0,7.0,32
2024-11-03,SKU_0071,58,0,7.0,32
2024-11-10,SKU_0071,53,0,7.0,32
2024-11-17,SKU_0071,44,0,7.0,32
2024-11-24,SKU_0071,40,0,7.0,32
2024-12-01,SKU_0071,32,0,7.0,32
2024-12-08,SKU_0071,31,197,7.0,32
2024-12-15,SKU_0071,146,0,7.0,32
2024-12-22,SKU_0071,133,0,7.0,32
2024-12-29,SKU_0071,118,0,7.0,32
2023-01-01,SKU_0072,106,0,28.0,41
2023-01-08,SKU_0072,87,0,28.0,41
2023-01-15,SKU_0072,67,0,28.0,41
2023-01-22,SKU_0072,60,0,28.0,41
2023-01-29,SKU_0072,56,0,28.0,41
2023-02-05,SKU_0072,49,0,28.0,41
2023-02-12,SKU_0072,45,0,28.0,41
2023-02-19,SKU_0072,39,174,28.0,41
2023-02-26,SKU_0072,37,121,28.0,41
2023-03-05,SKU_0072,151,0,28.0,41
2023-03-12,SKU_0072,121,0,28.0,41
2023-03-19,SKU_0072,90,0,28.0,41
2023-03-26,SKU_0072,78,0,28.0,41
2023-04-02,SKU_0072,78,0,28.0,41
2023-04-09,SKU_0072,76,0,28.0,41
2023-04-16,SKU_0072,71,0,28.0,41
2023-04-23,SKU_0072,52,0,28.0,41
2023-04-30,SKU_0072,45,0,28.0,41
2023-05-07,SKU_0072,125,0,28.0,41
2023-05-14,SKU_0072,120,0,28.0,41
2023-05-21,SKU_0072,118,0,28.0,41
2023-05-28,SKU_0072,84,0,28.0,41
2023-06-04,SKU_0072,66,0,28.0,41
2023-06-11,SKU_0072,49,0,28.0,41
2023-06-18,SKU_0072,42,0,28.0,41
2023-06-25,SKU_0072,226,0,28.0,41
2023-07-02,SKU_0072,203,0,28.0,41
2023-07-09,SKU_0072,153,0,28.0,41
2023-07-16,SKU_0072,125,0,28.0,41
2023-07-23,SKU_0072,99,0,28.0,41
2023-07-30,SKU_0072,93,0,28.0,41
2023-08-06,SKU_0072,89,0,28.0,41
2023-08-13,SKU_0072,74,0,28.0,41
2023-08-20,SKU_0072,63,0,28.0,41
2023-08-27,SKU_0072,54,0,28.0,41
2023-09-03,SKU_0072,44,0,28.0,41
2023-09-10,SKU_0072,41,0,28.0,41
2023-09-17,SKU_0072,40,137,28.0,41
2023-09-24,SKU_0072,214,0,28.0,41
2023-10-01,SKU_0072,163,0,28.0,41
2023-10-08,SKU_0072,157,0,28.0,41
2023-10-15,SKU_0072,120,0,28.0,41
2023-10-22,SKU_0072,108,0,28.0,41
2023-10-29,SKU_0072,82,0,28.0,41
2023-11-05,SKU_0072,79,0,28.0,41
2023-11-12,SKU_0072,62,0,28.0,41
2023-11-19,SKU_0072,47,0,28.0,41
2023-11-26,SKU_0072,46,0,28.0,41
2023-12-03,SKU_0072,40,82,28.0,41
2023-12-10,SKU_0072,227,0,28.0,41
2023-12-17,SKU_0072,204,0,28.0,41
2023-12-24,SKU_0072,156,0,28.0,41
2023-12-31,SKU_0072,142,0,28.0,41
2024-01-07,SKU_0072,102,0,28.0,41
2024-01-14,SKU_0072,73,0,28.0,41
2024-01-21,SKU_0072,67,0,28.0,41
2024-01-28,SKU_0072,50,0,28.0,41
2024-02-04,SKU_0072,41,0,28.0,41
2024-02-11,SKU_0072,41,0,28.0,41
2024-02-18,SKU_0072,110,0,28.0,41
2024-02-25,SKU_0072,107,0,28.0,41
2024-03-03,SKU_0072,106,0,28.0,41
2024-03-10,SKU_0072,83,0,28.0,41
2024-03-17,SKU_0072,71,0,28.0,41
2024-03-24,SKU_0072,56,0,28.0,41
2024-03-31,SKU_0072,91,0,28.0,41
2024-04-07,SKU_0072,91,0,28.0,41
2024-04-14,SKU_0072,78,0,28.0,41
2024-04-21,SKU_0072,60,0,28.0,41
2024-04-28,SKU_0072,60,0,28.0,41
2024-05-05,SKU_0072,45,0,28.0,41
2024-05-12,SKU_0072,136,0,28.0,41
2024-05-19,SKU_0072,100,0,28.0,41
2024-05-26,SKU_0072,98,0,28.0,41
2024-06-02,SKU_0072,91,0,28.0,41
2024-06-09,SKU_0072,87,0,28.0,41
2024-06-16,SKU_0072,84,0,28.0,41
2024-06-23,SKU_0072,72,0,28.0,41
2024-06-30,SKU_0072,56,0,28.0,41
2024-07-07,SKU_0072,56,0,28.0,41
2024-07-14,SKU_0072,41,0,28.0,41
2024-07-21,SKU_0072,40,149,28.0,41
2024-07-28,SKU_0072,202,0,28.0,41
2024-08-04,SKU_0072,195,0,28.0,41
2024-08-11,SKU_0072,191,0,28.0,41
2024-08-18,SKU_0072,156,0,28.0,41
2024-08-25,SKU_0072,117,0,28.0,41
2024-09-01,SKU_0072,108,0,28.0,41
2024-09-08,SKU_0072,86,0,28.0,41
2024-09-15,SKU_0072,81,0,28.0,41
2024-09-22,SKU_0072,60,0,28.0,41
2024-09-29,SKU_0072,48,0,28.0,41
2024-10-06,SKU_0072,104,0,28.0,41
2024-10-13,SKU_0072,102,0,28.0,41
2024-10-20,SKU_0072,73,0,28.0,41
2024-10-27,SKU_0072,54,0,28.0,41
2024-11-03,SKU_0072,53,0,28.0,41
2024-11-10,SKU_0072,44,0,28.0,41
2024-11-17,SKU_0072,127,0,28.0,41
2024-11-24,SKU_0072,101,0,28.0,41
2024-12-01,SKU_0072,75,0,28.0,41
2024-12-08,SKU_0072,60,0,28.0,41
2024-12-15,SKU_0072,43,0,28.0,41
2024-12-22,SKU_0072,113,0,28.0,41
2024-12-29,SKU_0072,94,0,28.0,41
2023-01-01,SKU_0073,361,0,21.0,98
2023-01-08,SKU_0073,290,0,21.0,98
2023-01-15,SKU_0073,281,0,21.0,98
2023-01-22,SKU_0073,271,0,21.0,98
2023-01-29,SKU_0073,262,0,21.0,98
2023-02-05,SKU_0073,233,0,21.0,98
2023-02-12,SKU_0073,208,0,21.0,98
2023-02-19,SKU_0073,155,0,21.0,98
2023-02-26,SKU_0073,145,0,21.0,98
2023-03-05,SKU_0073,122,0,21.0,98
2023-03-12,SKU_0073,98,0,21.0,98
2023-03-19,SKU_0073,90,87,21.0,98
2023-03-26,SKU_0073,89,99,21.0,98
2023-04-02,SKU_0073,65,160,21.0,98
2023-04-09,SKU_0073,119,0,21.0,98
2023-04-16,SKU_0073,233,0,21.0,98
2023-04-23,SKU_0073,166,0,21.0,98
2023-04-30,SKU_0073,163,0,21.0,98
2023-05-07,SKU_0073,117,0,21.0,98
2023-05-14,SKU_0073,213,0,21.0,98
2023-05-21,SKU_0073,205,0,21.0,98
2023-05-28,SKU_0073,171,0,21.0,98
2023-06-04,SKU_0073,129,0,21.0,98
2023-06-11,SKU_0073,118,0,21.0,98
2023-06-18,SKU_0073,101,0,21.0,98
2023-06-25,SKU_0073,180,0,21.0,98
2023-07-02,SKU_0073,159,0,21.0,98
2023-07-09,SKU_0073,146,0,21.0,98
2023-07-16,SKU_0073,107,0,21.0,98
2023-07-23,SKU_0073,107,0,21.0,98
2023-07-30,SKU_0073,143,0,21.0,98
2023-08-06,SKU_0073,131,0,21.0,98
2023-08-13,SKU_0073,111,0,21.0,98
2023-08-20,SKU_0073,99,0,21.0,98
2023-08-27,SKU_0073,87,103,21.0,98
2023-09-03,SKU_0073,69,109,21.0,98
2023-09-10,SKU_0073,117,0,21.0,98
2023-09-17,SKU_0073,100,0,21.0,98
2023-09-24,SKU_0073,100,0,21.0,98
2023-10-01,SKU_0073,202,0,21.0,98
2023-10-08,SKU_0073,144,0,21.0,98
2023-10-15,SKU_0073,134,0,21.0,98
2023-10-22,SKU_0073,121,0,21.0,98
2023-10-29,SKU_0073,97,93,21.0,98
2023-11-05,SKU_0073,91,177,21.0,98
2023-11-12,SKU_0073,212,0,21.0,98
2023-11-19,SKU_0073,149,0,21.0,98
2023-11-26,SKU_0073,121,0,21.0,98
2023-12-03,SKU_0073,118,0,21.0,98
2023-12-10,SKU_0073,249,0,21.0,98
2023-12-17,SKU_0073,183,0,21.0,98
2023-12-24,SKU_0073,163,0,21.0,98
2023-12-31,SKU_0073,132,0,21.0,98
2024-01-07,SKU_0073,113,0,21.0,98
2024-01-14,SKU_0073,104,0,21.0,98
2024-01-21,SKU_0073,78,133,21.0,98
2024-01-28,SKU_0073,55,192,21.0,98
2024-02-04,SKU_0073,236,0,21.0,98
2024-02-11,SKU_0073,187,0,21.0,98
2024-02-18,SKU_0073,134,0,21.0,98
2024-02-25,SKU_0073,131,0,21.0,98
2024-03-03,SKU_0073,102,0,21.0,98
2024-03-10,SKU_0073,94,106,21.0,98
2024-03-17,SKU_0073,203,0,21.0,98
2024-03-24,SKU_0073,196,0,21.0,98
2024-03-31,SKU_0073,146,0,21.0,98
2024-04-07,SKU_0073,108,0,21.0,98
2024-04-14,SKU_0073,168,0,21.0,98
2024-04-21,SKU_0073,144,0,21.0,98
2024-04-28,SKU_0073,130,0,21.0,98
2024-05-05,SKU_0073,115,0,21.0,98
2024-05-12,SKU_0073,95,55,21.0,98
2024-05-19,SKU_0073,82,97,21.0,98
2024-05-26,SKU_0073,253,0,21.0,98
2024-06-02,SKU_0073,217,0,21.0,98
2024-06-09,SKU_0073,207,0,21.0,98
2024-06-16,SKU_0073,189,0,21.0,98
2024-06-23,SKU_0073,142,0,21.0,98
2024-06-30,SKU_0073,115,0,21.0,98
2024-07-07,SKU_0073,99,0,21.0,98
2024-07-14,SKU_0073,71,151,21.0,98
2024-07-21,SKU_0073,240,0,21.0,98
2024-07-28,SKU_0073,180,0,21.0,98
2024-08-04,SKU_0073,145,0,21.0,98
2024-08-11,SKU_0073,119,0,21.0,98
2024-08-18,SKU_0073,92,52,21.0,98
2024-08-25,SKU_0073,279,0,21.0,98
2024-09-01,SKU_0073,263,0,21.0,98
2024-09-08,SKU_0073,194,0,21.0,98
2024-09-15,SKU_0073,170,0,21.0,98
2024-09-22,SKU_0073,132,0,21.0,98
2024-09-29,SKU_0073,103,0,21.0,98
2024-10-06,SKU_0073,84,50,21.0,98
2024-10-13,SKU_0073,79,195,21.0,98
2024-10-20,SKU_0073,168,0,21.0,98
2024-10-27,SKU_0073,121,0,21.0,98
2024-11-03,SKU_0073,99,0,21.0,98
2024-11-10,SKU_0073,97,140,21.0,98
2024-11-17,SKU_0073,205,0,21.0,98
2024-11-24,SKU_0073,146,0,21.0,98
2024-12-01,SKU_0073,118,0,21.0,98
2024-12-08,SKU_0073,118,0,21.0,98
2024-12-15,SKU_0073,116,0,21.0,98
2024-12-22,SKU_0073,102,0,21.0,98
2024-12-29,SKU_0073,83,52,21.0,98
2023-01-01,SKU_0074,124,0,28.0,38
2023-01-08,SKU_0074,124,0,28.0,38
2023-01-15,SKU_0074,92,0,28.0,38
2023-01-22,SKU_0074,85,0,28.0,38
2023-01-29,SKU_0074,74,0,28.0,38
2023-02-05,SKU_0074,60,0,28.0,38
2023-02-12,SKU_0074,45,0,28.0,38
2023-02-19,SKU_0074,33,146,28.0,38
2023-02-26,SKU_0074,179,0,28.0,38
2023-03-05,SKU_0074,178,0,28.0,38
2023-03-12,SKU_0074,168,0,28.0,38
2023-03-19,SKU_0074,120,0,28.0,38
2023-03-26,SKU_0074,96,0,28.0,38
2023-04-02,SKU_0074,93,0,28.0,38
2023-04-09,SKU_0074,76,0,28.0,38
2023-04-16,SKU_0074,68,0,28.0,38
2023-04-23,SKU_0074,60,0,28.0,38
2023-04-30,SKU_0074,59,0,28.0,38
2023-05-07,SKU_0074,45,0,28.0,38
2023-05-14,SKU_0074,156,0,28.0,38
2023-05-21,SKU_0074,114,0,28.0,38
2023-05-28,SKU_0074,83,0,28.0,38
2023-06-04,SKU_0074,60,0,28.0,38
2023-06-11,SKU_0074,46,0,28.0,38
2023-06-18,SKU_0074,37,95,28.0,38
2023-06-25,SKU_0074,174,0,28.0,38
2023-07-02,SKU_0074,131,0,28.0,38
2023-07-09,SKU_0074,96,0,28.0,38
2023-07-16,SKU_0074,69,0,28.0,38
2023-07-23,SKU_0074,51,0,28.0,38
2023-07-30,SKU_0074,49,0,28.0,38
2023-08-06,SKU_0074,40,0,28.0,38
2023-08-13,SKU_0074,95,0,28.0,38
2023-08-20,SKU_0074,85,0,28.0,38
2023-08-27,SKU_0074,61,0,28.0,38
2023-09-03,SKU_0074,59,0,28.0,38
2023-09-10,SKU_0074,51,0,28.0,38
2023-09-17,SKU_0074,42,0,28.0,38
2023-09-24,SKU_0074,141,0,28.0,38
2023-10-01,SKU_0074,136,0,28.0,38
2023-10-08,SKU_0074,125,0,28.0,38
2023-10-15,SKU_0074,106,0,28.0,38
2023-10-22,SKU_0074,90,0,28.0,38
2023-10-29,SKU_0074,75,0,28.0,38
2023-11-05,SKU_0074,71,0,28.0,38
2023-11-12,SKU_0074,59,0,28.0,38
2023-11-19,SKU_0074,56,0,28.0,38
2023-11-26,SKU_0074,49,0,28.0,38
2023-12-03,SKU_0074,200,0,28.0,38
2023-12-10,SKU_0074,150,0,28.0,38
2023-12-17,SKU_0074,147,0,28.0,38
2023-12-24,SKU_0074,135,0,28.0,38
2023-12-31,SKU_0074,109,0,28.0,38
2024-01-07,SKU_0074,82,0,28.0,38
2024-01-14,SKU_0074,68,0,28.0,38
2024-01-21,SKU_0074,50,0,28.0,38
2024-01-28,SKU_0074,137,0,28.0,38
2024-02-04,SKU_0074,116,0,28.0,38
2024-02-11,SKU_0074,82,0,28.0,38
2024-02-18,SKU_0074,77,0,28.0,38
2024-02-25,SKU_0074,75,0,28.0,38
2024-03-03,SKU_0074,74,0,28.0,38
2024-03-10,SKU_0074,71,0,28.0,38
2024-03-17,SKU_0074,64,0,28.0,38
2024-03-24,SKU_0074,61,0,28.0,38
2024-03-31,SKU_0074,46,0,28.0,38
2024-04-07,SKU_0074,216,0,28.0,38
2024-04-14,SKU_0074,195,0,28.0,38
2024-04-21,SKU_0074,142,0,28.0,38
2024-04-28,SKU_0074,106,0,28.0,38
2024-05-05,SKU_0074,98,0,28.0,38
2024-05-12,SKU_0074,74,0,28.0,38
2024-05-19,SKU_0074,53,0,28.0,38
2024-05-26,SKU_0074,53,0,28.0,38
2024-06-02,SKU_0074,43,0,28.0,38
2024-06-09,SKU_0074,41,0,28.0,38
2024-06-16,SKU_0074,40,0,28.0,38
2024-06-23,SKU_0074,119,0,28.0,38
2024-06-30,SKU_0074,118,0,28.0,38
2024-07-07,SKU_0074,89,0,28.0,38
2024-07-14,SKU_0074,80,0,28.0,38
2024-07-21,SKU_0074,66,0,28.0,38
2024-07-28,SKU_0074,47,0,28.0,38
2024-08-04,SKU_0074,41,0,28.0,38
2024-08-11,SKU_0074,38,0,28.0,38
2024-08-18,SKU_0074,36,133,28.0,38
2024-08-25,SKU_0074,119,0,28.0,38
2024-09-01,SKU_0074,119,0,28.0,38
2024-09-08,SKU_0074,103,0,28.0,38
2024-09-15,SKU_0074,78,0,28.0,38
2024-09-22,SKU_0074,73,0,28.0,38
2024-09-29,SKU_0074,55,0,28.0,38
2024-10-06,SKU_0074,47,0,28.0,38
2024-10-13,SKU_0074,41,0,28.0,38
2024-10-20,SKU_0074,222,0,28.0,38
2024-10-27,SKU_0074,174,0,28.0,38
2024-11-03,SKU_0074,140,0,28.0,38
2024-11-10,SKU_0074,112,0,28.0,38
2024-11-17,SKU_0074,99,0,28.0,38
2024-11-24,SKU_0074,81,0,28.0,38
2024-12-01,SKU_0074,75,0,28.0,38
2024-12-08,SKU_0074,72,0,28.0,38
2024-12-15,SKU_0074,54,0,28.0,38
2024-12-22,SKU_0074,48,0,28.0,38
2024-12-29,SKU_0074,122,0,28.0,38
2023-01-01,SKU_0075,109,0,7.0,54
2023-01-08,SKU_0075,78,0,7.0,54
2023-01-15,SKU_0075,73,0,7.0,54
2023-01-22,SKU_0075,55,0,7.0,54
2023-01-29,SKU_0075,43,104,7.0,54
2023-02-05,SKU_0075,162,0,7.0,54
2023-02-12,SKU_0075,136,0,7.0,54
2023-02-19,SKU_0075,125,0,7.0,54
2023-02-26,SKU_0075,111,0,7.0,54
2023-03-05,SKU_0075,92,0,7.0,54
2023-03-12,SKU_0075,74,0,7.0,54
2023-03-19,SKU_0075,57,0,7.0,54
2023-03-26,SKU_0075,158,0,7.0,54
2023-04-02,SKU_0075,142,0,7.0,54
2023-04-09,SKU_0075,123,0,7.0,54
2023-04-16,SKU_0075,114,0,7.0,54
2023-04-23,SKU_0075,82,0,7.0,54
2023-04-30,SKU_0075,67,0,7.0,54
2023-05-07,SKU_0075,61,0,7.0,54
2023-05-14,SKU_0075,48,76,7.0,54
2023-05-21,SKU_0075,48,66,7.0,54
2023-05-28,SKU_0075,158,0,7.0,54
2023-06-04,SKU_0075,122,0,7.0,54
2023-06-11,SKU_0075,86,0,7.0,54
2023-06-18,SKU_0075,62,0,7.0,54
2023-06-25,SKU_0075,220,0,7.0,54
2023-07-02,SKU_0075,199,0,7.0,54
2023-07-09,SKU_0075,159,0,7.0,54
2023-07-16,SKU_0075,152,0,7.0,54
2023-07-23,SKU_0075,115,0,7.0,54
2023-07-30,SKU_0075,95,0,7.0,54
2023-08-06,SKU_0075,73,0,7.0,54
2023-08-13,SKU_0075,53,64,7.0,54
2023-08-20,SKU_0075,148,0,7.0,54
2023-08-27,SKU_0075,134,0,7.0,54
2023-09-03,SKU_0075,110,0,7.0,54
2023-09-10,SKU_0075,104,0,7.0,54
2023-09-17,SKU_0075,74,0,7.0,54
2023-09-24,SKU_0075,235,0,7.0,54
2023-10-01,SKU_0075,206,0,7.0,54
2023-10-08,SKU_0075,195,0,7.0,54
2023-10-15,SKU_0075,162,0,7.0,54
2023-10-22,SKU_0075,125,0,7.0,54
2023-10-29,SKU_0075,120,0,7.0,54
2023-11-05,SKU_0075,87,0,7.0,54
2023-11-12,SKU_0075,63,0,7.0,54
2023-11-19,SKU_0075,56,0,7.0,54
2023-11-26,SKU_0075,56,0,7.0,54
2023-12-03,SKU_0075,51,144,7.0,54
2023-12-10,SKU_0075,42,148,7.0,54
2023-12-17,SKU_0075,157,0,7.0,54
2023-12-24,SKU_0075,130,0,7.0,54
2023-12-31,SKU_0075,104,0,7.0,54
2024-01-07,SKU_0075,98,0,7.0,54
2024-01-14,SKU_0075,94,0,7.0,54
2024-01-21,SKU_0075,71,0,7.0,54
2024-01-28,SKU_0075,51,64,7.0,54
2024-02-04,SKU_0075,47,77,7.0,54
2024-02-11,SKU_0075,149,0,7.0,54
2024-02-18,SKU_0075,148,0,7.0,54
2024-02-25,SKU_0075,122,0,7.0,54
2024-03-03,SKU_0075,121,0,7.0,54
2024-03-10,SKU_0075,117,0,7.0,54
2024-03-17,SKU_0075,94,0,7.0,54
2024-03-24,SKU_0075,91,0,7.0,54
2024-03-31,SKU_0075,91,0,7.0,54
2024-04-07,SKU_0075,75,0,7.0,54
2024-04-14,SKU_0075,69,0,7.0,54
2024-04-21,SKU_0075,180,0,7.0,54
2024-04-28,SKU_0075,162,0,7.0,54
2024-05-05,SKU_0075,145,0,7.0,54
2024-05-12,SKU_0075,144,0,7.0,54
2024-05-19,SKU_0075,110,0,7.0,54
2024-05-26,SKU_0075,97,0,7.0,54
2024-06-02,SKU_0075,91,0,7.0,54
2024-06-09,SKU_0075,79,0,7.0,54
2024-06-16,SKU_0075,66,0,7.0,54
2024-06-23,SKU_0075,66,0,7.0,54
2024-06-30,SKU_0075,58,0,7.0,54
2024-07-07,SKU_0075,41,199,7.0,54
2024-07-14,SKU_0075,191,0,7.0,54
2024-07-21,SKU_0075,160,0,7.0,54
2024-07-28,SKU_0075,130,0,7.0,54
2024-08-04,SKU_0075,94,0,7.0,54
2024-08-11,SKU_0075,74,0,7.0,54
2024-08-18,SKU_0075,72,0,7.0,54
2024-08-25,SKU_0075,143,0,7.0,54
2024-09-01,SKU_0075,142,0,7.0,54
2024-09-08,SKU_0075,134,0,7.0,54
2024-09-15,SKU_0075,125,0,7.0,54
2024-09-22,SKU_0075,89,0,7.0,54
2024-09-29,SKU_0075,67,0,7.0,54
2024-10-06,SKU_0075,60,0,7.0,54
2024-10-13,SKU_0075,49,125,7.0,54
2024-10-20,SKU_0075,235,0,7.0,54
2024-10-27,SKU_0075,235,0,7.0,54
2024-11-03,SKU_0075,235,0,7.0,54
2024-11-10,SKU_0075,207,0,7.0,54
2024-11-17,SKU_0075,145,0,7.0,54
2024-11-24,SKU_0075,139,0,7.0,54
2024-12-01,SKU_0075,113,0,7.0,54
2024-12-08,SKU_0075,102,0,7.0,54
2024-12-15,SKU_0075,91,0,7.0,54
2024-12-22,SKU_0075,74,0,7.0,54
2024-12-29,SKU_0075,60,0,7.0,54
2023-01-01,SKU_0076,40,82,14.0,50
2023-01-08,SKU_0076,28,125,14.0,50
2023-01-15,SKU_0076,26,153,14.0,50
2023-01-22,SKU_0076,23,183,14.0,50
2023-01-29,SKU_0076,184,0,14.0,50
2023-02-05,SKU_0076,184,0,14.0,50
2023-02-12,SKU_0076,164,0,14.0,50
2023-02-19,SKU_0076,121,0,14.0,50
2023-02-26,SKU_0076,103,0,14.0,50
2023-03-05,SKU_0076,103,0,14.0,50
2023-03-12,SKU_0076,93,0,14.0,50
2023-03-19,SKU_0076,87,0,14.0,50
2023-03-26,SKU_0076,78,0,14.0,50
2023-04-02,SKU_0076,59,0,14.0,50
2023-04-09,SKU_0076,44,53,14.0,50
2023-04-16,SKU_0076,31,106,14.0,50
2023-04-23,SKU_0076,213,0,14.0,50
2023-04-30,SKU_0076,200,0,14.0,50
2023-05-07,SKU_0076,178,0,14.0,50
2023-05-14,SKU_0076,178,0,14.0,50
2023-05-21,SKU_0076,167,0,14.0,50
2023-05-28,SKU_0076,118,0,14.0,50
2023-06-04,SKU_0076,86,0,14.0,50
2023-06-11,SKU_0076,61,0,14.0,50
2023-06-18,SKU_0076,60,0,14.0,50
2023-06-25,SKU_0076,136,0,14.0,50
2023-07-02,SKU_0076,106,0,14.0,50
2023-07-09,SKU_0076,83,0,14.0,50
2023-07-16,SKU_0076,79,0,14.0,50
2023-07-23,SKU_0076,60,0,14.0,50
2023-07-30,SKU_0076,59,0,14.0,50
2023-08-06,SKU_0076,182,0,14.0,50
2023-08-13,SKU_0076,161,0,14.0,50
2023-08-20,SKU_0076,121,0,14.0,50
2023-08-27,SKU_0076,119,0,14.0,50
2023-09-03,SKU_0076,116,0,14.0,50
2023-09-10,SKU_0076,102,0,14.0,50
2023-09-17,SKU_0076,79,0,14.0,50
2023-09-24,SKU_0076,71,0,14.0,50
2023-10-01,SKU_0076,67,0,14.0,50
2023-10-08,SKU_0076,66,0,14.0,50
2023-10-15,SKU_0076,63,0,14.0,50
2023-10-22,SKU_0076,63,0,14.0,50
2023-10-29,SKU_0076,133,0,14.0,50
2023-11-05,SKU_0076,109,0,14.0,50
2023-11-12,SKU_0076,78,0,14.0,50
2023-11-19,SKU_0076,65,0,14.0,50
2023-11-26,SKU_0076,56,0,14.0,50
2023-12-03,SKU_0076,137,0,14.0,50
2023-12-10,SKU_0076,106,0,14.0,50
2023-12-17,SKU_0076,101,0,14.0,50
2023-12-24,SKU_0076,81,0,14.0,50
2023-12-31,SKU_0076,80,0,14.0,50
2024-01-07,SKU_0076,76,0,14.0,50
2024-01-14,SKU_0076,55,0,14.0,50
2024-01-21,SKU_0076,217,0,14.0,50
2024-01-28,SKU_0076,187,0,14.0,50
2024-02-04,SKU_0076,185,0,14.0,50
2024-02-11,SKU_0076,158,0,14.0,50
2024-02-18,SKU_0076,122,0,14.0,50
2024-02-25,SKU_0076,92,0,14.0,50
2024-03-03,SKU_0076,89,0,14.0,50
2024-03-10,SKU_0076,88,0,14.0,50
2024-03-17,SKU_0076,85,0,14.0,50
2024-03-24,SKU_0076,78,0,14.0,50
2024-03-31,SKU_0076,68,0,14.0,50
2024-04-07,SKU_0076,59,0,14.0,50
2024-04-14,SKU_0076,50,0,14.0,50
2024-04-21,SKU_0076,164,0,14.0,50
2024-04-28,SKU_0076,144,0,14.0,50
2024-05-05,SKU_0076,139,0,14.0,50
2024-05-12,SKU_0076,101,0,14.0,50
2024-05-19,SKU_0076,78,0,14.0,50
2024-05-26,SKU_0076,68,0,14.0,50
2024-06-02,SKU_0076,224,0,14.0,50
2024-06-09,SKU_0076,170,0,14.0,50
2024-06-16,SKU_0076,166,0,14.0,50
2024-06-23,SKU_0076,118,0,14.0,50
2024-06-30,SKU_0076,88,0,14.0,50
2024-07-07,SKU_0076,62,0,14.0,50
2024-07-14,SKU_0076,51,0,14.0,50
2024-07-21,SKU_0076,43,61,14.0,50
2024-07-28,SKU_0076,34,179,14.0,50
2024-08-04,SKU_0076,31,115,14.0,50
2024-08-11,SKU_0076,26,197,14.0,50
2024-08-18,SKU_0076,170,0,14.0,50
2024-08-25,SKU_0076,151,0,14.0,50
2024-09-01,SKU_0076,120,0,14.0,50
2024-09-08,SKU_0076,98,0,14.0,50
2024-09-15,SKU_0076,81,0,14.0,50
2024-09-22,SKU_0076,76,0,14.0,50
2024-09-29,SKU_0076,70,0,14.0,50
2024-10-06,SKU_0076,70,0,14.0,50
2024-10-13,SKU_0076,59,0,14.0,50
2024-10-20,SKU_0076,158,0,14.0,50
2024-10-27,SKU_0076,123,0,14.0,50
2024-11-03,SKU_0076,95,0,14.0,50
2024-11-10,SKU_0076,88,0,14.0,50
2024-11-17,SKU_0076,74,0,14.0,50
2024-11-24,SKU_0076,65,0,14.0,50
2024-12-01,SKU_0076,52,0,14.0,50
2024-12-08,SKU_0076,153,0,14.0,50
2024-12-15,SKU_0076,125,0,14.0,50
2024-12-22,SKU_0076,113,0,14.0,50
2024-12-29,SKU_0076,112,0,14.0,50
2023-01-01,SKU_0077,53,0,28.0,24
2023-01-08,SKU_0077,48,0,28.0,24
2023-01-15,SKU_0077,46,0,28.0,24
2023-01-22,SKU_0077,45,0,28.0,24
2023-01-29,SKU_0077,35,0,28.0,24
2023-02-05,SKU_0077,25,0,28.0,24
2023-02-12,SKU_0077,18,167,28.0,24
2023-02-19,SKU_0077,83,0,28.0,24
2023-02-26,SKU_0077,66,0,28.0,24
2023-03-05,SKU_0077,63,0,28.0,24
2023-03-12,SKU_0077,49,0,28.0,24
2023-03-19,SKU_0077,46,0,28.0,24
2023-03-26,SKU_0077,33,0,28.0,24
2023-04-02,SKU_0077,31,0,28.0,24
2023-04-09,SKU_0077,27,0,28.0,24
2023-04-16,SKU_0077,27,0,28.0,24
2023-04-23,SKU_0077,145,0,28.0,24
2023-04-30,SKU_0077,129,0,28.0,24
2023-05-07,SKU_0077,113,0,28.0,24
2023-05-14,SKU_0077,98,0,28.0,24
2023-05-21,SKU_0077,95,0,28.0,24
2023-05-28,SKU_0077,70,0,28.0,24
2023-06-04,SKU_0077,49,0,28.0,24
2023-06-11,SKU_0077,37,0,28.0,24
2023-06-18,SKU_0077,36,0,28.0,24
2023-06-25,SKU_0077,34,0,28.0,24
2023-07-02,SKU_0077,32,0,28.0,24
2023-07-09,SKU_0077,161,0,28.0,24
2023-07-16,SKU_0077,160,0,28.0,24
2023-07-23,SKU_0077,129,0,28.0,24
2023-07-30,SKU_0077,91,0,28.0,24
2023-08-06,SKU_0077,79,0,28.0,24
2023-08-13,SKU_0077,75,0,28.0,24
2023-08-20,SKU_0077,55,0,28.0,24
2023-08-27,SKU_0077,45,0,28.0,24
2023-09-03,SKU_0077,45,0,28.0,24
2023-09-10,SKU_0077,38,0,28.0,24
2023-09-17,SKU_0077,36,0,28.0,24
2023-09-24,SKU_0077,27,0,28.0,24
2023-10-01,SKU_0077,20,115,28.0,24
2023-10-08,SKU_0077,15,145,28.0,24
2023-10-15,SKU_0077,136,0,28.0,24
2023-10-22,SKU_0077,136,0,28.0,24
2023-10-29,SKU_0077,128,0,28.0,24
2023-11-05,SKU_0077,100,0,28.0,24
2023-11-12,SKU_0077,78,0,28.0,24
2023-11-19,SKU_0077,70,0,28.0,24
2023-11-26,SKU_0077,62,0,28.0,24
2023-12-03,SKU_0077,50,0,28.0,24
2023-12-10,SKU_0077,46,0,28.0,24
2023-12-17,SKU_0077,39,0,28.0,24
2023-12-24,SKU_0077,29,0,28.0,24
2023-12-31,SKU_0077,28,0,28.0,24
2024-01-07,SKU_0077,28,0,28.0,24
2024-01-14,SKU_0077,21,90,28.0,24
2024-01-21,SKU_0077,89,0,28.0,24
2024-01-28,SKU_0077,88,0,28.0,24
2024-02-04,SKU_0077,76,0,28.0,24
2024-02-11,SKU_0077,57,0,28.0,24
2024-02-18,SKU_0077,50,0,28.0,24
2024-02-25,SKU_0077,41,0,28.0,24
2024-03-03,SKU_0077,32,0,28.0,24
2024-03-10,SKU_0077,25,0,28.0,24
2024-03-17,SKU_0077,19,81,28.0,24
2024-03-24,SKU_0077,131,0,28.0,24
2024-03-31,SKU_0077,125,0,28.0,24
2024-04-07,SKU_0077,106,0,28.0,24
2024-04-14,SKU_0077,75,0,28.0,24
2024-04-21,SKU_0077,63,0,28.0,24
2024-04-28,SKU_0077,59,0,28.0,24
2024-05-05,SKU_0077,56,0,28.0,24
2024-05-12,SKU_0077,52,0,28.0,24
2024-05-19,SKU_0077,43,0,28.0,24
2024-05-26,SKU_0077,39,0,28.0,24
2024-06-02,SKU_0077,35,0,28.0,24
2024-06-09,SKU_0077,33,0,28.0,24
2024-06-16,SKU_0077,27,0,28.0,24
2024-06-23,SKU_0077,24,0,28.0,24
2024-06-30,SKU_0077,22,79,28.0,24
2024-07-07,SKU_0077,123,0,28.0,24
2024-07-14,SKU_0077,112,0,28.0,24
2024-07-21,SKU_0077,94,0,28.0,24
2024-07-28,SKU_0077,79,0,28.0,24
2024-08-04,SKU_0077,79,0,28.0,24
2024-08-11,SKU_0077,57,0,28.0,24
2024-08-18,SKU_0077,51,0,28.0,24
2024-08-25,SKU_0077,44,0,28.0,24
2024-09-01,SKU_0077,35,0,28.0,24
2024-09-08,SKU_0077,28,0,28.0,24
2024-09-15,SKU_0077,25,0,28.0,24
2024-09-22,SKU_0077,102,0,28.0,24
2024-09-29,SKU_0077,90,0,28.0,24
2024-10-06,SKU_0077,67,0,28.0,24
2024-10-13,SKU_0077,55,0,28.0,24
2024-10-20,SKU_0077,45,0,28.0,24
2024-10-27,SKU_0077,42,0,28.0,24
2024-11-03,SKU_0077,34,0,28.0,24
2024-11-10,SKU_0077,34,0,28.0,24
2024-11-17,SKU_0077,25,0,28.0,24
2024-11-24,SKU_0077,94,0,28.0,24
2024-12-01,SKU_0077,68,0,28.0,24
2024-12-08,SKU_0077,56,0,28.0,24
2024-12-15,SKU_0077,52,0,28.0,24
2024-12-22,SKU_0077,40,0,28.0,24
2024-12-29,SKU_0077,38,0,28.0,24
2023-01-01,SKU_0078,278,0,21.0,44
2023-01-08,SKU_0078,265,0,21.0,44
2023-01-15,SKU_0078,211,0,21.0,44
2023-01-22,SKU_0078,185,0,21.0,44
2023-01-29,SKU_0078,177,0,21.0,44
2023-02-05,SKU_0078,173,0,21.0,44
2023-02-12,SKU_0078,125,0,21.0,44
2023-02-19,SKU_0078,117,0,21.0,44
2023-02-26,SKU_0078,111,0,21.0,44
2023-03-05,SKU_0078,88,0,21.0,44
2023-03-12,SKU_0078,84,0,21.0,44
2023-03-19,SKU_0078,59,0,21.0,44
2023-03-26,SKU_0078,54,0,21.0,44
2023-04-02,SKU_0078,47,0,21.0,44
2023-04-09,SKU_0078,216,0,21.0,44
2023-04-16,SKU_0078,166,0,21.0,44
2023-04-23,SKU_0078,145,0,21.0,44
2023-04-30,SKU_0078,112,0,21.0,44
2023-05-07,SKU_0078,95,0,21.0,44
2023-05-14,SKU_0078,68,0,21.0,44
2023-05-21,SKU_0078,60,0,21.0,44
2023-05-28,SKU_0078,56,0,21.0,44
2023-06-04,SKU_0078,42,118,21.0,44
2023-06-11,SKU_0078,37,164,21.0,44
2023-06-18,SKU_0078,33,125,21.0,44
2023-06-25,SKU_0078,223,0,21.0,44
2023-07-02,SKU_0078,187,0,21.0,44
2023-07-09,SKU_0078,174,0,21.0,44
2023-07-16,SKU_0078,174,0,21.0,44
2023-07-23,SKU_0078,132,0,21.0,44
2023-07-30,SKU_0078,101,0,21.0,44
2023-08-06,SKU_0078,73,0,21.0,44
2023-08-13,SKU_0078,66,0,21.0,44
2023-08-20,SKU_0078,64,0,21.0,44
2023-08-27,SKU_0078,51,0,21.0,44
2023-09-03,SKU_0078,157,0,21.0,44
2023-09-10,SKU_0078,148,0,21.0,44
2023-09-17,SKU_0078,147,0,21.0,44
2023-09-24,SKU_0078,105,0,21.0,44
2023-10-01,SKU_0078,85,0,21.0,44
2023-10-08,SKU_0078,84,0,21.0,44
2023-10-15,SKU_0078,78,0,21.0,44
2023-10-22,SKU_0078,66,0,21.0,44
2023-10-29,SKU_0078,65,0,21.0,44
2023-11-05,SKU_0078,50,0,21.0,44
2023-11-12,SKU_0078,40,163,21.0,44
2023-11-19,SKU_0078,148,0,21.0,44
2023-11-26,SKU_0078,111,0,21.0,44
2023-12-03,SKU_0078,99,0,21.0,44
2023-12-10,SKU_0078,73,0,21.0,44
2023-12-17,SKU_0078,66,0,21.0,44
2023-12-24,SKU_0078,49,0,21.0,44
2023-12-31,SKU_0078,44,0,21.0,44
2024-01-07,SKU_0078,31,107,21.0,44
2024-01-14,SKU_0078,189,0,21.0,44
2024-01-21,SKU_0078,163,0,21.0,44
2024-01-28,SKU_0078,123,0,21.0,44
2024-02-04,SKU_0078,88,0,21.0,44
2024-02-11,SKU_0078,66,0,21.0,44
2024-02-18,SKU_0078,53,0,21.0,44
2024-02-25,SKU_0078,152,0,21.0,44
2024-03-03,SKU_0078,124,0,21.0,44
2024-03-10,SKU_0078,114,0,21.0,44
2024-03-17,SKU_0078,114,0,21.0,44
2024-03-24,SKU_0078,82,0,21.0,44
2024-03-31,SKU_0078,63,0,21.0,44
2024-04-07,SKU_0078,60,0,21.0,44
2024-04-14,SKU_0078,58,0,21.0,44
2024-04-21,SKU_0078,55,0,21.0,44
2024-04-28,SKU_0078,39,87,21.0,44
2024-05-05,SKU_0078,121,0,21.0,44
2024-05-12,SKU_0078,108,0,21.0,44
2024-05-19,SKU_0078,97,0,21.0,44
2024-05-26,SKU_0078,70,0,21.0,44
2024-06-02,SKU_0078,54,0,21.0,44
2024-06-09,SKU_0078,47,0,21.0,44
2024-06-16,SKU_0078,45,0,21.0,44
2024-06-23,SKU_0078,43,83,21.0,44
2024-06-30,SKU_0078,35,91,21.0,44
2024-07-07,SKU_0078,31,58,21.0,44
2024-07-14,SKU_0078,107,0,21.0,44
2024-07-21,SKU_0078,96,0,21.0,44
2024-07-28,SKU_0078,72,0,21.0,44
2024-08-04,SKU_0078,66,0,21.0,44
2024-08-11,SKU_0078,49,0,21.0,44
2024-08-18,SKU_0078,181,0,21.0,44
2024-08-25,SKU_0078,173,0,21.0,44
2024-09-01,SKU_0078,156,0,21.0,44
2024-09-08,SKU_0078,116,0,21.0,44
2024-09-15,SKU_0078,84,0,21.0,44
2024-09-22,SKU_0078,61,0,21.0,44
2024-09-29,SKU_0078,45,0,21.0,44
2024-10-06,SKU_0078,123,0,21.0,44
2024-10-13,SKU_0078,102,0,21.0,44
2024-10-20,SKU_0078,76,0,21.0,44
2024-10-27,SKU_0078,74,0,21.0,44
2024-11-03,SKU_0078,57,0,21.0,44
2024-11-10,SKU_0078,50,0,21.0,44
2024-11-17,SKU_0078,48,0,21.0,44
2024-11-24,SKU_0078,48,0,21.0,44
2024-12-01,SKU_0078,46,0,21.0,44
2024-12-08,SKU_0078,136,0,21.0,44
2024-12-15,SKU_0078,106,0,21.0,44
2024-12-22,SKU_0078,94,0,21.0,44
2024-12-29,SKU_0078,75,0,21.0,44
2023-01-01,SKU_0079,51,0,21.0,48
2023-01-08,SKU_0079,51,0,21.0,48
2023-01-15,SKU_0079,246,0,21.0,48
2023-01-22,SKU_0079,243,0,21.0,48
2023-01-29,SKU_0079,220,0,21.0,48
2023-02-05,SKU_0079,164,0,21.0,48
2023-02-12,SKU_0079,127,0,21.0,48
2023-02-19,SKU_0079,120,0,21.0,48
2023-02-26,SKU_0079,89,0,21.0,48
2023-03-05,SKU_0079,85,0,21.0,48
2023-03-12,SKU_0079,81,0,21.0,48
2023-03-19,SKU_0079,67,0,21.0,48
2023-03-26,SKU_0079,59,0,21.0,48
2023-04-02,SKU_0079,55,0,21.0,48
2023-04-09,SKU_0079,40,130,21.0,48
2023-04-16,SKU_0079,31,131,21.0,48
2023-04-23,SKU_0079,214,0,21.0,48
2023-04-30,SKU_0079,159,0,21.0,48
2023-05-07,SKU_0079,120,0,21.0,48
2023-05-14,SKU_0079,96,0,21.0,48
2023-05-21,SKU_0079,71,0,21.0,48
2023-05-28,SKU_0079,68,0,21.0,48
2023-06-04,SKU_0079,66,0,21.0,48
2023-06-11,SKU_0079,48,0,21.0,48
2023-06-18,SKU_0079,203,0,21.0,48
2023-06-25,SKU_0079,174,0,21.0,48
2023-07-02,SKU_0079,152,0,21.0,48
2023-07-09,SKU_0079,123,0,21.0,48
2023-07-16,SKU_0079,118,0,21.0,48
2023-07-23,SKU_0079,101,0,21.0,48
2023-07-30,SKU_0079,99,0,21.0,48
2023-08-06,SKU_0079,72,0,21.0,48
2023-08-13,SKU_0079,71,0,21.0,48
2023-08-20,SKU_0079,59,0,21.0,48
2023-08-27,SKU_0079,54,0,21.0,48
2023-09-03,SKU_0079,53,0,21.0,48
2023-09-10,SKU_0079,47,114,21.0,48
2023-09-17,SKU_0079,220,0,21.0,48
2023-09-24,SKU_0079,195,0,21.0,48
2023-10-01,SKU_0079,188,0,21.0,48
2023-10-08,SKU_0079,145,0,21.0,48
2023-10-15,SKU_0079,107,0,21.0,48
2023-10-22,SKU_0079,97,0,21.0,48
2023-10-29,SKU_0079,82,0,21.0,48
2023-11-05,SKU_0079,76,0,21.0,48
2023-11-12,SKU_0079,73,0,21.0,48
2023-11-19,SKU_0079,57,0,21.0,48
2023-11-26,SKU_0079,48,0,21.0,48
2023-12-03,SKU_0079,46,108,21.0,48
2023-12-10,SKU_0079,43,157,21.0,48
2023-12-17,SKU_0079,34,129,21.0,48
2023-12-24,SKU_0079,136,0,21.0,48
2023-12-31,SKU_0079,109,0,21.0,48
2024-01-07,SKU_0079,93,0,21.0,48
2024-01-14,SKU_0079,71,0,21.0,48
2024-01-21,SKU_0079,52,0,21.0,48
2024-01-28,SKU_0079,49,0,21.0,48
2024-02-04,SKU_0079,44,131,21.0,48
2024-02-11,SKU_0079,33,119,21.0,48
2024-02-18,SKU_0079,211,0,21.0,48
2024-02-25,SKU_0079,209,0,21.0,48
2024-03-03,SKU_0079,168,0,21.0,48
2024-03-10,SKU_0079,127,0,21.0,48
2024-03-17,SKU_0079,105,0,21.0,48
2024-03-24,SKU_0079,98,0,21.0,48
2024-03-31,SKU_0079,97,0,21.0,48
2024-04-07,SKU_0079,89,0,21.0,48
2024-04-14,SKU_0079,72,0,21.0,48
2024-04-21,SKU_0079,55,0,21.0,48
2024-04-28,SKU_0079,51,0,21.0,48
2024-05-05,SKU_0079,214,0,21.0,48
2024-05-12,SKU_0079,209,0,21.0,48
2024-05-19,SKU_0079,188,0,21.0,48
2024-05-26,SKU_0079,158,0,21.0,48
2024-06-02,SKU_0079,152,0,21.0,48
2024-06-09,SKU_0079,109,0,21.0,48
2024-06-16,SKU_0079,105,0,21.0,48
2024-06-23,SKU_0079,77,0,21.0,48
2024-06-30,SKU_0079,77,0,21.0,48
2024-07-07,SKU_0079,66,0,21.0,48
2024-07-14,SKU_0079,63,0,21.0,48
2024-07-21,SKU_0079,63,0,21.0,48
2024-07-28,SKU_0079,166,0,21.0,48
2024-08-04,SKU_0079,122,0,21.0,48
2024-08-11,SKU_0079,93,0,21.0,48
2024-08-18,SKU_0079,70,0,21.0,48
2024-08-25,SKU_0079,60,0,21.0,48
2024-09-01,SKU_0079,46,171,21.0,48
2024-09-08,SKU_0079,41,51,21.0,48
2024-09-15,SKU_0079,34,74,21.0,48
2024-09-22,SKU_0079,164,0,21.0,48
2024-09-29,SKU_0079,136,0,21.0,48
2024-10-06,SKU_0079,103,0,21.0,48
2024-10-13,SKU_0079,86,0,21.0,48
2024-10-20,SKU_0079,66,0,21.0,48
2024-10-27,SKU_0079,56,0,21.0,48
2024-11-03,SKU_0079,214,0,21.0,48
2024-11-10,SKU_0079,155,0,21.0,48
2024-11-17,SKU_0079,131,0,21.0,48
2024-11-24,SKU_0079,126,0,21.0,48
2024-12-01,SKU_0079,90,0,21.0,48
2024-12-08,SKU_0079,70,0,21.0,48
2024-12-15,SKU_0079,60,0,21.0,48
2024-12-22,SKU_0079,54,0,21.0,48
2024-12-29,SKU_0079,44,53,21.0,48
2023-01-01,SKU_0080,100,0,28.0,94
2023-01-08,SKU_0080,95,0,28.0,94
2023-01-15,SKU_0080,69,198,28.0,94
2023-01-22,SKU_0080,55,190,28.0,94
2023-01-29,SKU_0080,54,70,28.0,94
2023-02-05,SKU_0080,116,0,28.0,94
2023-02-12,SKU_0080,97,0,28.0,94
2023-02-19,SKU_0080,90,62,28.0,94
2023-02-26,SKU_0080,192,0,28.0,94
2023-03-05,SKU_0080,175,0,28.0,94
2023-03-12,SKU_0080,132,0,28.0,94
2023-03-19,SKU_0080,131,0,28.0,94
2023-03-26,SKU_0080,125,0,28.0,94
2023-04-02,SKU_0080,255,0,28.0,94
2023-04-09,SKU_0080,218,0,28.0,94
2023-04-16,SKU_0080,179,0,28.0,94
2023-04-23,SKU_0080,149,0,28.0,94
2023-04-30,SKU_0080,110,0,28.0,94
2023-05-07,SKU_0080,99,0,28.0,94
2023-05-14,SKU_0080,75,121,28.0,94
2023-05-21,SKU_0080,73,124,28.0,94
2023-05-28,SKU_0080,52,191,28.0,94
2023-06-04,SKU_0080,129,0,28.0,94
2023-06-11,SKU_0080,119,0,28.0,94
2023-06-18,SKU_0080,89,78,28.0,94
2023-06-25,SKU_0080,69,91,28.0,94
2023-07-02,SKU_0080,53,121,28.0,94
2023-07-09,SKU_0080,39,195,28.0,94
2023-07-16,SKU_0080,29,59,28.0,94
2023-07-23,SKU_0080,167,0,28.0,94
2023-07-30,SKU_0080,154,0,28.0,94
2023-08-06,SKU_0080,127,0,28.0,94
2023-08-13,SKU_0080,92,83,28.0,94
2023-08-20,SKU_0080,86,112,28.0,94
2023-08-27,SKU_0080,250,0,28.0,94
2023-09-03,SKU_0080,236,0,28.0,94
2023-09-10,SKU_0080,225,0,28.0,94
2023-09-17,SKU_0080,204,0,28.0,94
2023-09-24,SKU_0080,152,0,28.0,94
2023-10-01,SKU_0080,116,0,28.0,94
2023-10-08,SKU_0080,100,0,28.0,94
2023-10-15,SKU_0080,139,0,28.0,94
2023-10-22,SKU_0080,108,0,28.0,94
2023-10-29,SKU_0080,77,105,28.0,94
2023-11-05,SKU_0080,161,0,28.0,94
2023-11-12,SKU_0080,117,0,28.0,94
2023-11-19,SKU_0080,101,0,28.0,94
2023-11-26,SKU_0080,268,0,28.0,94
2023-12-03,SKU_0080,267,0,28.0,94
2023-12-10,SKU_0080,267,0,28.0,94
2023-12-17,SKU_0080,257,0,28.0,94
2023-12-24,SKU_0080,209,0,28.0,94
2023-12-31,SKU_0080,192,0,28.0,94
2024-01-07,SKU_0080,160,0,28.0,94
2024-01-14,SKU_0080,150,0,28.0,94
2024-01-21,SKU_0080,107,0,28.0,94
2024-01-28,SKU_0080,83,197,28.0,94
2024-02-04,SKU_0080,60,192,28.0,94
2024-02-11,SKU_0080,111,0,28.0,94
2024-02-18,SKU_0080,255,0,28.0,94
2024-02-25,SKU_0080,222,0,28.0,94
2024-03-03,SKU_0080,201,0,28.0,94
2024-03-10,SKU_0080,178,0,28.0,94
2024-03-17,SKU_0080,159,0,28.0,94
2024-03-24,SKU_0080,131,0,28.0,94
2024-03-31,SKU_0080,129,0,28.0,94
2024-04-07,SKU_0080,117,0,28.0,94
2024-04-14,SKU_0080,244,0,28.0,94
2024-04-21,SKU_0080,235,0,28.0,94
2024-04-28,SKU_0080,216,0,28.0,94
2024-05-05,SKU_0080,190,0,28.0,94
2024-05-12,SKU_0080,155,0,28.0,94
2024-05-19,SKU_0080,132,0,28.0,94
2024-05-26,SKU_0080,103,0,28.0,94
2024-06-02,SKU_0080,184,0,28.0,94
2024-06-09,SKU_0080,183,0,28.0,94
2024-06-16,SKU_0080,166,0,28.0,94
2024-06-23,SKU_0080,158,0,28.0,94
2024-06-30,SKU_0080,117,0,28.0,94
2024-07-07,SKU_0080,209,0,28.0,94
2024-07-14,SKU_0080,151,0,28.0,94
2024-07-21,SKU_0080,146,0,28.0,94
2024-07-28,SKU_0080,136,0,28.0,94
2024-08-04,SKU_0080,116,0,28.0,94
2024-08-11,SKU_0080,106,0,28.0,94
2024-08-18,SKU_0080,147,0,28.0,94
2024-08-25,SKU_0080,128,0,28.0,94
2024-09-01,SKU_0080,90,152,28.0,94
2024-09-08,SKU_0080,277,0,28.0,94
2024-09-15,SKU_0080,223,0,28.0,94
2024-09-22,SKU_0080,167,0,28.0,94
2024-09-29,SKU_0080,144,0,28.0,94
2024-10-06,SKU_0080,137,0,28.0,94
2024-10-13,SKU_0080,125,0,28.0,94
2024-10-20,SKU_0080,107,0,28.0,94
2024-10-27,SKU_0080,100,0,28.0,94
2024-11-03,SKU_0080,98,0,28.0,94
2024-11-10,SKU_0080,174,0,28.0,94
2024-11-17,SKU_0080,159,0,28.0,94
2024-11-24,SKU_0080,158,0,28.0,94
2024-12-01,SKU_0080,121,0,28.0,94
2024-12-08,SKU_0080,95,0,28.0,94
2024-12-15,SKU_0080,267,0,28.0,94
2024-12-22,SKU_0080,187,0,28.0,94
2024-12-29,SKU_0080,140,0,28.0,94
2023-01-01,SKU_0081,69,0,14.0,53
2023-01-08,SKU_0081,54,0,14.0,53
2023-01-15,SKU_0081,50,189,14.0,53
2023-01-22,SKU_0081,98,0,14.0,53
2023-01-29,SKU_0081,75,0,14.0,53
2023-02-05,SKU_0081,64,0,14.0,53
2023-02-12,SKU_0081,59,0,14.0,53
2023-02-19,SKU_0081,56,0,14.0,53
2023-02-26,SKU_0081,125,0,14.0,53
2023-03-05,SKU_0081,104,0,14.0,53
2023-03-12,SKU_0081,95,0,14.0,53
2023-03-19,SKU_0081,87,0,14.0,53
2023-03-26,SKU_0081,86,0,14.0,53
2023-04-02,SKU_0081,76,0,14.0,53
2023-04-09,SKU_0081,65,0,14.0,53
2023-04-16,SKU_0081,55,0,14.0,53
2023-04-23,SKU_0081,120,0,14.0,53
2023-04-30,SKU_0081,109,0,14.0,53
2023-05-07,SKU_0081,90,0,14.0,53
2023-05-14,SKU_0081,67,0,14.0,53
2023-05-21,SKU_0081,53,0,14.0,53
2023-05-28,SKU_0081,190,0,14.0,53
2023-06-04,SKU_0081,138,0,14.0,53
2023-06-11,SKU_0081,109,0,14.0,53
2023-06-18,SKU_0081,79,0,14.0,53
2023-06-25,SKU_0081,77,0,14.0,53
2023-07-02,SKU_0081,64,0,14.0,53
2023-07-09,SKU_0081,61,0,14.0,53
2023-07-16,SKU_0081,57,0,14.0,53
2023-07-23,SKU_0081,185,0,14.0,53
2023-07-30,SKU_0081,161,0,14.0,53
2023-08-06,SKU_0081,160,0,14.0,53
2023-08-13,SKU_0081,137,0,14.0,53
2023-08-20,SKU_0081,130,0,14.0,53
2023-08-27,SKU_0081,109,0,14.0,53
2023-09-03,SKU_0081,105,0,14.0,53
2023-09-10,SKU_0081,80,0,14.0,53
2023-09-17,SKU_0081,70,0,14.0,53
2023-09-24,SKU_0081,62,0,14.0,53
2023-10-01,SKU_0081,215,0,14.0,53
2023-10-08,SKU_0081,212,0,14.0,53
2023-10-15,SKU_0081,165,0,14.0,53
2023-10-22,SKU_0081,133,0,14.0,53
2023-10-29,SKU_0081,94,0,14.0,53
2023-11-05,SKU_0081,75,0,14.0,53
2023-11-12,SKU_0081,73,0,14.0,53
2023-11-19,SKU_0081,61,0,14.0,53
2023-11-26,SKU_0081,51,186,14.0,53
2023-12-03,SKU_0081,167,0,14.0,53
2023-12-10,SKU_0081,167,0,14.0,53
2023-12-17,SKU_0081,149,0,14.0,53
2023-12-24,SKU_0081,140,0,14.0,53
2023-12-31,SKU_0081,101,0,14.0,53
2024-01-07,SKU_0081,101,0,14.0,53
2024-01-14,SKU_0081,90,0,14.0,53
2024-01-21,SKU_0081,65,0,14.0,53
2024-01-28,SKU_0081,135,0,14.0,53
2024-02-04,SKU_0081,124,0,14.0,53
2024-02-11,SKU_0081,119,0,14.0,53
2024-02-18,SKU_0081,103,0,14.0,53
2024-02-25,SKU_0081,89,0,14.0,53
2024-03-03,SKU_0081,85,0,14.0,53
2024-03-10,SKU_0081,74,0,14.0,53
2024-03-17,SKU_0081,74,0,14.0,53
2024-03-24,SKU_0081,59,0,14.0,53
2024-03-31,SKU_0081,243,0,14.0,53
2024-04-07,SKU_0081,213,0,14.0,53
2024-04-14,SKU_0081,212,0,14.0,53
2024-04-21,SKU_0081,195,0,14.0,53
2024-04-28,SKU_0081,190,0,14.0,53
2024-05-05,SKU_0081,142,0,14.0,53
2024-05-12,SKU_0081,107,0,14.0,53
2024-05-19,SKU_0081,95,0,14.0,53
2024-05-26,SKU_0081,85,0,14.0,53
2024-06-02,SKU_0081,73,0,14.0,53
2024-06-09,SKU_0081,64,0,14.0,53
2024-06-16,SKU_0081,51,124,14.0,53
2024-06-23,SKU_0081,44,105,14.0,53
2024-06-30,SKU_0081,112,0,14.0,53
2024-07-07,SKU_0081,98,0,14.0,53
2024-07-14,SKU_0081,93,0,14.0,53
2024-07-21,SKU_0081,76,0,14.0,53
2024-07-28,SKU_0081,74,0,14.0,53
2024-08-04,SKU_0081,64,0,14.0,53
2024-08-11,SKU_0081,55,0,14.0,53
2024-08-18,SKU_0081,55,0,14.0,53
2024-08-25,SKU_0081,51,185,14.0,53
2024-09-01,SKU_0081,218,0,14.0,53
2024-09-08,SKU_0081,162,0,14.0,53
2024-09-15,SKU_0081,114,0,14.0,53
2024-09-22,SKU_0081,111,0,14.0,53
2024-09-29,SKU_0081,89,0,14.0,53
2024-10-06,SKU_0081,70,0,14.0,53
2024-10-13,SKU_0081,55,0,14.0,53
2024-10-20,SKU_0081,41,57,14.0,53
2024-10-27,SKU_0081,114,0,14.0,53
2024-11-03,SKU_0081,94,0,14.0,53
2024-11-10,SKU_0081,74,0,14.0,53
2024-11-17,SKU_0081,74,0,14.0,53
2024-11-24,SKU_0081,73,0,14.0,53
2024-12-01,SKU_0081,70,0,14.0,53
2024-12-08,SKU_0081,61,0,14.0,53
2024-12-15,SKU_0081,46,198,14.0,53
2024-12-22,SKU_0081,144,0,14.0,53
2024-12-29,SKU_0081,102,0,14.0,53
2023-01-01,SKU_0082,249,0,28.0,21
2023-01-08,SKU_0082,238,0,28.0,21
2023-01-15,SKU_0082,173,0,28.0,21
2023-01-22,SKU_0082,167,0,28.0,21
2023-01-29,SKU_0082,119,0,28.0,21
2023-02-05,SKU_0082,91,0,28.0,21
2023-02-12,SKU_0082,82,0,28.0,21
2023-02-19,SKU_0082,59,0,28.0,21
2023-02-26,SKU_0082,43,0,28.0,21
2023-03-05,SKU_0082,31,0,28.0,21
2023-03-12,SKU_0082,22,0,28.0,21
2023-03-19,SKU_0082,21,0,28.0,21
2023-03-26,SKU_0082,151,0,28.0,21
2023-04-02,SKU_0082,136,0,28.0,21
2023-04-09,SKU_0082,118,0,28.0,21
2023-04-16,SKU_0082,86,0,28.0,21
2023-04-23,SKU_0082,79,0,28.0,21
2023-04-30,SKU_0082,73,0,28.0,21
2023-05-07,SKU_0082,69,0,28.0,21
2023-05-14,SKU_0082,51,0,28.0,21
2023-05-21,SKU_0082,45,0,28.0,21
2023-05-28,SKU_0082,38,0,28.0,21
2023-06-04,SKU_0082,27,0,28.0,21
2023-06-11,SKU_0082,21,0,28.0,21
2023-06-18,SKU_0082,18,190,28.0,21
2023-06-25,SKU_0082,70,0,28.0,21
2023-07-02,SKU_0082,68,0,28.0,21
2023-07-09,SKU_0082,63,0,28.0,21
2023-07-16,SKU_0082,62,0,28.0,21
2023-07-23,SKU_0082,53,0,28.0,21
2023-07-30,SKU_0082,39,0,28.0,21
2023-08-06,SKU_0082,34,0,28.0,21
2023-08-13,SKU_0082,30,0,28.0,21
2023-08-20,SKU_0082,27,0,28.0,21
2023-08-27,SKU_0082,23,0,28.0,21
2023-09-03,SKU_0082,23,0,28.0,21
2023-09-10,SKU_0082,196,0,28.0,21
2023-09-17,SKU_0082,168,0,28.0,21
2023-09-24,SKU_0082,161,0,28.0,21
2023-10-01,SKU_0082,113,0,28.0,21
2023-10-08,SKU_0082,80,0,28.0,21
2023-10-15,SKU_0082,63,0,28.0,21
2023-10-22,SKU_0082,51,0,28.0,21
2023-10-29,SKU_0082,41,0,28.0,21
2023-11-05,SKU_0082,39,0,28.0,21
2023-11-12,SKU_0082,31,0,28.0,21
2023-11-19,SKU_0082,25,0,28.0,21
2023-11-26,SKU_0082,21,0,28.0,21
2023-12-03,SKU_0082,212,0,28.0,21
2023-12-10,SKU_0082,156,0,28.0,21
2023-12-17,SKU_0082,119,0,28.0,21
2023-12-24,SKU_0082,110,0,28.0,21
2023-12-31,SKU_0082,105,0,28.0,21
2024-01-07,SKU_0082,93,0,28.0,21
2024-01-14,SKU_0082,86,0,28.0,21
2024-01-21,SKU_0082,80,0,28.0,21
2024-01-28,SKU_0082,62,0,28.0,21
2024-02-04,SKU_0082,53,0,28.0,21
2024-02-11,SKU_0082,41,0,28.0,21
2024-02-18,SKU_0082,36,0,28.0,21
2024-02-25,SKU_0082,33,0,28.0,21
2024-03-03,SKU_0082,26,0,28.0,21
2024-03-10,SKU_0082,26,0,28.0,21
2024-03-17,SKU_0082,21,0,28.0,21
2024-03-24,SKU_0082,21,0,28.0,21
2024-03-31,SKU_0082,17,139,28.0,21
2024-04-07,SKU_0082,13,56,28.0,21
2024-04-14,SKU_0082,12,140,28.0,21
2024-04-21,SKU_0082,10,79,28.0,21
2024-04-28,SKU_0082,10,109,28.0,21
2024-05-05,SKU_0082,7,61,28.0,21
2024-05-12,SKU_0082,6,113,28.0,21
2024-05-19,SKU_0082,5,86,28.0,21
2024-05-26,SKU_0082,4,102,28.0,21
2024-06-02,SKU_0082,4,81,28.0,21
2024-06-09,SKU_0082,145,0,28.0,21
2024-06-16,SKU_0082,124,0,28.0,21
2024-06-23,SKU_0082,91,0,28.0,21
2024-06-30,SKU_0082,71,0,28.0,21
2024-07-07,SKU_0082,56,0,28.0,21
2024-07-14,SKU_0082,53,0,28.0,21
2024-07-21,SKU_0082,49,0,28.0,21
2024-07-28,SKU_0082,36,0,28.0,21
2024-08-04,SKU_0082,27,0,28.0,21
2024-08-11,SKU_0082,26,0,28.0,21
2024-08-18,SKU_0082,22,0,28.0,21
2024-08-25,SKU_0082,20,187,28.0,21
2024-09-01,SKU_0082,217,0,28.0,21
2024-09-08,SKU_0082,152,0,28.0,21
2024-09-15,SKU_0082,134,0,28.0,21
2024-09-22,SKU_0082,111,0,28.0,21
2024-09-29,SKU_0082,92,0,28.0,21
2024-10-06,SKU_0082,85,0,28.0,21
2024-10-13,SKU_0082,65,0,28.0,21
2024-10-20,SKU_0082,63,0,28.0,21
2024-10-27,SKU_0082,61,0,28.0,21
2024-11-03,SKU_0082,54,0,28.0,21
2024-11-10,SKU_0082,43,0,28.0,21
2024-11-17,SKU_0082,42,0,28.0,21
2024-11-24,SKU_0082,31,0,28.0,21
2024-12-01,SKU_0082,23,0,28.0,21
2024-12-08,SKU_0082,18,131,28.0,21
2024-12-15,SKU_0082,134,0,28.0,21
2024-12-22,SKU_0082,133,0,28.0,21
2024-12-29,SKU_0082,133,0,28.0,21
2023-01-01,SKU_0083,82,0,28.0,72
2023-01-08,SKU_0083,77,0,28.0,72
2023-01-15,SKU_0083,128,0,28.0,72
2023-01-22,SKU_0083,100,0,28.0,72
2023-01-29,SKU_0083,76,0,28.0,72
2023-02-05,SKU_0083,184,0,28.0,72
2023-02-12,SKU_0083,159,0,28.0,72
2023-02-19,SKU_0083,152,0,28.0,72
2023-02-26,SKU_0083,123,0,28.0,72
2023-03-05,SKU_0083,101,0,28.0,72
2023-03-12,SKU_0083,84,0,28.0,72
2023-03-19,SKU_0083,75,0,28.0,72
2023-03-26,SKU_0083,268,0,28.0,72
2023-04-02,SKU_0083,256,0,28.0,72
2023-04-09,SKU_0083,200,0,28.0,72
2023-04-16,SKU_0083,149,0,28.0,72
2023-04-23,SKU_0083,128,0,28.0,72
2023-04-30,SKU_0083,98,0,28.0,72
2023-05-07,SKU_0083,85,0,28.0,72
2023-05-14,SKU_0083,72,0,28.0,72
2023-05-21,SKU_0083,57,148,28.0,72
2023-05-28,SKU_0083,56,149,28.0,72
2023-06-04,SKU_0083,195,0,28.0,72
2023-06-11,SKU_0083,158,0,28.0,72
2023-06-18,SKU_0083,114,0,28.0,72
2023-06-25,SKU_0083,91,0,28.0,72
2023-07-02,SKU_0083,90,0,28.0,72
2023-07-09,SKU_0083,88,0,28.0,72
2023-07-16,SKU_0083,71,149,28.0,72
2023-07-23,SKU_0083,192,0,28.0,72
2023-07-30,SKU_0083,157,0,28.0,72
2023-08-06,SKU_0083,120,0,28.0,72
2023-08-13,SKU_0083,92,0,28.0,72
2023-08-20,SKU_0083,82,0,28.0,72
2023-08-27,SKU_0083,78,0,28.0,72
2023-09-03,SKU_0083,210,0,28.0,72
2023-09-10,SKU_0083,156,0,28.0,72
2023-09-17,SKU_0083,131,0,28.0,72
2023-09-24,SKU_0083,122,0,28.0,72
2023-10-01,SKU_0083,91,0,28.0,72
2023-10-08,SKU_0083,81,0,28.0,72
2023-10-15,SKU_0083,77,0,28.0,72
2023-10-22,SKU_0083,175,0,28.0,72
2023-10-29,SKU_0083,162,0,28.0,72
2023-11-05,SKU_0083,125,0,28.0,72
2023-11-12,SKU_0083,117,0,28.0,72
2023-11-19,SKU_0083,103,0,28.0,72
2023-11-26,SKU_0083,103,0,28.0,72
2023-12-03,SKU_0083,89,0,28.0,72
2023-12-10,SKU_0083,89,0,28.0,72
2023-12-17,SKU_0083,239,0,28.0,72
2023-12-24,SKU_0083,233,0,28.0,72
2023-12-31,SKU_0083,217,0,28.0,72
2024-01-07,SKU_0083,193,0,28.0,72
2024-01-14,SKU_0083,168,0,28.0,72
2024-01-21,SKU_0083,144,0,28.0,72
2024-01-28,SKU_0083,141,0,28.0,72
2024-02-04,SKU_0083,120,0,28.0,72
2024-02-11,SKU_0083,102,0,28.0,72
2024-02-18,SKU_0083,85,0,28.0,72
2024-02-25,SKU_0083,85,0,28.0,72
2024-03-03,SKU_0083,62,96,28.0,72
2024-03-10,SKU_0083,58,94,28.0,72
2024-03-17,SKU_0083,148,0,28.0,72
2024-03-24,SKU_0083,127,0,28.0,72
2024-03-31,SKU_0083,98,0,28.0,72
2024-04-07,SKU_0083,95,0,28.0,72
2024-04-14,SKU_0083,83,0,28.0,72
2024-04-21,SKU_0083,79,0,28.0,72
2024-04-28,SKU_0083,193,0,28.0,72
2024-05-05,SKU_0083,167,0,28.0,72
2024-05-12,SKU_0083,138,0,28.0,72
2024-05-19,SKU_0083,125,0,28.0,72
2024-05-26,SKU_0083,105,0,28.0,72
2024-06-02,SKU_0083,76,0,28.0,72
2024-06-09,SKU_0083,74,0,28.0,72
2024-06-16,SKU_0083,57,69,28.0,72
2024-06-23,SKU_0083,41,146,28.0,72
2024-06-30,SKU_0083,33,135,28.0,72
2024-07-07,SKU_0083,127,0,28.0,72
2024-07-14,SKU_0083,118,0,28.0,72
2024-07-21,SKU_0083,96,0,28.0,72
2024-07-28,SKU_0083,90,0,28.0,72
2024-08-04,SKU_0083,85,0,28.0,72
2024-08-11,SKU_0083,232,0,28.0,72
2024-08-18,SKU_0083,228,0,28.0,72
2024-08-25,SKU_0083,192,0,28.0,72
2024-09-01,SKU_0083,187,0,28.0,72
2024-09-08,SKU_0083,133,0,28.0,72
2024-09-15,SKU_0083,129,0,28.0,72
2024-09-22,SKU_0083,106,0,28.0,72
2024-09-29,SKU_0083,93,0,28.0,72
2024-10-06,SKU_0083,248,0,28.0,72
2024-10-13,SKU_0083,221,0,28.0,72
2024-10-20,SKU_0083,206,0,28.0,72
2024-10-27,SKU_0083,189,0,28.0,72
2024-11-03,SKU_0083,175,0,28.0,72
2024-11-10,SKU_0083,143,0,28.0,72
2024-11-17,SKU_0083,111,0,28.0,72
2024-11-24,SKU_0083,92,0,28.0,72
2024-12-01,SKU_0083,78,0,28.0,72
2024-12-08,SKU_0083,55,188,28.0,72
2024-12-15,SKU_0083,182,0,28.0,72
2024-12-22,SKU_0083,135,0,28.0,72
2024-12-29,SKU_0083,129,0,28.0,72
2023-01-01,SKU_0084,165,0,14.0,63
2023-01-08,SKU_0084,116,0,14.0,63
2023-01-15,SKU_0084,115,0,14.0,63
2023-01-22,SKU_0084,109,0,14.0,63
2023-01-29,SKU_0084,77,0,14.0,63
2023-02-05,SKU_0084,68,0,14.0,63
2023-02-12,SKU_0084,64,0,14.0,63
2023-02-19,SKU_0084,224,0,14.0,63
2023-02-26,SKU_0084,196,0,14.0,63
2023-03-05,SKU_0084,168,0,14.0,63
2023-03-12,SKU_0084,143,0,14.0,63
2023-03-19,SKU_0084,110,0,14.0,63
2023-03-26,SKU_0084,79,0,14.0,63
2023-04-02,SKU_0084,70,0,14.0,63
2023-04-09,SKU_0084,127,0,14.0,63
2023-04-16,SKU_0084,107,0,14.0,63
2023-04-23,SKU_0084,96,0,14.0,63
2023-04-30,SKU_0084,90,0,14.0,63
2023-05-07,SKU_0084,77,0,14.0,63
2023-05-14,SKU_0084,77,0,14.0,63
2023-05-21,SKU_0084,238,0,14.0,63
2023-05-28,SKU_0084,182,0,14.0,63
2023-06-04,SKU_0084,155,0,14.0,63
2023-06-11,SKU_0084,133,0,14.0,63
2023-06-18,SKU_0084,109,0,14.0,63
2023-06-25,SKU_0084,105,0,14.0,63
2023-07-02,SKU_0084,84,0,14.0,63
2023-07-09,SKU_0084,74,0,14.0,63
2023-07-16,SKU_0084,58,192,14.0,63
2023-07-23,SKU_0084,55,182,14.0,63
2023-07-30,SKU_0084,109,0,14.0,63
2023-08-06,SKU_0084,100,0,14.0,63
2023-08-13,SKU_0084,93,0,14.0,63
2023-08-20,SKU_0084,85,0,14.0,63
2023-08-27,SKU_0084,75,0,14.0,63
2023-09-03,SKU_0084,68,0,14.0,63
2023-09-10,SKU_0084,53,99,14.0,63
2023-09-17,SKU_0084,38,75,14.0,63
2023-09-24,SKU_0084,30,193,14.0,63
2023-10-01,SKU_0084,29,158,14.0,63
2023-10-08,SKU_0084,110,0,14.0,63
2023-10-15,SKU_0084,101,0,14.0,63
2023-10-22,SKU_0084,76,0,14.0,63
2023-10-29,SKU_0084,70,0,14.0,63
2023-11-05,SKU_0084,186,0,14.0,63
2023-11-12,SKU_0084,163,0,14.0,63
2023-11-19,SKU_0084,123,0,14.0,63
2023-11-26,SKU_0084,100,0,14.0,63
2023-12-03,SKU_0084,80,0,14.0,63
2023-12-10,SKU_0084,72,0,14.0,63
2023-12-17,SKU_0084,68,0,14.0,63
2023-12-24,SKU_0084,60,118,14.0,63
2023-12-31,SKU_0084,152,0,14.0,63
2024-01-07,SKU_0084,107,0,14.0,63
2024-01-14,SKU_0084,77,0,14.0,63
2024-01-21,SKU_0084,73,0,14.0,63
2024-01-28,SKU_0084,69,0,14.0,63
2024-02-04,SKU_0084,69,0,14.0,63
2024-02-11,SKU_0084,54,128,14.0,63
2024-02-18,SKU_0084,54,140,14.0,63
2024-02-25,SKU_0084,43,173,14.0,63
2024-03-03,SKU_0084,41,125,14.0,63
2024-03-10,SKU_0084,41,121,14.0,63
2024-03-17,SKU_0084,36,111,14.0,63
2024-03-24,SKU_0084,36,131,14.0,63
2024-03-31,SKU_0084,189,0,14.0,63
2024-04-07,SKU_0084,160,0,14.0,63
2024-04-14,SKU_0084,124,0,14.0,63
2024-04-21,SKU_0084,91,0,14.0,63
2024-04-28,SKU_0084,89,0,14.0,63
2024-05-05,SKU_0084,63,0,14.0,63
2024-05-12,SKU_0084,175,0,14.0,63
2024-05-19,SKU_0084,151,0,14.0,63
2024-05-26,SKU_0084,120,0,14.0,63
2024-06-02,SKU_0084,87,0,14.0,63
2024-06-09,SKU_0084,260,0,14.0,63
2024-06-16,SKU_0084,195,0,14.0,63
2024-06-23,SKU_0084,164,0,14.0,63
2024-06-30,SKU_0084,148,0,14.0,63
2024-07-07,SKU_0084,138,0,14.0,63
2024-07-14,SKU_0084,98,0,14.0,63
2024-07-21,SKU_0084,90,0,14.0,63
2024-07-28,SKU_0084,70,0,14.0,63
2024-08-04,SKU_0084,49,111,14.0,63
2024-08-11,SKU_0084,39,128,14.0,63
2024-08-18,SKU_0084,32,89,14.0,63
2024-08-25,SKU_0084,32,117,14.0,63
2024-09-01,SKU_0084,26,54,14.0,63
2024-09-08,SKU_0084,91,0,14.0,63
2024-09-15,SKU_0084,72,0,14.0,63
2024-09-22,SKU_0084,53,54,14.0,63
2024-09-29,SKU_0084,225,0,14.0,63
2024-10-06,SKU_0084,212,0,14.0,63
2024-10-13,SKU_0084,174,0,14.0,63
2024-10-20,SKU_0084,146,0,14.0,63
2024-10-27,SKU_0084,132,0,14.0,63
2024-11-03,SKU_0084,105,0,14.0,63
2024-11-10,SKU_0084,74,0,14.0,63
2024-11-17,SKU_0084,63,0,14.0,63
2024-11-24,SKU_0084,49,178,14.0,63
2024-12-01,SKU_0084,49,155,14.0,63
2024-12-08,SKU_0084,130,0,14.0,63
2024-12-15,SKU_0084,110,0,14.0,63
2024-12-22,SKU_0084,105,0,14.0,63
2024-12-29,SKU_0084,101,0,14.0,63
2023-01-01,SKU_0085,107,0,14.0,78
2023-01-08,SKU_0085,86,0,14.0,78
2023-01-15,SKU_0085,82,0,14.0,78
2023-01-22,SKU_0085,75,91,14.0,78
2023-01-29,SKU_0085,62,187,14.0,78
2023-02-05,SKU_0085,45,66,14.0,78
2023-02-12,SKU_0085,36,139,14.0,78
2023-02-19,SKU_0085,116,0,14.0,78
2023-02-26,SKU_0085,90,0,14.0,78
2023-03-05,SKU_0085,84,0,14.0,78
2023-03-12,SKU_0085,66,122,14.0,78
2023-03-19,SKU_0085,47,141,14.0,78
2023-03-26,SKU_0085,44,50,14.0,78
2023-04-02,SKU_0085,148,0,14.0,78
2023-04-09,SKU_0085,106,0,14.0,78
2023-04-16,SKU_0085,98,0,14.0,78
2023-04-23,SKU_0085,70,167,14.0,78
2023-04-30,SKU_0085,202,0,14.0,78
2023-05-07,SKU_0085,175,0,14.0,78
2023-05-14,SKU_0085,165,0,14.0,78
2023-05-21,SKU_0085,146,0,14.0,78
2023-05-28,SKU_0085,121,0,14.0,78
2023-06-04,SKU_0085,92,0,14.0,78
2023-06-11,SKU_0085,172,0,14.0,78
2023-06-18,SKU_0085,152,0,14.0,78
2023-06-25,SKU_0085,124,0,14.0,78
2023-07-02,SKU_0085,99,0,14.0,78
2023-07-09,SKU_0085,81,0,14.0,78
2023-07-16,SKU_0085,58,143,14.0,78
2023-07-23,SKU_0085,47,70,14.0,78
2023-07-30,SKU_0085,40,65,14.0,78
2023-08-06,SKU_0085,156,0,14.0,78
2023-08-13,SKU_0085,113,0,14.0,78
2023-08-20,SKU_0085,93,0,14.0,78
2023-08-27,SKU_0085,158,0,14.0,78
2023-09-03,SKU_0085,144,0,14.0,78
2023-09-10,SKU_0085,132,0,14.0,78
2023-09-17,SKU_0085,100,0,14.0,78
2023-09-24,SKU_0085,81,0,14.0,78
2023-10-01,SKU_0085,185,0,14.0,78
2023-10-08,SKU_0085,170,0,14.0,78
2023-10-15,SKU_0085,142,0,14.0,78
2023-10-22,SKU_0085,127,0,14.0,78
2023-10-29,SKU_0085,105,0,14.0,78
2023-11-05,SKU_0085,75,171,14.0,78
2023-11-12,SKU_0085,56,67,14.0,78
2023-11-19,SKU_0085,125,0,14.0,78
2023-11-26,SKU_0085,116,0,14.0,78
2023-12-03,SKU_0085,112,0,14.0,78
2023-12-10,SKU_0085,82,0,14.0,78
2023-12-17,SKU_0085,62,182,14.0,78
2023-12-24,SKU_0085,110,0,14.0,78
2023-12-31,SKU_0085,93,0,14.0,78
2024-01-07,SKU_0085,82,0,14.0,78
2024-01-14,SKU_0085,63,153,14.0,78
2024-01-21,SKU_0085,219,0,14.0,78
2024-01-28,SKU_0085,195,0,14.0,78
2024-02-04,SKU_0085,169,0,14.0,78
2024-02-11,SKU_0085,121,0,14.0,78
2024-02-18,SKU_0085,103,0,14.0,78
2024-02-25,SKU_0085,98,0,14.0,78
2024-03-03,SKU_0085,88,0,14.0,78
2024-03-10,SKU_0085,62,193,14.0,78
2024-03-17,SKU_0085,48,159,14.0,78
2024-03-24,SKU_0085,152,0,14.0,78
2024-03-31,SKU_0085,150,0,14.0,78
2024-04-07,SKU_0085,136,0,14.0,78
2024-04-14,SKU_0085,134,0,14.0,78
2024-04-21,SKU_0085,102,0,14.0,78
2024-04-28,SKU_0085,98,0,14.0,78
2024-05-05,SKU_0085,224,0,14.0,78
2024-05-12,SKU_0085,174,0,14.0,78
2024-05-19,SKU_0085,160,0,14.0,78
2024-05-26,SKU_0085,148,0,14.0,78
2024-06-02,SKU_0085,147,0,14.0,78
2024-06-09,SKU_0085,120,0,14.0,78
2024-06-16,SKU_0085,111,0,14.0,78
2024-06-23,SKU_0085,92,0,14.0,78
2024-06-30,SKU_0085,68,59,14.0,78
2024-07-07,SKU_0085,239,0,14.0,78
2024-07-14,SKU_0085,169,0,14.0,78
2024-07-21,SKU_0085,148,0,14.0,78
2024-07-28,SKU_0085,138,0,14.0,78
2024-08-04,SKU_0085,110,0,14.0,78
2024-08-11,SKU_0085,88,0,14.0,78
2024-08-18,SKU_0085,85,0,14.0,78
2024-08-25,SKU_0085,240,0,14.0,78
2024-09-01,SKU_0085,226,0,14.0,78
2024-09-08,SKU_0085,208,0,14.0,78
2024-09-15,SKU_0085,189,0,14.0,78
2024-09-22,SKU_0085,170,0,14.0,78
2024-09-29,SKU_0085,155,0,14.0,78
2024-10-06,SKU_0085,125,0,14.0,78
2024-10-13,SKU_0085,111,0,14.0,78
2024-10-20,SKU_0085,95,0,14.0,78
2024-10-27,SKU_0085,92,0,14.0,78
2024-11-03,SKU_0085,83,0,14.0,78
2024-11-10,SKU_0085,145,0,14.0,78
2024-11-17,SKU_0085,142,0,14.0,78
2024-11-24,SKU_0085,115,0,14.0,78
2024-12-01,SKU_0085,81,0,14.0,78
2024-12-08,SKU_0085,152,0,14.0,78
2024-12-15,SKU_0085,129,0,14.0,78
2024-12-22,SKU_0085,126,0,14.0,78
2024-12-29,SKU_0085,125,0,14.0,78
2023-01-01,SKU_0086,333,0,14.0,60
2023-01-08,SKU_0086,256,0,14.0,60
2023-01-15,SKU_0086,213,0,14.0,60
2023-01-22,SKU_0086,209,0,14.0,60
2023-01-29,SKU_0086,164,0,14.0,60
2023-02-05,SKU_0086,124,0,14.0,60
2023-02-12,SKU_0086,89,0,14.0,60
2023-02-19,SKU_0086,70,0,14.0,60
2023-02-26,SKU_0086,58,177,14.0,60
2023-03-05,SKU_0086,107,0,14.0,60
2023-03-12,SKU_0086,81,0,14.0,60
2023-03-19,SKU_0086,70,0,14.0,60
2023-03-26,SKU_0086,53,187,14.0,60
2023-04-02,SKU_0086,49,152,14.0,60
2023-04-09,SKU_0086,38,98,14.0,60
2023-04-16,SKU_0086,28,122,14.0,60
2023-04-23,SKU_0086,91,0,14.0,60
2023-04-30,SKU_0086,68,0,14.0,60
2023-05-07,SKU_0086,48,105,14.0,60
2023-05-14,SKU_0086,47,77,14.0,60
2023-05-21,SKU_0086,238,0,14.0,60
2023-05-28,SKU_0086,237,0,14.0,60
2023-06-04,SKU_0086,231,0,14.0,60
2023-06-11,SKU_0086,195,0,14.0,60
2023-06-18,SKU_0086,183,0,14.0,60
2023-06-25,SKU_0086,168,0,14.0,60
2023-07-02,SKU_0086,167,0,14.0,60
2023-07-09,SKU_0086,131,0,14.0,60
2023-07-16,SKU_0086,123,0,14.0,60
2023-07-23,SKU_0086,112,0,14.0,60
2023-07-30,SKU_0086,109,0,14.0,60
2023-08-06,SKU_0086,81,0,14.0,60
2023-08-13,SKU_0086,80,0,14.0,60
2023-08-20,SKU_0086,234,0,14.0,60
2023-08-27,SKU_0086,211,0,14.0,60
2023-09-03,SKU_0086,167,0,14.0,60
2023-09-10,SKU_0086,120,0,14.0,60
2023-09-17,SKU_0086,110,0,14.0,60
2023-09-24,SKU_0086,83,0,14.0,60
2023-10-01,SKU_0086,66,0,14.0,60
2023-10-08,SKU_0086,64,0,14.0,60
2023-10-15,SKU_0086,51,167,14.0,60
2023-10-22,SKU_0086,197,0,14.0,60
2023-10-29,SKU_0086,184,0,14.0,60
2023-11-05,SKU_0086,149,0,14.0,60
2023-11-12,SKU_0086,116,0,14.0,60
2023-11-19,SKU_0086,109,0,14.0,60
2023-11-26,SKU_0086,80,0,14.0,60
2023-12-03,SKU_0086,68,0,14.0,60
2023-12-10,SKU_0086,221,0,14.0,60
2023-12-17,SKU_0086,214,0,14.0,60
2023-12-24,SKU_0086,202,0,14.0,60
2023-12-31,SKU_0086,159,0,14.0,60
2024-01-07,SKU_0086,149,0,14.0,60
2024-01-14,SKU_0086,149,0,14.0,60
2024-01-21,SKU_0086,129,0,14.0,60
2024-01-28,SKU_0086,92,0,14.0,60
2024-02-04,SKU_0086,73,0,14.0,60
2024-02-11,SKU_0086,65,0,14.0,60
2024-02-18,SKU_0086,123,0,14.0,60
2024-02-25,SKU_0086,108,0,14.0,60
2024-03-03,SKU_0086,89,0,14.0,60
2024-03-10,SKU_0086,89,0,14.0,60
2024-03-17,SKU_0086,87,0,14.0,60
2024-03-24,SKU_0086,83,0,14.0,60
2024-03-31,SKU_0086,83,0,14.0,60
2024-04-07,SKU_0086,67,0,14.0,60
2024-04-14,SKU_0086,50,59,14.0,60
2024-04-21,SKU_0086,118,0,14.0,60
2024-04-28,SKU_0086,93,0,14.0,60
2024-05-05,SKU_0086,90,0,14.0,60
2024-05-12,SKU_0086,83,0,14.0,60
2024-05-19,SKU_0086,70,0,14.0,60
2024-05-26,SKU_0086,52,73,14.0,60
2024-06-02,SKU_0086,38,117,14.0,60
2024-06-09,SKU_0086,33,108,14.0,60
2024-06-16,SKU_0086,29,83,14.0,60
2024-06-23,SKU_0086,112,0,14.0,60
2024-06-30,SKU_0086,79,0,14.0,60
2024-07-07,SKU_0086,70,0,14.0,60
2024-07-14,SKU_0086,56,151,14.0,60
2024-07-21,SKU_0086,148,0,14.0,60
2024-07-28,SKU_0086,135,0,14.0,60
2024-08-04,SKU_0086,117,0,14.0,60
2024-08-11,SKU_0086,108,0,14.0,60
2024-08-18,SKU_0086,79,0,14.0,60
2024-08-25,SKU_0086,73,0,14.0,60
2024-09-01,SKU_0086,63,0,14.0,60
2024-09-08,SKU_0086,60,0,14.0,60
2024-09-15,SKU_0086,45,154,14.0,60
2024-09-22,SKU_0086,41,187,14.0,60
2024-09-29,SKU_0086,29,162,14.0,60
2024-10-06,SKU_0086,26,166,14.0,60
2024-10-13,SKU_0086,197,0,14.0,60
2024-10-20,SKU_0086,154,0,14.0,60
2024-10-27,SKU_0086,143,0,14.0,60
2024-11-03,SKU_0086,121,0,14.0,60
2024-11-10,SKU_0086,110,0,14.0,60
2024-11-17,SKU_0086,109,0,14.0,60
2024-11-24,SKU_0086,107,0,14.0,60
2024-12-01,SKU_0086,94,0,14.0,60
2024-12-08,SKU_0086,94,0,14.0,60
2024-12-15,SKU_0086,83,0,14.0,60
2024-12-22,SKU_0086,81,0,14.0,60
2024-12-29,SKU_0086,130,0,14.0,60
2023-01-01,SKU_0087,333,0,21.0,31
2023-01-08,SKU_0087,281,0,21.0,31
2023-01-15,SKU_0087,245,0,21.0,31
2023-01-22,SKU_0087,207,0,21.0,31
2023-01-29,SKU_0087,183,0,21.0,31
2023-02-05,SKU_0087,159,0,21.0,31
2023-02-12,SKU_0087,150,0,21.0,31
2023-02-19,SKU_0087,129,0,21.0,31
2023-02-26,SKU_0087,112,0,21.0,31
2023-03-05,SKU_0087,94,0,21.0,31
2023-03-12,SKU_0087,71,0,21.0,31
2023-03-19,SKU_0087,56,0,21.0,31
2023-03-26,SKU_0087,50,0,21.0,31
2023-04-02,SKU_0087,42,0,21.0,31
2023-04-09,SKU_0087,38,0,21.0,31
2023-04-16,SKU_0087,225,0,21.0,31
2023-04-23,SKU_0087,225,0,21.0,31
2023-04-30,SKU_0087,173,0,21.0,31
2023-05-07,SKU_0087,160,0,21.0,31
2023-05-14,SKU_0087,155,0,21.0,31
2023-05-21,SKU_0087,136,0,21.0,31
2023-05-28,SKU_0087,136,0,21.0,31
2023-06-04,SKU_0087,112,0,21.0,31
2023-06-11,SKU_0087,94,0,21.0,31
2023-06-18,SKU_0087,78,0,21.0,31
2023-06-25,SKU_0087,55,0,21.0,31
2023-07-02,SKU_0087,43,0,21.0,31
2023-07-09,SKU_0087,39,0,21.0,31
2023-07-16,SKU_0087,102,0,21.0,31
2023-07-23,SKU_0087,80,0,21.0,31
2023-07-30,SKU_0087,75,0,21.0,31
2023-08-06,SKU_0087,63,0,21.0,31
2023-08-13,SKU_0087,46,0,21.0,31
2023-08-20,SKU_0087,44,0,21.0,31
2023-08-27,SKU_0087,34,0,21.0,31
2023-09-03,SKU_0087,33,0,21.0,31
2023-09-10,SKU_0087,162,0,21.0,31
2023-09-17,SKU_0087,127,0,21.0,31
2023-09-24,SKU_0087,97,0,21.0,31
2023-10-01,SKU_0087,94,0,21.0,31
2023-10-08,SKU_0087,76,0,21.0,31
2023-10-15,SKU_0087,61,0,21.0,31
2023-10-22,SKU_0087,61,0,21.0,31
2023-10-29,SKU_0087,58,0,21.0,31
2023-11-05,SKU_0087,44,0,21.0,31
2023-11-12,SKU_0087,32,0,21.0,31
2023-11-19,SKU_0087,31,0,21.0,31
2023-11-26,SKU_0087,29,158,21.0,31
2023-12-03,SKU_0087,22,143,21.0,31
2023-12-10,SKU_0087,203,0,21.0,31
2023-12-17,SKU_0087,151,0,21.0,31
2023-12-24,SKU_0087,149,0,21.0,31
2023-12-31,SKU_0087,133,0,21.0,31
2024-01-07,SKU_0087,123,0,21.0,31
2024-01-14,SKU_0087,104,0,21.0,31
2024-01-21,SKU_0087,79,0,21.0,31
2024-01-28,SKU_0087,66,0,21.0,31
2024-02-04,SKU_0087,48,0,21.0,31
2024-02-11,SKU_0087,37,0,21.0,31
2024-02-18,SKU_0087,143,0,21.0,31
2024-02-25,SKU_0087,139,0,21.0,31
2024-03-03,SKU_0087,111,0,21.0,31
2024-03-10,SKU_0087,98,0,21.0,31
2024-03-17,SKU_0087,88,0,21.0,31
2024-03-24,SKU_0087,72,0,21.0,31
2024-03-31,SKU_0087,62,0,21.0,31
2024-04-07,SKU_0087,59,0,21.0,31
2024-04-14,SKU_0087,53,0,21.0,31
2024-04-21,SKU_0087,40,0,21.0,31
2024-04-28,SKU_0087,37,0,21.0,31
2024-05-05,SKU_0087,209,0,21.0,31
2024-05-12,SKU_0087,175,0,21.0,31
2024-05-19,SKU_0087,135,0,21.0,31
2024-05-26,SKU_0087,97,0,21.0,31
2024-06-02,SKU_0087,93,0,21.0,31
2024-06-09,SKU_0087,77,0,21.0,31
2024-06-16,SKU_0087,64,0,21.0,31
2024-06-23,SKU_0087,60,0,21.0,31
2024-06-30,SKU_0087,56,0,21.0,31
2024-07-07,SKU_0087,40,0,21.0,31
2024-07-14,SKU_0087,32,0,21.0,31
2024-07-21,SKU_0087,181,0,21.0,31
2024-07-28,SKU_0087,162,0,21.0,31
2024-08-04,SKU_0087,135,0,21.0,31
2024-08-11,SKU_0087,121,0,21.0,31
2024-08-18,SKU_0087,118,0,21.0,31
2024-08-25,SKU_0087,107,0,21.0,31
2024-09-01,SKU_0087,84,0,21.0,31
2024-09-08,SKU_0087,76,0,21.0,31
2024-09-15,SKU_0087,58,0,21.0,31
2024-09-22,SKU_0087,52,0,21.0,31
2024-09-29,SKU_0087,43,0,21.0,31
2024-10-06,SKU_0087,38,0,21.0,31
2024-10-13,SKU_0087,31,0,21.0,31
2024-10-20,SKU_0087,30,139,21.0,31
2024-10-27,SKU_0087,226,0,21.0,31
2024-11-03,SKU_0087,202,0,21.0,31
2024-11-10,SKU_0087,198,0,21.0,31
2024-11-17,SKU_0087,193,0,21.0,31
2024-11-24,SKU_0087,173,0,21.0,31
2024-12-01,SKU_0087,123,0,21.0,31
2024-12-08,SKU_0087,116,0,21.0,31
2024-12-15,SKU_0087,92,0,21.0,31
2024-12-22,SKU_0087,77,0,21.0,31
2024-12-29,SKU_0087,66,0,21.0,31
2023-01-01,SKU_0088,293,0,7.0,73
2023-01-08,SKU_0088,227,0,7.0,73
2023-01-15,SKU_0088,174,0,7.0,73
2023-01-22,SKU_0088,145,0,7.0,73
2023-01-29,SKU_0088,119,0,7.0,73
2023-02-05,SKU_0088,96,0,7.0,73
2023-02-12,SKU_0088,95,0,7.0,73
2023-02-19,SKU_0088,87,0,7.0,73
2023-02-26,SKU_0088,190,0,7.0,73
2023-03-05,SKU_0088,143,0,7.0,73
2023-03-12,SKU_0088,141,0,7.0,73
2023-03-19,SKU_0088,103,0,7.0,73
2023-03-26,SKU_0088,86,0,7.0,73
2023-04-02,SKU_0088,75,0,7.0,73
2023-04-09,SKU_0088,57,88,7.0,73
2023-04-16,SKU_0088,157,0,7.0,73
2023-04-23,SKU_0088,111,0,7.0,73
2023-04-30,SKU_0088,86,0,7.0,73
2023-05-07,SKU_0088,62,173,7.0,73
2023-05-14,SKU_0088,53,143,7.0,73
2023-05-21,SKU_0088,131,0,7.0,73
2023-05-28,SKU_0088,96,0,7.0,73
2023-06-04,SKU_0088,179,0,7.0,73
2023-06-11,SKU_0088,177,0,7.0,73
2023-06-18,SKU_0088,141,0,7.0,73
2023-06-25,SKU_0088,112,0,7.0,73
2023-07-02,SKU_0088,84,0,7.0,73
2023-07-09,SKU_0088,208,0,7.0,73
2023-07-16,SKU_0088,200,0,7.0,73
2023-07-23,SKU_0088,165,0,7.0,73
2023-07-30,SKU_0088,165,0,7.0,73
2023-08-06,SKU_0088,162,0,7.0,73
2023-08-13,SKU_0088,121,0,7.0,73
2023-08-20,SKU_0088,107,0,7.0,73
2023-08-27,SKU_0088,100,0,7.0,73
2023-09-03,SKU_0088,96,0,7.0,73
2023-09-10,SKU_0088,77,0,7.0,73
2023-09-17,SKU_0088,73,0,7.0,73
2023-09-24,SKU_0088,109,0,7.0,73
2023-10-01,SKU_0088,88,0,7.0,73
2023-10-08,SKU_0088,81,0,7.0,73
2023-10-15,SKU_0088,128,0,7.0,73
2023-10-22,SKU_0088,113,0,7.0,73
2023-10-29,SKU_0088,105,0,7.0,73
2023-11-05,SKU_0088,75,0,7.0,73
2023-11-12,SKU_0088,172,0,7.0,73
2023-11-19,SKU_0088,150,0,7.0,73
2023-11-26,SKU_0088,121,0,7.0,73
2023-12-03,SKU_0088,89,0,7.0,73
2023-12-10,SKU_0088,85,0,7.0,73
2023-12-17,SKU_0088,80,0,7.0,73
2023-12-24,SKU_0088,124,0,7.0,73
2023-12-31,SKU_0088,99,0,7.0,73
2024-01-07,SKU_0088,94,0,7.0,73
2024-01-14,SKU_0088,87,0,7.0,73
2024-01-21,SKU_0088,83,0,7.0,73
2024-01-28,SKU_0088,143,0,7.0,73
2024-02-04,SKU_0088,142,0,7.0,73
2024-02-11,SKU_0088,121,0,7.0,73
2024-02-18,SKU_0088,115,0,7.0,73
2024-02-25,SKU_0088,98,0,7.0,73
2024-03-03,SKU_0088,96,0,7.0,73
2024-03-10,SKU_0088,82,0,7.0,73
2024-03-17,SKU_0088,258,0,7.0,73
2024-03-24,SKU_0088,257,0,7.0,73
2024-03-31,SKU_0088,189,0,7.0,73
2024-04-07,SKU_0088,144,0,7.0,73
2024-04-14,SKU_0088,106,0,7.0,73
2024-04-21,SKU_0088,87,0,7.0,73
2024-04-28,SKU_0088,74,0,7.0,73
2024-05-05,SKU_0088,63,180,7.0,73
2024-05-12,SKU_0088,170,0,7.0,73
2024-05-19,SKU_0088,145,0,7.0,73
2024-05-26,SKU_0088,119,0,7.0,73
2024-06-02,SKU_0088,115,0,7.0,73
2024-06-09,SKU_0088,103,0,7.0,73
2024-06-16,SKU_0088,101,0,7.0,73
2024-06-23,SKU_0088,95,0,7.0,73
2024-06-30,SKU_0088,78,0,7.0,73
2024-07-07,SKU_0088,56,175,7.0,73
2024-07-14,SKU_0088,205,0,7.0,73
2024-07-21,SKU_0088,175,0,7.0,73
2024-07-28,SKU_0088,132,0,7.0,73
2024-08-04,SKU_0088,110,0,7.0,73
2024-08-11,SKU_0088,94,0,7.0,73
2024-08-18,SKU_0088,84,0,7.0,73
2024-08-25,SKU_0088,76,0,7.0,73
2024-09-01,SKU_0088,219,0,7.0,73
2024-09-08,SKU_0088,178,0,7.0,73
2024-09-15,SKU_0088,133,0,7.0,73
2024-09-22,SKU_0088,116,0,7.0,73
2024-09-29,SKU_0088,114,0,7.0,73
2024-10-06,SKU_0088,82,0,7.0,73
2024-10-13,SKU_0088,72,88,7.0,73
2024-10-20,SKU_0088,132,0,7.0,73
2024-10-27,SKU_0088,125,0,7.0,73
2024-11-03,SKU_0088,106,0,7.0,73
2024-11-10,SKU_0088,87,0,7.0,73
2024-11-17,SKU_0088,64,78,7.0,73
2024-11-24,SKU_0088,50,59,7.0,73
2024-12-01,SKU_0088,39,189,7.0,73
2024-12-08,SKU_0088,29,133,7.0,73
2024-12-15,SKU_0088,194,0,7.0,73
2024-12-22,SKU_0088,151,0,7.0,73
2024-12-29,SKU_0088,114,0,7.0,73
2023-01-01,SKU_0089,259,0,7.0,34
2023-01-08,SKU_0089,196,0,7.0,34
2023-01-15,SKU_0089,159,0,7.0,34
2023-01-22,SKU_0089,124,0,7.0,34
2023-01-29,SKU_0089,115,0,7.0,34
2023-02-05,SKU_0089,102,0,7.0,34
2023-02-12,SKU_0089,89,0,7.0,34
2023-02-19,SKU_0089,67,0,7.0,34
2023-02-26,SKU_0089,55,0,7.0,34
2023-03-05,SKU_0089,53,0,7.0,34
2023-03-12,SKU_0089,43,0,7.0,34
2023-03-19,SKU_0089,32,101,7.0,34
2023-03-26,SKU_0089,108,0,7.0,34
2023-04-02,SKU_0089,108,0,7.0,34
2023-04-09,SKU_0089,106,0,7.0,34
2023-04-16,SKU_0089,104,0,7.0,34
2023-04-23,SKU_0089,103,0,7.0,34
2023-04-30,SKU_0089,85,0,7.0,34
2023-05-07,SKU_0089,70,0,7.0,34
2023-05-14,SKU_0089,56,0,7.0,34
2023-05-21,SKU_0089,48,0,7.0,34
2023-05-28,SKU_0089,45,0,7.0,34
2023-06-04,SKU_0089,43,0,7.0,34
2023-06-11,SKU_0089,38,0,7.0,34
2023-06-18,SKU_0089,114,0,7.0,34
2023-06-25,SKU_0089,85,0,7.0,34
2023-07-02,SKU_0089,84,0,7.0,34
2023-07-09,SKU_0089,82,0,7.0,34
2023-07-16,SKU_0089,59,0,7.0,34
2023-07-23,SKU_0089,49,0,7.0,34
2023-07-30,SKU_0089,38,0,7.0,34
2023-08-06,SKU_0089,31,191,7.0,34
2023-08-13,SKU_0089,87,0,7.0,34
2023-08-20,SKU_0089,73,0,7.0,34
2023-08-27,SKU_0089,60,0,7.0,34
2023-09-03,SKU_0089,49,0,7.0,34
2023-09-10,SKU_0089,36,0,7.0,34
2023-09-17,SKU_0089,157,0,7.0,34
2023-09-24,SKU_0089,119,0,7.0,34
2023-10-01,SKU_0089,113,0,7.0,34
2023-10-08,SKU_0089,84,0,7.0,34
2023-10-15,SKU_0089,77,0,7.0,34
2023-10-22,SKU_0089,57,0,7.0,34
2023-10-29,SKU_0089,44,0,7.0,34
2023-11-05,SKU_0089,34,0,7.0,34
2023-11-12,SKU_0089,97,0,7.0,34
2023-11-19,SKU_0089,96,0,7.0,34
2023-11-26,SKU_0089,91,0,7.0,34
2023-12-03,SKU_0089,91,0,7.0,34
2023-12-10,SKU_0089,89,0,7.0,34
2023-12-17,SKU_0089,80,0,7.0,34
2023-12-24,SKU_0089,70,0,7.0,34
2023-12-31,SKU_0089,62,0,7.0,34
2024-01-07,SKU_0089,46,0,7.0,34
2024-01-14,SKU_0089,193,0,7.0,34
2024-01-21,SKU_0089,168,0,7.0,34
2024-01-28,SKU_0089,141,0,7.0,34
2024-02-04,SKU_0089,138,0,7.0,34
2024-02-11,SKU_0089,97,0,7.0,34
2024-02-18,SKU_0089,75,0,7.0,34
2024-02-25,SKU_0089,59,0,7.0,34
2024-03-03,SKU_0089,55,0,7.0,34
2024-03-10,SKU_0089,55,0,7.0,34
2024-03-17,SKU_0089,49,0,7.0,34
2024-03-24,SKU_0089,40,0,7.0,34
2024-03-31,SKU_0089,96,0,7.0,34
2024-04-07,SKU_0089,76,0,7.0,34
2024-04-14,SKU_0089,62,0,7.0,34
2024-04-21,SKU_0089,52,0,7.0,34
2024-04-28,SKU_0089,39,0,7.0,34
2024-05-05,SKU_0089,215,0,7.0,34
2024-05-12,SKU_0089,151,0,7.0,34
2024-05-19,SKU_0089,128,0,7.0,34
2024-05-26,SKU_0089,127,0,7.0,34
2024-06-02,SKU_0089,98,0,7.0,34
2024-06-09,SKU_0089,73,0,7.0,34
2024-06-16,SKU_0089,67,0,7.0,34
2024-06-23,SKU_0089,67,0,7.0,34
2024-06-30,SKU_0089,61,0,7.0,34
2024-07-07,SKU_0089,43,0,7.0,34
2024-07-14,SKU_0089,32,184,7.0,34
2024-07-21,SKU_0089,186,0,7.0,34
2024-07-28,SKU_0089,167,0,7.0,34
2024-08-04,SKU_0089,136,0,7.0,34
2024-08-11,SKU_0089,111,0,7.0,34
2024-08-18,SKU_0089,92,0,7.0,34
2024-08-25,SKU_0089,92,0,7.0,34
2024-09-01,SKU_0089,78,0,7.0,34
2024-09-08,SKU_0089,71,0,7.0,34
2024-09-15,SKU_0089,54,0,7.0,34
2024-09-22,SKU_0089,54,0,7.0,34
2024-09-29,SKU_0089,45,0,7.0,34
2024-10-06,SKU_0089,35,0,7.0,34
2024-10-13,SKU_0089,181,0,7.0,34
2024-10-20,SKU_0089,148,0,7.0,34
2024-10-27,SKU_0089,141,0,7.0,34
2024-11-03,SKU_0089,132,0,7.0,34
2024-11-10,SKU_0089,100,0,7.0,34
2024-11-17,SKU_0089,71,0,7.0,34
2024-11-24,SKU_0089,53,0,7.0,34
2024-12-01,SKU_0089,40,0,7.0,34
2024-12-08,SKU_0089,35,0,7.0,34
2024-12-15,SKU_0089,104,0,7.0,34
2024-12-22,SKU_0089,79,0,7.0,34
2024-12-29,SKU_0089,73,0,7.0,34
2023-01-01,SKU_0090,418,0,21.0,56
2023-01-08,SKU_0090,407,0,21.0,56
2023-01-15,SKU_0090,332,0,21.0,56
2023-01-22,SKU_0090,307,0,21.0,56
2023-01-29,SKU_0090,230,0,21.0,56
2023-02-05,SKU_0090,170,0,21.0,56
2023-02-12,SKU_0090,152,0,21.0,56
2023-02-19,SKU_0090,121,0,21.0,56
2023-02-26,SKU_0090,97,0,21.0,56
2023-03-05,SKU_0090,79,0,21.0,56
2023-03-12,SKU_0090,58,0,21.0,56
2023-03-19,SKU_0090,197,0,21.0,56
2023-03-26,SKU_0090,169,0,21.0,56
2023-04-02,SKU_0090,157,0,21.0,56
2023-04-09,SKU_0090,130,0,21.0,56
2023-04-16,SKU_0090,117,0,21.0,56
2023-04-23,SKU_0090,96,0,21.0,56
2023-04-30,SKU_0090,81,0,21.0,56
2023-05-07,SKU_0090,72,0,21.0,56
2023-05-14,SKU_0090,62,0,21.0,56
2023-05-21,SKU_0090,60,0,21.0,56
2023-05-28,SKU_0090,50,188,21.0,56
2023-06-04,SKU_0090,116,0,21.0,56
2023-06-11,SKU_0090,111,0,21.0,56
2023-06-18,SKU_0090,104,0,21.0,56
2023-06-25,SKU_0090,80,0,21.0,56
2023-07-02,SKU_0090,78,0,21.0,56
2023-07-09,SKU_0090,68,0,21.0,56
2023-07-16,SKU_0090,61,0,21.0,56
2023-07-23,SKU_0090,211,0,21.0,56
2023-07-30,SKU_0090,180,0,21.0,56
2023-08-06,SKU_0090,167,0,21.0,56
2023-08-13,SKU_0090,140,0,21.0,56
2023-08-20,SKU_0090,102,0,21.0,56
2023-08-27,SKU_0090,101,0,21.0,56
2023-09-03,SKU_0090,80,0,21.0,56
2023-09-10,SKU_0090,62,0,21.0,56
2023-09-17,SKU_0090,61,0,21.0,56
2023-09-24,SKU_0090,43,71,21.0,56
2023-10-01,SKU_0090,39,189,21.0,56
2023-10-08,SKU_0090,91,0,21.0,56
2023-10-15,SKU_0090,66,0,21.0,56
2023-10-22,SKU_0090,56,0,21.0,56
2023-10-29,SKU_0090,111,0,21.0,56
2023-11-05,SKU_0090,81,0,21.0,56
2023-11-12,SKU_0090,80,0,21.0,56
2023-11-19,SKU_0090,63,0,21.0,56
2023-11-26,SKU_0090,63,0,21.0,56
2023-12-03,SKU_0090,100,0,21.0,56
2023-12-10,SKU_0090,80,0,21.0,56
2023-12-17,SKU_0090,62,0,21.0,56
2023-12-24,SKU_0090,59,0,21.0,56
2023-12-31,SKU_0090,216,0,21.0,56
2024-01-07,SKU_0090,169,0,21.0,56
2024-01-14,SKU_0090,168,0,21.0,56
2024-01-21,SKU_0090,132,0,21.0,56
2024-01-28,SKU_0090,100,0,21.0,56
2024-02-04,SKU_0090,82,0,21.0,56
2024-02-11,SKU_0090,82,0,21.0,56
2024-02-18,SKU_0090,82,0,21.0,56
2024-02-25,SKU_0090,72,0,21.0,56
2024-03-03,SKU_0090,66,0,21.0,56
2024-03-10,SKU_0090,57,0,21.0,56
2024-03-17,SKU_0090,47,70,21.0,56
2024-03-24,SKU_0090,227,0,21.0,56
2024-03-31,SKU_0090,165,0,21.0,56
2024-04-07,SKU_0090,149,0,21.0,56
2024-04-14,SKU_0090,110,0,21.0,56
2024-04-21,SKU_0090,97,0,21.0,56
2024-04-28,SKU_0090,81,0,21.0,56
2024-05-05,SKU_0090,73,0,21.0,56
2024-05-12,SKU_0090,69,0,21.0,56
2024-05-19,SKU_0090,59,0,21.0,56
2024-05-26,SKU_0090,58,0,21.0,56
2024-06-02,SKU_0090,42,107,21.0,56
2024-06-09,SKU_0090,30,117,21.0,56
2024-06-16,SKU_0090,23,100,21.0,56
2024-06-23,SKU_0090,19,134,21.0,56
2024-06-30,SKU_0090,151,0,21.0,56
2024-07-07,SKU_0090,118,0,21.0,56
2024-07-14,SKU_0090,86,0,21.0,56
2024-07-21,SKU_0090,61,0,21.0,56
2024-07-28,SKU_0090,238,0,21.0,56
2024-08-04,SKU_0090,214,0,21.0,56
2024-08-11,SKU_0090,200,0,21.0,56
2024-08-18,SKU_0090,197,0,21.0,56
2024-08-25,SKU_0090,149,0,21.0,56
2024-09-01,SKU_0090,123,0,21.0,56
2024-09-08,SKU_0090,103,0,21.0,56
2024-09-15,SKU_0090,82,0,21.0,56
2024-09-22,SKU_0090,78,0,21.0,56
2024-09-29,SKU_0090,61,0,21.0,56
2024-10-06,SKU_0090,108,0,21.0,56
2024-10-13,SKU_0090,77,0,21.0,56
2024-10-20,SKU_0090,75,0,21.0,56
2024-10-27,SKU_0090,63,0,21.0,56
2024-11-03,SKU_0090,59,0,21.0,56
2024-11-10,SKU_0090,151,0,21.0,56
2024-11-17,SKU_0090,140,0,21.0,56
2024-11-24,SKU_0090,118,0,21.0,56
2024-12-01,SKU_0090,114,0,21.0,56
2024-12-08,SKU_0090,99,0,21.0,56
2024-12-15,SKU_0090,73,0,21.0,56
2024-12-22,SKU_0090,245,0,21.0,56
2024-12-29,SKU_0090,220,0,21.0,56
2023-01-01,SKU_0091,189,0,14.0,49
2023-01-08,SKU_0091,152,0,14.0,49
2023-01-15,SKU_0091,141,0,14.0,49
2023-01-22,SKU_0091,129,0,14.0,49
2023-01-29,SKU_0091,129,0,14.0,49
2023-02-05,SKU_0091,122,0,14.0,49
2023-02-12,SKU_0091,99,0,14.0,49
2023-02-19,SKU_0091,71,0,14.0,49
2023-02-26,SKU_0091,53,0,14.0,49
2023-03-05,SKU_0091,189,0,14.0,49
2023-03-12,SKU_0091,151,0,14.0,49
2023-03-19,SKU_0091,145,0,14.0,49
2023-03-26,SKU_0091,131,0,14.0,49
2023-04-02,SKU_0091,127,0,14.0,49
2023-04-09,SKU_0091,122,0,14.0,49
2023-04-16,SKU_0091,109,0,14.0,49
2023-04-23,SKU_0091,95,0,14.0,49
2023-04-30,SKU_0091,68,0,14.0,49
2023-05-07,SKU_0091,68,0,14.0,49
2023-05-14,SKU_0091,55,0,14.0,49
2023-05-21,SKU_0091,46,94,14.0,49
2023-05-28,SKU_0091,46,80,14.0,49
2023-06-04,SKU_0091,36,61,14.0,49
2023-06-11,SKU_0091,32,172,14.0,49
2023-06-18,SKU_0091,221,0,14.0,49
2023-06-25,SKU_0091,207,0,14.0,49
2023-07-02,SKU_0091,156,0,14.0,49
2023-07-09,SKU_0091,151,0,14.0,49
2023-07-16,SKU_0091,141,0,14.0,49
2023-07-23,SKU_0091,130,0,14.0,49
2023-07-30,SKU_0091,128,0,14.0,49
2023-08-06,SKU_0091,126,0,14.0,49
2023-08-13,SKU_0091,102,0,14.0,49
2023-08-20,SKU_0091,90,0,14.0,49
2023-08-27,SKU_0091,84,0,14.0,49
2023-09-03,SKU_0091,81,0,14.0,49
2023-09-10,SKU_0091,62,0,14.0,49
2023-09-17,SKU_0091,59,0,14.0,49
2023-09-24,SKU_0091,225,0,14.0,49
2023-10-01,SKU_0091,212,0,14.0,49
2023-10-08,SKU_0091,207,0,14.0,49
2023-10-15,SKU_0091,178,0,14.0,49
2023-10-22,SKU_0091,148,0,14.0,49
2023-10-29,SKU_0091,115,0,14.0,49
2023-11-05,SKU_0091,97,0,14.0,49
2023-11-12,SKU_0091,92,0,14.0,49
2023-11-19,SKU_0091,80,0,14.0,49
2023-11-26,SKU_0091,59,0,14.0,49
2023-12-03,SKU_0091,58,0,14.0,49
2023-12-10,SKU_0091,47,145,14.0,49
2023-12-17,SKU_0091,222,0,14.0,49
2023-12-24,SKU_0091,186,0,14.0,49
2023-12-31,SKU_0091,145,0,14.0,49
2024-01-07,SKU_0091,128,0,14.0,49
2024-01-14,SKU_0091,108,0,14.0,49
2024-01-21,SKU_0091,92,0,14.0,49
2024-01-28,SKU_0091,67,0,14.0,49
2024-02-04,SKU_0091,57,0,14.0,49
2024-02-11,SKU_0091,40,149,14.0,49
2024-02-18,SKU_0091,120,0,14.0,49
2024-02-25,SKU_0091,104,0,14.0,49
2024-03-03,SKU_0091,87,0,14.0,49
2024-03-10,SKU_0091,70,0,14.0,49
2024-03-17,SKU_0091,49,0,14.0,49
2024-03-24,SKU_0091,38,142,14.0,49
2024-03-31,SKU_0091,153,0,14.0,49
2024-04-07,SKU_0091,130,0,14.0,49
2024-04-14,SKU_0091,111,0,14.0,49
2024-04-21,SKU_0091,93,0,14.0,49
2024-04-28,SKU_0091,69,0,14.0,49
2024-05-05,SKU_0091,55,0,14.0,49
2024-05-12,SKU_0091,51,0,14.0,49
2024-05-19,SKU_0091,36,156,14.0,49
2024-05-26,SKU_0091,136,0,14.0,49
2024-06-02,SKU_0091,101,0,14.0,49
2024-06-09,SKU_0091,78,0,14.0,49
2024-06-16,SKU_0091,71,0,14.0,49
2024-06-23,SKU_0091,66,0,14.0,49
2024-06-30,SKU_0091,63,0,14.0,49
2024-07-07,SKU_0091,56,0,14.0,49
2024-07-14,SKU_0091,43,99,14.0,49
2024-07-21,SKU_0091,33,137,14.0,49
2024-07-28,SKU_0091,104,0,14.0,49
2024-08-04,SKU_0091,85,0,14.0,49
2024-08-11,SKU_0091,80,0,14.0,49
2024-08-18,SKU_0091,68,0,14.0,49
2024-08-25,SKU_0091,233,0,14.0,49
2024-09-01,SKU_0091,201,0,14.0,49
2024-09-08,SKU_0091,186,0,14.0,49
2024-09-15,SKU_0091,158,0,14.0,49
2024-09-22,SKU_0091,121,0,14.0,49
2024-09-29,SKU_0091,87,0,14.0,49
2024-10-06,SKU_0091,70,0,14.0,49
2024-10-13,SKU_0091,52,0,14.0,49
2024-10-20,SKU_0091,44,149,14.0,49
2024-10-27,SKU_0091,202,0,14.0,49
2024-11-03,SKU_0091,143,0,14.0,49
2024-11-10,SKU_0091,138,0,14.0,49
2024-11-17,SKU_0091,136,0,14.0,49
2024-11-24,SKU_0091,105,0,14.0,49
2024-12-01,SKU_0091,86,0,14.0,49
2024-12-08,SKU_0091,76,0,14.0,49
2024-12-15,SKU_0091,57,0,14.0,49
2024-12-22,SKU_0091,53,0,14.0,49
2024-12-29,SKU_0091,39,55,14.0,49
2023-01-01,SKU_0092,145,0,7.0,43
2023-01-08,SKU_0092,139,0,7.0,43
2023-01-15,SKU_0092,102,0,7.0,43
2023-01-22,SKU_0092,102,0,7.0,43
2023-01-29,SKU_0092,90,0,7.0,43
2023-02-05,SKU_0092,88,0,7.0,43
2023-02-12,SKU_0092,73,0,7.0,43
2023-02-19,SKU_0092,70,0,7.0,43
2023-02-26,SKU_0092,61,0,7.0,43
2023-03-05,SKU_0092,43,0,7.0,43
2023-03-12,SKU_0092,153,0,7.0,43
2023-03-19,SKU_0092,121,0,7.0,43
2023-03-26,SKU_0092,105,0,7.0,43
2023-04-02,SKU_0092,83,0,7.0,43
2023-04-09,SKU_0092,61,0,7.0,43
2023-04-16,SKU_0092,59,0,7.0,43
2023-04-23,SKU_0092,56,0,7.0,43
2023-04-30,SKU_0092,48,0,7.0,43
2023-05-07,SKU_0092,43,0,7.0,43
2023-05-14,SKU_0092,35,124,7.0,43
2023-05-21,SKU_0092,26,133,7.0,43
2023-05-28,SKU_0092,23,132,7.0,43
2023-06-04,SKU_0092,22,147,7.0,43
2023-06-11,SKU_0092,106,0,7.0,43
2023-06-18,SKU_0092,105,0,7.0,43
2023-06-25,SKU_0092,75,0,7.0,43
2023-07-02,SKU_0092,70,0,7.0,43
2023-07-09,SKU_0092,65,0,7.0,43
2023-07-16,SKU_0092,50,0,7.0,43
2023-07-23,SKU_0092,219,0,7.0,43
2023-07-30,SKU_0092,163,0,7.0,43
2023-08-06,SKU_0092,144,0,7.0,43
2023-08-13,SKU_0092,139,0,7.0,43
2023-08-20,SKU_0092,125,0,7.0,43
2023-08-27,SKU_0092,95,0,7.0,43
2023-09-03,SKU_0092,80,0,7.0,43
2023-09-10,SKU_0092,59,0,7.0,43
2023-09-17,SKU_0092,58,0,7.0,43
2023-09-24,SKU_0092,53,0,7.0,43
2023-10-01,SKU_0092,48,0,7.0,43
2023-10-08,SKU_0092,184,0,7.0,43
2023-10-15,SKU_0092,183,0,7.0,43
2023-10-22,SKU_0092,160,0,7.0,43
2023-10-29,SKU_0092,151,0,7.0,43
2023-11-05,SKU_0092,116,0,7.0,43
2023-11-12,SKU_0092,100,0,7.0,43
2023-11-19,SKU_0092,80,0,7.0,43
2023-11-26,SKU_0092,74,0,7.0,43
2023-12-03,SKU_0092,56,0,7.0,43
2023-12-10,SKU_0092,52,0,7.0,43
2023-12-17,SKU_0092,116,0,7.0,43
2023-12-24,SKU_0092,116,0,7.0,43
2023-12-31,SKU_0092,114,0,7.0,43
2024-01-07,SKU_0092,80,0,7.0,43
2024-01-14,SKU_0092,68,0,7.0,43
2024-01-21,SKU_0092,64,0,7.0,43
2024-01-28,SKU_0092,54,0,7.0,43
2024-02-04,SKU_0092,50,0,7.0,43
2024-02-11,SKU_0092,46,0,7.0,43
2024-02-18,SKU_0092,205,0,7.0,43
2024-02-25,SKU_0092,161,0,7.0,43
2024-03-03,SKU_0092,114,0,7.0,43
2024-03-10,SKU_0092,87,0,7.0,43
2024-03-17,SKU_0092,79,0,7.0,43
2024-03-24,SKU_0092,65,0,7.0,43
2024-03-31,SKU_0092,60,0,7.0,43
2024-04-07,SKU_0092,47,0,7.0,43
2024-04-14,SKU_0092,153,0,7.0,43
2024-04-21,SKU_0092,116,0,7.0,43
2024-04-28,SKU_0092,98,0,7.0,43
2024-05-05,SKU_0092,80,0,7.0,43
2024-05-12,SKU_0092,70,0,7.0,43
2024-05-19,SKU_0092,68,0,7.0,43
2024-05-26,SKU_0092,55,0,7.0,43
2024-06-02,SKU_0092,48,0,7.0,43
2024-06-09,SKU_0092,107,0,7.0,43
2024-06-16,SKU_0092,97,0,7.0,43
2024-06-23,SKU_0092,74,0,7.0,43
2024-06-30,SKU_0092,61,0,7.0,43
2024-07-07,SKU_0092,59,0,7.0,43
2024-07-14,SKU_0092,54,0,7.0,43
2024-07-21,SKU_0092,43,0,7.0,43
2024-07-28,SKU_0092,35,117,7.0,43
2024-08-04,SKU_0092,30,118,7.0,43
2024-08-11,SKU_0092,117,0,7.0,43
2024-08-18,SKU_0092,88,0,7.0,43
2024-08-25,SKU_0092,76,0,7.0,43
2024-09-01,SKU_0092,75,0,7.0,43
2024-09-08,SKU_0092,68,0,7.0,43
2024-09-15,SKU_0092,55,0,7.0,43
2024-09-22,SKU_0092,47,0,7.0,43
2024-09-29,SKU_0092,44,0,7.0,43
2024-10-06,SKU_0092,42,167,7.0,43
2024-10-13,SKU_0092,35,153,7.0,43
2024-10-20,SKU_0092,111,0,7.0,43
2024-10-27,SKU_0092,92,0,7.0,43
2024-11-03,SKU_0092,81,0,7.0,43
2024-11-10,SKU_0092,74,0,7.0,43
2024-11-17,SKU_0092,74,0,7.0,43
2024-11-24,SKU_0092,57,0,7.0,43
2024-12-01,SKU_0092,49,0,7.0,43
2024-12-08,SKU_0092,35,168,7.0,43
2024-12-15,SKU_0092,221,0,7.0,43
2024-12-22,SKU_0092,158,0,7.0,43
2024-12-29,SKU_0092,113,0,7.0,43
2023-01-01,SKU_0093,214,0,7.0,70
2023-01-08,SKU_0093,166,0,7.0,70
2023-01-15,SKU_0093,143,0,7.0,70
2023-01-22,SKU_0093,101,0,7.0,70
2023-01-29,SKU_0093,84,0,7.0,70
2023-02-05,SKU_0093,77,0,7.0,70
2023-02-12,SKU_0093,152,0,7.0,70
2023-02-19,SKU_0093,139,0,7.0,70
2023-02-26,SKU_0093,102,0,7.0,70
2023-03-05,SKU_0093,100,0,7.0,70
2023-03-12,SKU_0093,95,0,7.0,70
2023-03-19,SKU_0093,79,0,7.0,70
2023-03-26,SKU_0093,158,0,7.0,70
2023-04-02,SKU_0093,138,0,7.0,70
2023-04-09,SKU_0093,127,0,7.0,70
2023-04-16,SKU_0093,100,0,7.0,70
2023-04-23,SKU_0093,82,0,7.0,70
2023-04-30,SKU_0093,75,0,7.0,70
2023-05-07,SKU_0093,132,0,7.0,70
2023-05-14,SKU_0093,108,0,7.0,70
2023-05-21,SKU_0093,83,0,7.0,70
2023-05-28,SKU_0093,65,114,7.0,70
2023-06-04,SKU_0093,49,192,7.0,70
2023-06-11,SKU_0093,192,0,7.0,70
2023-06-18,SKU_0093,187,0,7.0,70
2023-06-25,SKU_0093,187,0,7.0,70
2023-07-02,SKU_0093,138,0,7.0,70
2023-07-09,SKU_0093,97,0,7.0,70
2023-07-16,SKU_0093,81,0,7.0,70
2023-07-23,SKU_0093,80,0,7.0,70
2023-07-30,SKU_0093,174,0,7.0,70
2023-08-06,SKU_0093,137,0,7.0,70
2023-08-13,SKU_0093,104,0,7.0,70
2023-08-20,SKU_0093,74,0,7.0,70
2023-08-27,SKU_0093,132,0,7.0,70
2023-09-03,SKU_0093,102,0,7.0,70
2023-09-10,SKU_0093,102,0,7.0,70
2023-09-17,SKU_0093,94,0,7.0,70
2023-09-24,SKU_0093,154,0,7.0,70
2023-10-01,SKU_0093,147,0,7.0,70
2023-10-08,SKU_0093,104,0,7.0,70
2023-10-15,SKU_0093,92,0,7.0,70
2023-10-22,SKU_0093,88,0,7.0,70
2023-10-29,SKU_0093,252,0,7.0,70
2023-11-05,SKU_0093,180,0,7.0,70
2023-11-12,SKU_0093,171,0,7.0,70
2023-11-19,SKU_0093,135,0,7.0,70
2023-11-26,SKU_0093,111,0,7.0,70
2023-12-03,SKU_0093,107,0,7.0,70
2023-12-10,SKU_0093,97,0,7.0,70
2023-12-17,SKU_0093,93,0,7.0,70
2023-12-24,SKU_0093,75,0,7.0,70
2023-12-31,SKU_0093,127,0,7.0,70
2024-01-07,SKU_0093,119,0,7.0,70
2024-01-14,SKU_0093,90,0,7.0,70
2024-01-21,SKU_0093,71,0,7.0,70
2024-01-28,SKU_0093,50,142,7.0,70
2024-02-04,SKU_0093,36,56,7.0,70
2024-02-11,SKU_0093,89,0,7.0,70
2024-02-18,SKU_0093,89,0,7.0,70
2024-02-25,SKU_0093,205,0,7.0,70
2024-03-03,SKU_0093,196,0,7.0,70
2024-03-10,SKU_0093,143,0,7.0,70
2024-03-17,SKU_0093,140,0,7.0,70
2024-03-24,SKU_0093,135,0,7.0,70
2024-03-31,SKU_0093,103,0,7.0,70
2024-04-07,SKU_0093,81,0,7.0,70
2024-04-14,SKU_0093,71,0,7.0,70
2024-04-21,SKU_0093,243,0,7.0,70
2024-04-28,SKU_0093,202,0,7.0,70
2024-05-05,SKU_0093,163,0,7.0,70
2024-05-12,SKU_0093,153,0,7.0,70
2024-05-19,SKU_0093,125,0,7.0,70
2024-05-26,SKU_0093,111,0,7.0,70
2024-06-02,SKU_0093,105,0,7.0,70
2024-06-09,SKU_0093,104,0,7.0,70
2024-06-16,SKU_0093,103,0,7.0,70
2024-06-23,SKU_0093,76,0,7.0,70
2024-06-30,SKU_0093,72,0,7.0,70
2024-07-07,SKU_0093,71,0,7.0,70
2024-07-14,SKU_0093,71,0,7.0,70
2024-07-21,SKU_0093,68,94,7.0,70
2024-07-28,SKU_0093,174,0,7.0,70
2024-08-04,SKU_0093,131,0,7.0,70
2024-08-11,SKU_0093,101,0,7.0,70
2024-08-18,SKU_0093,72,0,7.0,70
2024-08-25,SKU_0093,63,186,7.0,70
2024-09-01,SKU_0093,178,0,7.0,70
2024-09-08,SKU_0093,151,0,7.0,70
2024-09-15,SKU_0093,144,0,7.0,70
2024-09-22,SKU_0093,137,0,7.0,70
2024-09-29,SKU_0093,110,0,7.0,70
2024-10-06,SKU_0093,108,0,7.0,70
2024-10-13,SKU_0093,99,0,7.0,70
2024-10-20,SKU_0093,90,0,7.0,70
2024-10-27,SKU_0093,181,0,7.0,70
2024-11-03,SKU_0093,164,0,7.0,70
2024-11-10,SKU_0093,163,0,7.0,70
2024-11-17,SKU_0093,152,0,7.0,70
2024-11-24,SKU_0093,129,0,7.0,70
2024-12-01,SKU_0093,125,0,7.0,70
2024-12-08,SKU_0093,90,0,7.0,70
2024-12-15,SKU_0093,68,95,7.0,70
2024-12-22,SKU_0093,225,0,7.0,70
2024-12-29,SKU_0093,208,0,7.0,70
2023-01-01,SKU_0094,369,0,21.0,69
2023-01-08,SKU_0094,279,0,21.0,69
2023-01-15,SKU_0094,263,0,21.0,69
2023-01-22,SKU_0094,241,0,21.0,69
2023-01-29,SKU_0094,233,0,21.0,69
2023-02-05,SKU_0094,192,0,21.0,69
2023-02-12,SKU_0094,185,0,21.0,69
2023-02-19,SKU_0094,133,0,21.0,69
2023-02-26,SKU_0094,117,0,21.0,69
2023-03-05,SKU_0094,85,0,21.0,69
2023-03-12,SKU_0094,154,0,21.0,69
2023-03-19,SKU_0094,125,0,21.0,69
2023-03-26,SKU_0094,119,0,21.0,69
2023-04-02,SKU_0094,104,0,21.0,69
2023-04-09,SKU_0094,76,0,21.0,69
2023-04-16,SKU_0094,156,0,21.0,69
2023-04-23,SKU_0094,143,0,21.0,69
2023-04-30,SKU_0094,138,0,21.0,69
2023-05-07,SKU_0094,101,0,21.0,69
2023-05-14,SKU_0094,90,0,21.0,69
2023-05-21,SKU_0094,65,143,21.0,69
2023-05-28,SKU_0094,171,0,21.0,69
2023-06-04,SKU_0094,135,0,21.0,69
2023-06-11,SKU_0094,120,0,21.0,69
2023-06-18,SKU_0094,112,0,21.0,69
2023-06-25,SKU_0094,88,0,21.0,69
2023-07-02,SKU_0094,69,0,21.0,69
2023-07-09,SKU_0094,107,0,21.0,69
2023-07-16,SKU_0094,75,0,21.0,69
2023-07-23,SKU_0094,66,57,21.0,69
2023-07-30,SKU_0094,128,0,21.0,69
2023-08-06,SKU_0094,119,0,21.0,69
2023-08-13,SKU_0094,115,0,21.0,69
2023-08-20,SKU_0094,111,0,21.0,69
2023-08-27,SKU_0094,97,0,21.0,69
2023-09-03,SKU_0094,74,0,21.0,69
2023-09-10,SKU_0094,52,145,21.0,69
2023-09-17,SKU_0094,44,158,21.0,69
2023-09-24,SKU_0094,141,0,21.0,69
2023-10-01,SKU_0094,129,0,21.0,69
2023-10-08,SKU_0094,96,0,21.0,69
2023-10-15,SKU_0094,73,0,21.0,69
2023-10-22,SKU_0094,71,0,21.0,69
2023-10-29,SKU_0094,182,0,21.0,69
2023-11-05,SKU_0094,151,0,21.0,69
2023-11-12,SKU_0094,111,0,21.0,69
2023-11-19,SKU_0094,80,0,21.0,69
2023-11-26,SKU_0094,159,0,21.0,69
2023-12-03,SKU_0094,142,0,21.0,69
2023-12-10,SKU_0094,115,0,21.0,69
2023-12-17,SKU_0094,99,0,21.0,69
2023-12-24,SKU_0094,98,0,21.0,69
2023-12-31,SKU_0094,87,0,21.0,69
2024-01-07,SKU_0094,71,0,21.0,69
2024-01-14,SKU_0094,60,199,21.0,69
2024-01-21,SKU_0094,44,130,21.0,69
2024-01-28,SKU_0094,37,74,21.0,69
2024-02-04,SKU_0094,159,0,21.0,69
2024-02-11,SKU_0094,121,0,21.0,69
2024-02-18,SKU_0094,101,0,21.0,69
2024-02-25,SKU_0094,87,0,21.0,69
2024-03-03,SKU_0094,76,0,21.0,69
2024-03-10,SKU_0094,75,0,21.0,69
2024-03-17,SKU_0094,67,109,21.0,69
2024-03-24,SKU_0094,251,0,21.0,69
2024-03-31,SKU_0094,183,0,21.0,69
2024-04-07,SKU_0094,181,0,21.0,69
2024-04-14,SKU_0094,139,0,21.0,69
2024-04-21,SKU_0094,132,0,21.0,69
2024-04-28,SKU_0094,98,0,21.0,69
2024-05-05,SKU_0094,91,0,21.0,69
2024-05-12,SKU_0094,82,0,21.0,69
2024-05-19,SKU_0094,68,163,21.0,69
2024-05-26,SKU_0094,51,125,21.0,69
2024-06-02,SKU_0094,101,0,21.0,69
2024-06-09,SKU_0094,93,0,21.0,69
2024-06-16,SKU_0094,86,0,21.0,69
2024-06-23,SKU_0094,71,0,21.0,69
2024-06-30,SKU_0094,69,0,21.0,69
2024-07-07,SKU_0094,239,0,21.0,69
2024-07-14,SKU_0094,174,0,21.0,69
2024-07-21,SKU_0094,126,0,21.0,69
2024-07-28,SKU_0094,95,0,21.0,69
2024-08-04,SKU_0094,77,0,21.0,69
2024-08-11,SKU_0094,65,51,21.0,69
2024-08-18,SKU_0094,60,69,21.0,69
2024-08-25,SKU_0094,46,163,21.0,69
2024-09-01,SKU_0094,41,156,21.0,69
2024-09-08,SKU_0094,120,0,21.0,69
2024-09-15,SKU_0094,95,0,21.0,69
2024-09-22,SKU_0094,84,0,21.0,69
2024-09-29,SKU_0094,61,166,21.0,69
2024-10-06,SKU_0094,48,165,21.0,69
2024-10-13,SKU_0094,198,0,21.0,69
2024-10-20,SKU_0094,177,0,21.0,69
2024-10-27,SKU_0094,174,0,21.0,69
2024-11-03,SKU_0094,130,0,21.0,69
2024-11-10,SKU_0094,108,0,21.0,69
2024-11-17,SKU_0094,101,0,21.0,69
2024-11-24,SKU_0094,98,0,21.0,69
2024-12-01,SKU_0094,82,0,21.0,69
2024-12-08,SKU_0094,79,0,21.0,69
2024-12-15,SKU_0094,181,0,21.0,69
2024-12-22,SKU_0094,146,0,21.0,69
2024-12-29,SKU_0094,115,0,21.0,69
2023-01-01,SKU_0095,273,0,14.0,82
2023-01-08,SKU_0095,197,0,14.0,82
2023-01-15,SKU_0095,142,0,14.0,82
2023-01-22,SKU_0095,131,0,14.0,82
2023-01-29,SKU_0095,107,0,14.0,82
2023-02-05,SKU_0095,94,0,14.0,82
2023-02-12,SKU_0095,73,82,14.0,82
2023-02-19,SKU_0095,157,0,14.0,82
2023-02-26,SKU_0095,143,0,14.0,82
2023-03-05,SKU_0095,137,0,14.0,82
2023-03-12,SKU_0095,119,0,14.0,82
2023-03-19,SKU_0095,107,0,14.0,82
2023-03-26,SKU_0095,107,0,14.0,82
2023-04-02,SKU_0095,87,0,14.0,82
2023-04-09,SKU_0095,84,0,14.0,82
2023-04-16,SKU_0095,210,0,14.0,82
2023-04-23,SKU_0095,193,0,14.0,82
2023-04-30,SKU_0095,151,0,14.0,82
2023-05-07,SKU_0095,134,0,14.0,82
2023-05-14,SKU_0095,125,0,14.0,82
2023-05-21,SKU_0095,91,0,14.0,82
2023-05-28,SKU_0095,85,0,14.0,82
2023-06-04,SKU_0095,61,154,14.0,82
2023-06-11,SKU_0095,226,0,14.0,82
2023-06-18,SKU_0095,174,0,14.0,82
2023-06-25,SKU_0095,143,0,14.0,82
2023-07-02,SKU_0095,103,0,14.0,82
2023-07-09,SKU_0095,176,0,14.0,82
2023-07-16,SKU_0095,143,0,14.0,82
2023-07-23,SKU_0095,118,0,14.0,82
2023-07-30,SKU_0095,109,0,14.0,82
2023-08-06,SKU_0095,108,0,14.0,82
2023-08-13,SKU_0095,92,0,14.0,82
2023-08-20,SKU_0095,155,0,14.0,82
2023-08-27,SKU_0095,130,0,14.0,82
2023-09-03,SKU_0095,103,0,14.0,82
2023-09-10,SKU_0095,147,0,14.0,82
2023-09-17,SKU_0095,103,0,14.0,82
2023-09-24,SKU_0095,137,0,14.0,82
2023-10-01,SKU_0095,117,0,14.0,82
2023-10-08,SKU_0095,82,0,14.0,82
2023-10-15,SKU_0095,74,155,14.0,82
2023-10-22,SKU_0095,71,127,14.0,82
2023-10-29,SKU_0095,188,0,14.0,82
2023-11-05,SKU_0095,163,0,14.0,82
2023-11-12,SKU_0095,152,0,14.0,82
2023-11-19,SKU_0095,135,0,14.0,82
2023-11-26,SKU_0095,100,0,14.0,82
2023-12-03,SKU_0095,79,148,14.0,82
2023-12-10,SKU_0095,58,90,14.0,82
2023-12-17,SKU_0095,54,175,14.0,82
2023-12-24,SKU_0095,183,0,14.0,82
2023-12-31,SKU_0095,159,0,14.0,82
2024-01-07,SKU_0095,133,0,14.0,82
2024-01-14,SKU_0095,104,0,14.0,82
2024-01-21,SKU_0095,78,111,14.0,82
2024-01-28,SKU_0095,55,139,14.0,82
2024-02-04,SKU_0095,102,0,14.0,82
2024-02-11,SKU_0095,83,0,14.0,82
2024-02-18,SKU_0095,59,88,14.0,82
2024-02-25,SKU_0095,195,0,14.0,82
2024-03-03,SKU_0095,190,0,14.0,82
2024-03-10,SKU_0095,186,0,14.0,82
2024-03-17,SKU_0095,173,0,14.0,82
2024-03-24,SKU_0095,133,0,14.0,82
2024-03-31,SKU_0095,103,0,14.0,82
2024-04-07,SKU_0095,99,0,14.0,82
2024-04-14,SKU_0095,136,0,14.0,82
2024-04-21,SKU_0095,133,0,14.0,82
2024-04-28,SKU_0095,112,0,14.0,82
2024-05-05,SKU_0095,93,0,14.0,82
2024-05-12,SKU_0095,67,111,14.0,82
2024-05-19,SKU_0095,53,145,14.0,82
2024-05-26,SKU_0095,180,0,14.0,82
2024-06-02,SKU_0095,152,0,14.0,82
2024-06-09,SKU_0095,127,0,14.0,82
2024-06-16,SKU_0095,119,0,14.0,82
2024-06-23,SKU_0095,91,0,14.0,82
2024-06-30,SKU_0095,68,128,14.0,82
2024-07-07,SKU_0095,51,76,14.0,82
2024-07-14,SKU_0095,42,73,14.0,82
2024-07-21,SKU_0095,108,0,14.0,82
2024-07-28,SKU_0095,96,0,14.0,82
2024-08-04,SKU_0095,95,0,14.0,82
2024-08-11,SKU_0095,153,0,14.0,82
2024-08-18,SKU_0095,153,0,14.0,82
2024-08-25,SKU_0095,147,0,14.0,82
2024-09-01,SKU_0095,138,0,14.0,82
2024-09-08,SKU_0095,109,0,14.0,82
2024-09-15,SKU_0095,100,0,14.0,82
2024-09-22,SKU_0095,89,0,14.0,82
2024-09-29,SKU_0095,73,183,14.0,82
2024-10-06,SKU_0095,178,0,14.0,82
2024-10-13,SKU_0095,136,0,14.0,82
2024-10-20,SKU_0095,104,0,14.0,82
2024-10-27,SKU_0095,91,0,14.0,82
2024-11-03,SKU_0095,91,0,14.0,82
2024-11-10,SKU_0095,154,0,14.0,82
2024-11-17,SKU_0095,120,0,14.0,82
2024-11-24,SKU_0095,107,0,14.0,82
2024-12-01,SKU_0095,102,0,14.0,82
2024-12-08,SKU_0095,95,0,14.0,82
2024-12-15,SKU_0095,84,0,14.0,82
2024-12-22,SKU_0095,244,0,14.0,82
2024-12-29,SKU_0095,172,0,14.0,82
2023-01-01,SKU_0096,481,0,28.0,84
2023-01-08,SKU_0096,401,0,28.0,84
2023-01-15,SKU_0096,351,0,28.0,84
2023-01-22,SKU_0096,311,0,28.0,84
2023-01-29,SKU_0096,262,0,28.0,84
2023-02-05,SKU_0096,214,0,28.0,84
2023-02-12,SKU_0096,179,0,28.0,84
2023-02-19,SKU_0096,129,0,28.0,84
2023-02-26,SKU_0096,107,0,28.0,84
2023-03-05,SKU_0096,106,0,28.0,84
2023-03-12,SKU_0096,82,140,28.0,84
2023-03-19,SKU_0096,73,167,28.0,84
2023-03-26,SKU_0096,59,174,28.0,84
2023-04-02,SKU_0096,175,0,28.0,84
2023-04-09,SKU_0096,139,0,28.0,84
2023-04-16,SKU_0096,117,0,28.0,84
2023-04-23,SKU_0096,107,0,28.0,84
2023-04-30,SKU_0096,238,0,28.0,84
2023-05-07,SKU_0096,204,0,28.0,84
2023-05-14,SKU_0096,174,0,28.0,84
2023-05-21,SKU_0096,135,0,28.0,84
2023-05-28,SKU_0096,124,0,28.0,84
2023-06-04,SKU_0096,107,0,28.0,84
2023-06-11,SKU_0096,104,0,28.0,84
2023-06-18,SKU_0096,98,0,28.0,84
2023-06-25,SKU_0096,73,120,28.0,84
2023-07-02,SKU_0096,52,175,28.0,84
2023-07-09,SKU_0096,51,173,28.0,84
2023-07-16,SKU_0096,219,0,28.0,84
2023-07-23,SKU_0096,190,0,28.0,84
2023-07-30,SKU_0096,135,0,28.0,84
2023-08-06,SKU_0096,112,0,28.0,84
2023-08-13,SKU_0096,92,0,28.0,84
2023-08-20,SKU_0096,89,0,28.0,84
2023-08-27,SKU_0096,72,128,28.0,84
2023-09-03,SKU_0096,61,94,28.0,84
2023-09-10,SKU_0096,115,0,28.0,84
2023-09-17,SKU_0096,110,0,28.0,84
2023-09-24,SKU_0096,90,0,28.0,84
2023-10-01,SKU_0096,85,0,28.0,84
2023-10-08,SKU_0096,70,111,28.0,84
2023-10-15,SKU_0096,66,84,28.0,84
2023-10-22,SKU_0096,53,122,28.0,84
2023-10-29,SKU_0096,38,84,28.0,84
2023-11-05,SKU_0096,89,0,28.0,84
2023-11-12,SKU_0096,215,0,28.0,84
2023-11-19,SKU_0096,201,0,28.0,84
2023-11-26,SKU_0096,157,0,28.0,84
2023-12-03,SKU_0096,155,0,28.0,84
2023-12-10,SKU_0096,120,0,28.0,84
2023-12-17,SKU_0096,89,0,28.0,84
2023-12-24,SKU_0096,248,0,28.0,84
2023-12-31,SKU_0096,234,0,28.0,84
2024-01-07,SKU_0096,223,0,28.0,84
2024-01-14,SKU_0096,219,0,28.0,84
2024-01-21,SKU_0096,195,0,28.0,84
2024-01-28,SKU_0096,141,0,28.0,84
2024-02-04,SKU_0096,116,0,28.0,84
2024-02-11,SKU_0096,85,0,28.0,84
2024-02-18,SKU_0096,220,0,28.0,84
2024-02-25,SKU_0096,162,0,28.0,84
2024-03-03,SKU_0096,133,0,28.0,84
2024-03-10,SKU_0096,121,0,28.0,84
2024-03-17,SKU_0096,103,0,28.0,84
2024-03-24,SKU_0096,276,0,28.0,84
2024-03-31,SKU_0096,198,0,28.0,84
2024-04-07,SKU_0096,158,0,28.0,84
2024-04-14,SKU_0096,123,0,28.0,84
2024-04-21,SKU_0096,117,0,28.0,84
2024-04-28,SKU_0096,95,0,28.0,84
2024-05-05,SKU_0096,133,0,28.0,84
2024-05-12,SKU_0096,125,0,28.0,84
2024-05-19,SKU_0096,103,0,28.0,84
2024-05-26,SKU_0096,80,158,28.0,84
2024-06-02,SKU_0096,248,0,28.0,84
2024-06-09,SKU_0096,223,0,28.0,84
2024-06-16,SKU_0096,184,0,28.0,84
2024-06-23,SKU_0096,171,0,28.0,84
2024-06-30,SKU_0096,164,0,28.0,84
2024-07-07,SKU_0096,116,0,28.0,84
2024-07-14,SKU_0096,87,0,28.0,84
2024-07-21,SKU_0096,148,0,28.0,84
2024-07-28,SKU_0096,146,0,28.0,84
2024-08-04,SKU_0096,112,0,28.0,84
2024-08-11,SKU_0096,90,0,28.0,84
2024-08-18,SKU_0096,168,0,28.0,84
2024-08-25,SKU_0096,142,0,28.0,84
2024-09-01,SKU_0096,117,0,28.0,84
2024-09-08,SKU_0096,86,0,28.0,84
2024-09-15,SKU_0096,82,53,28.0,84
2024-09-22,SKU_0096,67,77,28.0,84
2024-09-29,SKU_0096,122,0,28.0,84
2024-10-06,SKU_0096,122,0,28.0,84
2024-10-13,SKU_0096,117,0,28.0,84
2024-10-20,SKU_0096,89,0,28.0,84
2024-10-27,SKU_0096,73,105,28.0,84
2024-11-03,SKU_0096,118,0,28.0,84
2024-11-10,SKU_0096,86,0,28.0,84
2024-11-17,SKU_0096,139,0,28.0,84
2024-11-24,SKU_0096,105,0,28.0,84
2024-12-01,SKU_0096,93,0,28.0,84
2024-12-08,SKU_0096,66,197,28.0,84
2024-12-15,SKU_0096,51,179,28.0,84
2024-12-22,SKU_0096,38,51,28.0,84
2024-12-29,SKU_0096,208,0,28.0,84
2023-01-01,SKU_0097,304,0,7.0,82
2023-01-08,SKU_0097,260,0,7.0,82
2023-01-15,SKU_0097,237,0,7.0,82
2023-01-22,SKU_0097,217,0,7.0,82
2023-01-29,SKU_0097,180,0,7.0,82
2023-02-05,SKU_0097,154,0,7.0,82
2023-02-12,SKU_0097,150,0,7.0,82
2023-02-19,SKU_0097,121,0,7.0,82
2023-02-26,SKU_0097,100,0,7.0,82
2023-03-05,SKU_0097,82,0,7.0,82
2023-03-12,SKU_0097,70,199,7.0,82
2023-03-19,SKU_0097,65,70,7.0,82
2023-03-26,SKU_0097,248,0,7.0,82
2023-04-02,SKU_0097,223,0,7.0,82
2023-04-09,SKU_0097,207,0,7.0,82
2023-04-16,SKU_0097,185,0,7.0,82
2023-04-23,SKU_0097,142,0,7.0,82
2023-04-30,SKU_0097,103,0,7.0,82
2023-05-07,SKU_0097,86,0,7.0,82
2023-05-14,SKU_0097,80,187,7.0,82
2023-05-21,SKU_0097,66,101,7.0,82
2023-05-28,SKU_0097,55,139,7.0,82
2023-06-04,SKU_0097,42,104,7.0,82
2023-06-11,SKU_0097,38,185,7.0,82
2023-06-18,SKU_0097,35,56,7.0,82
2023-06-25,SKU_0097,214,0,7.0,82
2023-07-02,SKU_0097,186,0,7.0,82
2023-07-09,SKU_0097,148,0,7.0,82
2023-07-16,SKU_0097,119,0,7.0,82
2023-07-23,SKU_0097,93,0,7.0,82
2023-07-30,SKU_0097,89,0,7.0,82
2023-08-06,SKU_0097,63,134,7.0,82
2023-08-13,SKU_0097,53,148,7.0,82
2023-08-20,SKU_0097,39,164,7.0,82
2023-08-27,SKU_0097,29,57,7.0,82
2023-09-03,SKU_0097,28,55,7.0,82
2023-09-10,SKU_0097,28,196,7.0,82
2023-09-17,SKU_0097,21,100,7.0,82
2023-09-24,SKU_0097,21,107,7.0,82
2023-10-01,SKU_0097,21,86,7.0,82
2023-10-08,SKU_0097,185,0,7.0,82
2023-10-15,SKU_0097,178,0,7.0,82
2023-10-22,SKU_0097,154,0,7.0,82
2023-10-29,SKU_0097,142,0,7.0,82
2023-11-05,SKU_0097,125,0,7.0,82
2023-11-12,SKU_0097,109,0,7.0,82
2023-11-19,SKU_0097,86,0,7.0,82
2023-11-26,SKU_0097,79,151,7.0,82
2023-12-03,SKU_0097,60,196,7.0,82
2023-12-10,SKU_0097,47,165,7.0,82
2023-12-17,SKU_0097,39,106,7.0,82
2023-12-24,SKU_0097,35,171,7.0,82
2023-12-31,SKU_0097,34,105,7.0,82
2024-01-07,SKU_0097,125,0,7.0,82
2024-01-14,SKU_0097,99,0,7.0,82
2024-01-21,SKU_0097,93,0,7.0,82
2024-01-28,SKU_0097,170,0,7.0,82
2024-02-04,SKU_0097,168,0,7.0,82
2024-02-11,SKU_0097,158,0,7.0,82
2024-02-18,SKU_0097,128,0,7.0,82
2024-02-25,SKU_0097,108,0,7.0,82
2024-03-03,SKU_0097,84,0,7.0,82
2024-03-10,SKU_0097,75,60,7.0,82
2024-03-17,SKU_0097,206,0,7.0,82
2024-03-24,SKU_0097,151,0,7.0,82
2024-03-31,SKU_0097,114,0,7.0,82
2024-04-07,SKU_0097,104,0,7.0,82
2024-04-14,SKU_0097,86,0,7.0,82
2024-04-21,SKU_0097,180,0,7.0,82
2024-04-28,SKU_0097,176,0,7.0,82
2024-05-05,SKU_0097,164,0,7.0,82
2024-05-12,SKU_0097,139,0,7.0,82
2024-05-19,SKU_0097,123,0,7.0,82
2024-05-26,SKU_0097,87,0,7.0,82
2024-06-02,SKU_0097,82,0,7.0,82
2024-06-09,SKU_0097,73,155,7.0,82
2024-06-16,SKU_0097,61,168,7.0,82
2024-06-23,SKU_0097,46,150,7.0,82
2024-06-30,SKU_0097,205,0,7.0,82
2024-07-07,SKU_0097,152,0,7.0,82
2024-07-14,SKU_0097,116,0,7.0,82
2024-07-21,SKU_0097,113,0,7.0,82
2024-07-28,SKU_0097,92,0,7.0,82
2024-08-04,SKU_0097,155,0,7.0,82
2024-08-11,SKU_0097,139,0,7.0,82
2024-08-18,SKU_0097,98,0,7.0,82
2024-08-25,SKU_0097,84,0,7.0,82
2024-09-01,SKU_0097,83,0,7.0,82
2024-09-08,SKU_0097,83,0,7.0,82
2024-09-15,SKU_0097,258,0,7.0,82
2024-09-22,SKU_0097,218,0,7.0,82
2024-09-29,SKU_0097,185,0,7.0,82
2024-10-06,SKU_0097,159,0,7.0,82
2024-10-13,SKU_0097,149,0,7.0,82
2024-10-20,SKU_0097,131,0,7.0,82
2024-10-27,SKU_0097,119,0,7.0,82
2024-11-03,SKU_0097,85,0,7.0,82
2024-11-10,SKU_0097,75,121,7.0,82
2024-11-17,SKU_0097,257,0,7.0,82
2024-11-24,SKU_0097,182,0,7.0,82
2024-12-01,SKU_0097,176,0,7.0,82
2024-12-08,SKU_0097,155,0,7.0,82
2024-12-15,SKU_0097,131,0,7.0,82
2024-12-22,SKU_0097,101,0,7.0,82
2024-12-29,SKU_0097,88,0,7.0,82
2023-01-01,SKU_0098,300,0,14.0,33
2023-01-08,SKU_0098,255,0,14.0,33
2023-01-15,SKU_0098,198,0,14.0,33
2023-01-22,SKU_0098,194,0,14.0,33
2023-01-29,SKU_0098,188,0,14.0,33
2023-02-05,SKU_0098,145,0,14.0,33
2023-02-12,SKU_0098,120,0,14.0,33
2023-02-19,SKU_0098,116,0,14.0,33
2023-02-26,SKU_0098,99,0,14.0,33
2023-03-05,SKU_0098,97,0,14.0,33
2023-03-12,SKU_0098,76,0,14.0,33
2023-03-19,SKU_0098,68,0,14.0,33
2023-03-26,SKU_0098,61,0,14.0,33
2023-04-02,SKU_0098,48,0,14.0,33
2023-04-09,SKU_0098,42,0,14.0,33
2023-04-16,SKU_0098,42,0,14.0,33
2023-04-23,SKU_0098,37,0,14.0,33
2023-04-30,SKU_0098,33,0,14.0,33
2023-05-07,SKU_0098,137,0,14.0,33
2023-05-14,SKU_0098,118,0,14.0,33
2023-05-21,SKU_0098,103,0,14.0,33
2023-05-28,SKU_0098,77,0,14.0,33
2023-06-04,SKU_0098,73,0,14.0,33
2023-06-11,SKU_0098,54,0,14.0,33
2023-06-18,SKU_0098,53,0,14.0,33
2023-06-25,SKU_0098,44,0,14.0,33
2023-07-02,SKU_0098,42,0,14.0,33
2023-07-09,SKU_0098,34,0,14.0,33
2023-07-16,SKU_0098,192,0,14.0,33
2023-07-23,SKU_0098,136,0,14.0,33
2023-07-30,SKU_0098,133,0,14.0,33
2023-08-06,SKU_0098,116,0,14.0,33
2023-08-13,SKU_0098,97,0,14.0,33
2023-08-20,SKU_0098,96,0,14.0,33
2023-08-27,SKU_0098,76,0,14.0,33
2023-09-03,SKU_0098,66,0,14.0,33
2023-09-10,SKU_0098,55,0,14.0,33
2023-09-17,SKU_0098,50,0,14.0,33
2023-09-24,SKU_0098,49,0,14.0,33
2023-10-01,SKU_0098,43,0,14.0,33
2023-10-08,SKU_0098,40,0,14.0,33
2023-10-15,SKU_0098,37,0,14.0,33
2023-10-22,SKU_0098,91,0,14.0,33
2023-10-29,SKU_0098,91,0,14.0,33
2023-11-05,SKU_0098,73,0,14.0,33
2023-11-12,SKU_0098,57,0,14.0,33
2023-11-19,SKU_0098,50,0,14.0,33
2023-11-26,SKU_0098,43,0,14.0,33
2023-12-03,SKU_0098,127,0,14.0,33
2023-12-10,SKU_0098,112,0,14.0,33
2023-12-17,SKU_0098,107,0,14.0,33
2023-12-24,SKU_0098,97,0,14.0,33
2023-12-31,SKU_0098,73,0,14.0,33
2024-01-07,SKU_0098,64,0,14.0,33
2024-01-14,SKU_0098,56,0,14.0,33
2024-01-21,SKU_0098,56,0,14.0,33
2024-01-28,SKU_0098,40,0,14.0,33
2024-02-04,SKU_0098,34,0,14.0,33
2024-02-11,SKU_0098,115,0,14.0,33
2024-02-18,SKU_0098,111,0,14.0,33
2024-02-25,SKU_0098,86,0,14.0,33
2024-03-03,SKU_0098,67,0,14.0,33
2024-03-10,SKU_0098,67,0,14.0,33
2024-03-17,SKU_0098,67,0,14.0,33
2024-03-24,SKU_0098,64,0,14.0,33
2024-03-31,SKU_0098,62,0,14.0,33
2024-04-07,SKU_0098,49,0,14.0,33
2024-04-14,SKU_0098,48,0,14.0,33
2024-04-21,SKU_0098,44,0,14.0,33
2024-04-28,SKU_0098,34,0,14.0,33
2024-05-05,SKU_0098,30,182,14.0,33
2024-05-12,SKU_0098,24,54,14.0,33
2024-05-19,SKU_0098,135,0,14.0,33
2024-05-26,SKU_0098,100,0,14.0,33
2024-06-02,SKU_0098,91,0,14.0,33
2024-06-09,SKU_0098,67,0,14.0,33
2024-06-16,SKU_0098,60,0,14.0,33
2024-06-23,SKU_0098,43,0,14.0,33
2024-06-30,SKU_0098,38,0,14.0,33
2024-07-07,SKU_0098,156,0,14.0,33
2024-07-14,SKU_0098,124,0,14.0,33
2024-07-21,SKU_0098,111,0,14.0,33
2024-07-28,SKU_0098,111,0,14.0,33
2024-08-04,SKU_0098,82,0,14.0,33
2024-08-11,SKU_0098,78,0,14.0,33
2024-08-18,SKU_0098,76,0,14.0,33
2024-08-25,SKU_0098,66,0,14.0,33
2024-09-01,SKU_0098,51,0,14.0,33
2024-09-08,SKU_0098,38,0,14.0,33
2024-09-15,SKU_0098,92,0,14.0,33
2024-09-22,SKU_0098,70,0,14.0,33
2024-09-29,SKU_0098,49,0,14.0,33
2024-10-06,SKU_0098,49,0,14.0,33
2024-10-13,SKU_0098,37,0,14.0,33
2024-10-20,SKU_0098,35,0,14.0,33
2024-10-27,SKU_0098,25,135,14.0,33
2024-11-03,SKU_0098,24,174,14.0,33
2024-11-10,SKU_0098,115,0,14.0,33
2024-11-17,SKU_0098,91,0,14.0,33
2024-11-24,SKU_0098,81,0,14.0,33
2024-12-01,SKU_0098,57,0,14.0,33
2024-12-08,SKU_0098,40,0,14.0,33
2024-12-15,SKU_0098,30,158,14.0,33
2024-12-22,SKU_0098,127,0,14.0,33
2024-12-29,SKU_0098,106,0,14.0,33
2023-01-01,SKU_0099,220,0,21.0,32
2023-01-08,SKU_0099,208,0,21.0,32
2023-01-15,SKU_0099,200,0,21.0,32
2023-01-22,SKU_0099,199,0,21.0,32
2023-01-29,SKU_0099,140,0,21.0,32
2023-02-05,SKU_0099,100,0,21.0,32
2023-02-12,SKU_0099,83,0,21.0,32
2023-02-19,SKU_0099,81,0,21.0,32
2023-02-26,SKU_0099,58,0,21.0,32
2023-03-05,SKU_0099,45,0,21.0,32
2023-03-12,SKU_0099,40,0,21.0,32
2023-03-19,SKU_0099,203,0,21.0,32
2023-03-26,SKU_0099,148,0,21.0,32
2023-04-02,SKU_0099,119,0,21.0,32
2023-04-09,SKU_0099,112,0,21.0,32
2023-04-16,SKU_0099,80,0,21.0,32
2023-04-23,SKU_0099,67,0,21.0,32
2023-04-30,SKU_0099,62,0,21.0,32
2023-05-07,SKU_0099,52,0,21.0,32
2023-05-14,SKU_0099,45,0,21.0,32
2023-05-21,SKU_0099,36,0,21.0,32
2023-05-28,SKU_0099,182,0,21.0,32
2023-06-04,SKU_0099,135,0,21.0,32
2023-06-11,SKU_0099,115,0,21.0,32
2023-06-18,SKU_0099,85,0,21.0,32
2023-06-25,SKU_0099,61,0,21.0,32
2023-07-02,SKU_0099,52,0,21.0,32
2023-07-09,SKU_0099,42,0,21.0,32
2023-07-16,SKU_0099,40,0,21.0,32
2023-07-23,SKU_0099,34,0,21.0,32
2023-07-30,SKU_0099,76,0,21.0,32
2023-08-06,SKU_0099,59,0,21.0,32
2023-08-13,SKU_0099,47,0,21.0,32
2023-08-20,SKU_0099,45,0,21.0,32
2023-08-27,SKU_0099,40,0,21.0,32
2023-09-03,SKU_0099,40,0,21.0,32
2023-09-10,SKU_0099,40,0,21.0,32
2023-09-17,SKU_0099,35,0,21.0,32
2023-09-24,SKU_0099,207,0,21.0,32
2023-10-01,SKU_0099,147,0,21.0,32
2023-10-08,SKU_0099,123,0,21.0,32
2023-10-15,SKU_0099,123,0,21.0,32
2023-10-22,SKU_0099,99,0,21.0,32
2023-10-29,SKU_0099,93,0,21.0,32
2023-11-05,SKU_0099,75,0,21.0,32
2023-11-12,SKU_0099,60,0,21.0,32
2023-11-19,SKU_0099,56,0,21.0,32
2023-11-26,SKU_0099,40,0,21.0,32
2023-12-03,SKU_0099,37,0,21.0,32
2023-12-10,SKU_0099,33,0,21.0,32
2023-12-17,SKU_0099,76,0,21.0,32
2023-12-24,SKU_0099,56,0,21.0,32
2023-12-31,SKU_0099,52,0,21.0,32
2024-01-07,SKU_0099,37,0,21.0,32
2024-01-14,SKU_0099,36,0,21.0,32
2024-01-21,SKU_0099,29,82,21.0,32
2024-01-28,SKU_0099,152,0,21.0,32
2024-02-04,SKU_0099,134,0,21.0,32
2024-02-11,SKU_0099,115,0,21.0,32
2024-02-18,SKU_0099,94,0,21.0,32
2024-02-25,SKU_0099,67,0,21.0,32
2024-03-03,SKU_0099,48,0,21.0,32
2024-03-10,SKU_0099,39,0,21.0,32
2024-03-17,SKU_0099,39,0,21.0,32
2024-03-24,SKU_0099,34,0,21.0,32
2024-03-31,SKU_0099,31,135,21.0,32
2024-04-07,SKU_0099,29,124,21.0,32
2024-04-14,SKU_0099,86,0,21.0,32
2024-04-21,SKU_0099,83,0,21.0,32
2024-04-28,SKU_0099,64,0,21.0,32
2024-05-05,SKU_0099,55,0,21.0,32
2024-05-12,SKU_0099,55,0,21.0,32
2024-05-19,SKU_0099,51,0,21.0,32
2024-05-26,SKU_0099,42,0,21.0,32
2024-06-02,SKU_0099,35,0,21.0,32
2024-06-09,SKU_0099,33,0,21.0,32
2024-06-16,SKU_0099,30,70,21.0,32
2024-06-23,SKU_0099,91,0,21.0,32
2024-06-30,SKU_0099,81,0,21.0,32
2024-07-07,SKU_0099,67,0,21.0,32
2024-07-14,SKU_0099,64,0,21.0,32
2024-07-21,SKU_0099,53,0,21.0,32
2024-07-28,SKU_0099,45,0,21.0,32
2024-08-04,SKU_0099,41,0,21.0,32
2024-08-11,SKU_0099,38,0,21.0,32
2024-08-18,SKU_0099,30,67,21.0,32
2024-08-25,SKU_0099,24,167,21.0,32
2024-09-01,SKU_0099,124,0,21.0,32
2024-09-08,SKU_0099,110,0,21.0,32
2024-09-15,SKU_0099,101,0,21.0,32
2024-09-22,SKU_0099,89,0,21.0,32
2024-09-29,SKU_0099,72,0,21.0,32
2024-10-06,SKU_0099,62,0,21.0,32
2024-10-13,SKU_0099,44,0,21.0,32
2024-10-20,SKU_0099,43,0,21.0,32
2024-10-27,SKU_0099,41,0,21.0,32
2024-11-03,SKU_0099,33,0,21.0,32
2024-11-10,SKU_0099,26,55,21.0,32
2024-11-17,SKU_0099,131,0,21.0,32
2024-11-24,SKU_0099,130,0,21.0,32
2024-12-01,SKU_0099,120,0,21.0,32
2024-12-08,SKU_0099,88,0,21.0,32
2024-12-15,SKU_0099,83,0,21.0,32
2024-12-22,SKU_0099,60,0,21.0,32
2024-12-29,SKU_0099,58,0,21.0,32
2023-01-01,SKU_0100,310,0,28.0,82
2023-01-08,SKU_0100,306,0,28.0,82
2023-01-15,SKU_0100,249,0,28.0,82
2023-01-22,SKU_0100,210,0,28.0,82
2023-01-29,SKU_0100,176,0,28.0,82
2023-02-05,SKU_0100,136,0,28.0,82
2023-02-12,SKU_0100,121,0,28.0,82
2023-02-19,SKU_0100,103,0,28.0,82
2023-02-26,SKU_0100,94,0,28.0,82
2023-03-05,SKU_0100,226,0,28.0,82
2023-03-12,SKU_0100,165,0,28.0,82
2023-03-19,SKU_0100,158,0,28.0,82
2023-03-26,SKU_0100,139,0,28.0,82
2023-04-02,SKU_0100,117,0,28.0,82
2023-04-09,SKU_0100,93,0,28.0,82
2023-04-16,SKU_0100,67,138,28.0,82
2023-04-23,SKU_0100,54,135,28.0,82
2023-04-30,SKU_0100,222,0,28.0,82
2023-05-07,SKU_0100,192,0,28.0,82
2023-05-14,SKU_0100,142,0,28.0,82
2023-05-21,SKU_0100,138,0,28.0,82
2023-05-28,SKU_0100,100,0,28.0,82
2023-06-04,SKU_0100,253,0,28.0,82
2023-06-11,SKU_0100,214,0,28.0,82
2023-06-18,SKU_0100,150,0,28.0,82
2023-06-25,SKU_0100,124,0,28.0,82
2023-07-02,SKU_0100,96,0,28.0,82
2023-07-09,SKU_0100,244,0,28.0,82
2023-07-16,SKU_0100,234,0,28.0,82
2023-07-23,SKU_0100,186,0,28.0,82
2023-07-30,SKU_0100,182,0,28.0,82
2023-08-06,SKU_0100,151,0,28.0,82
2023-08-13,SKU_0100,108,0,28.0,82
2023-08-20,SKU_0100,182,0,28.0,82
2023-08-27,SKU_0100,162,0,28.0,82
2023-09-03,SKU_0100,114,0,28.0,82
2023-09-10,SKU_0100,96,0,28.0,82
2023-09-17,SKU_0100,94,0,28.0,82
2023-09-24,SKU_0100,127,0,28.0,82
2023-10-01,SKU_0100,112,0,28.0,82
2023-10-08,SKU_0100,96,0,28.0,82
2023-10-15,SKU_0100,86,0,28.0,82
2023-10-22,SKU_0100,61,151,28.0,82
2023-10-29,SKU_0100,212,0,28.0,82
2023-11-05,SKU_0100,152,0,28.0,82
2023-11-12,SKU_0100,138,0,28.0,82
2023-11-19,SKU_0100,136,0,28.0,82
2023-11-26,SKU_0100,128,0,28.0,82
2023-12-03,SKU_0100,119,0,28.0,82
2023-12-10,SKU_0100,118,0,28.0,82
2023-12-17,SKU_0100,90,0,28.0,82
2023-12-24,SKU_0100,234,0,28.0,82
2023-12-31,SKU_0100,185,0,28.0,82
2024-01-07,SKU_0100,177,0,28.0,82
2024-01-14,SKU_0100,171,0,28.0,82
2024-01-21,SKU_0100,147,0,28.0,82
2024-01-28,SKU_0100,135,0,28.0,82
2024-02-04,SKU_0100,107,0,28.0,82
2024-02-11,SKU_0100,86,0,28.0,82
2024-02-18,SKU_0100,260,0,28.0,82
2024-02-25,SKU_0100,194,0,28.0,82
2024-03-03,SKU_0100,188,0,28.0,82
2024-03-10,SKU_0100,158,0,28.0,82
2024-03-17,SKU_0100,141,0,28.0,82
2024-03-24,SKU_0100,120,0,28.0,82
2024-03-31,SKU_0100,95,0,28.0,82
2024-04-07,SKU_0100,91,0,28.0,82
2024-04-14,SKU_0100,81,80,28.0,82
2024-04-21,SKU_0100,121,0,28.0,82
2024-04-28,SKU_0100,117,0,28.0,82
2024-05-05,SKU_0100,97,0,28.0,82
2024-05-12,SKU_0100,199,0,28.0,82
2024-05-19,SKU_0100,183,0,28.0,82
2024-05-26,SKU_0100,136,0,28.0,82
2024-06-02,SKU_0100,129,0,28.0,82
2024-06-09,SKU_0100,105,0,28.0,82
2024-06-16,SKU_0100,97,0,28.0,82
2024-06-23,SKU_0100,95,0,28.0,82
2024-06-30,SKU_0100,68,118,28.0,82
2024-07-07,SKU_0100,159,0,28.0,82
2024-07-14,SKU_0100,156,0,28.0,82
2024-07-21,SKU_0100,114,0,28.0,82
2024-07-28,SKU_0100,90,0,28.0,82
2024-08-04,SKU_0100,226,0,28.0,82
2024-08-11,SKU_0100,201,0,28.0,82
2024-08-18,SKU_0100,184,0,28.0,82
2024-08-25,SKU_0100,150,0,28.0,82
2024-09-01,SKU_0100,113,0,28.0,82
2024-09-08,SKU_0100,101,0,28.0,82
2024-09-15,SKU_0100,245,0,28.0,82
2024-09-22,SKU_0100,204,0,28.0,82
2024-09-29,SKU_0100,175,0,28.0,82
2024-10-06,SKU_0100,126,0,28.0,82
2024-10-13,SKU_0100,96,0,28.0,82
2024-10-20,SKU_0100,268,0,28.0,82
2024-10-27,SKU_0100,261,0,28.0,82
2024-11-03,SKU_0100,243,0,28.0,82
2024-11-10,SKU_0100,215,0,28.0,82
2024-11-17,SKU_0100,156,0,28.0,82
2024-11-24,SKU_0100,116,0,28.0,82
2024-12-01,SKU_0100,108,0,28.0,82
2024-12-08,SKU_0100,98,0,28.0,82
2024-12-15,SKU_0100,89,0,28.0,82
2024-12-22,SKU_0100,84,0,28.0,82
2024-12-29,SKU_0100,69,110,28.0,82
2023-01-01,SKU_0101,299,0,21.0,56
2023-01-08,SKU_0101,215,0,21.0,56
2023-01-15,SKU_0101,211,0,21.0,56
2023-01-22,SKU_0101,175,0,21.0,56
2023-01-29,SKU_0101,149,0,21.0,56
2023-02-05,SKU_0101,145,0,21.0,56
2023-02-12,SKU_0101,132,0,21.0,56
2023-02-19,SKU_0101,96,0,21.0,56
2023-02-26,SKU_0101,71,0,21.0,56
2023-03-05,SKU_0101,68,0,21.0,56
2023-03-12,SKU_0101,65,0,21.0,56
2023-03-19,SKU_0101,53,163,21.0,56
2023-03-26,SKU_0101,125,0,21.0,56
2023-04-02,SKU_0101,119,0,21.0,56
2023-04-09,SKU_0101,91,0,21.0,56
2023-04-16,SKU_0101,64,0,21.0,56
2023-04-23,SKU_0101,49,135,21.0,56
2023-04-30,SKU_0101,169,0,21.0,56
2023-05-07,SKU_0101,159,0,21.0,56
2023-05-14,SKU_0101,147,0,21.0,56
2023-05-21,SKU_0101,109,0,21.0,56
2023-05-28,SKU_0101,105,0,21.0,56
2023-06-04,SKU_0101,80,0,21.0,56
2023-06-11,SKU_0101,71,0,21.0,56
2023-06-18,SKU_0101,57,0,21.0,56
2023-06-25,SKU_0101,51,72,21.0,56
2023-07-02,SKU_0101,42,181,21.0,56
2023-07-09,SKU_0101,218,0,21.0,56
2023-07-16,SKU_0101,180,0,21.0,56
2023-07-23,SKU_0101,128,0,21.0,56
2023-07-30,SKU_0101,126,0,21.0,56
2023-08-06,SKU_0101,111,0,21.0,56
2023-08-13,SKU_0101,89,0,21.0,56
2023-08-20,SKU_0101,85,0,21.0,56
2023-08-27,SKU_0101,62,0,21.0,56
2023-09-03,SKU_0101,54,101,21.0,56
2023-09-10,SKU_0101,38,55,21.0,56
2023-09-17,SKU_0101,199,0,21.0,56
2023-09-24,SKU_0101,154,0,21.0,56
2023-10-01,SKU_0101,152,0,21.0,56
2023-10-08,SKU_0101,110,0,21.0,56
2023-10-15,SKU_0101,81,0,21.0,56
2023-10-22,SKU_0101,63,0,21.0,56
2023-10-29,SKU_0101,57,0,21.0,56
2023-11-05,SKU_0101,56,0,21.0,56
2023-11-12,SKU_0101,104,0,21.0,56
2023-11-19,SKU_0101,81,0,21.0,56
2023-11-26,SKU_0101,78,0,21.0,56
2023-12-03,SKU_0101,77,0,21.0,56
2023-12-10,SKU_0101,54,191,21.0,56
2023-12-17,SKU_0101,51,96,21.0,56
2023-12-24,SKU_0101,168,0,21.0,56
2023-12-31,SKU_0101,167,0,21.0,56
2024-01-07,SKU_0101,162,0,21.0,56
2024-01-14,SKU_0101,155,0,21.0,56
2024-01-21,SKU_0101,110,0,21.0,56
2024-01-28,SKU_0101,86,0,21.0,56
2024-02-04,SKU_0101,63,0,21.0,56
2024-02-11,SKU_0101,148,0,21.0,56
2024-02-18,SKU_0101,145,0,21.0,56
2024-02-25,SKU_0101,115,0,21.0,56
2024-03-03,SKU_0101,96,0,21.0,56
2024-03-10,SKU_0101,91,0,21.0,56
2024-03-17,SKU_0101,74,0,21.0,56
2024-03-24,SKU_0101,60,0,21.0,56
2024-03-31,SKU_0101,168,0,21.0,56
2024-04-07,SKU_0101,151,0,21.0,56
2024-04-14,SKU_0101,113,0,21.0,56
2024-04-21,SKU_0101,84,0,21.0,56
2024-04-28,SKU_0101,59,0,21.0,56
2024-05-05,SKU_0101,230,0,21.0,56
2024-05-12,SKU_0101,174,0,21.0,56
2024-05-19,SKU_0101,133,0,21.0,56
2024-05-26,SKU_0101,107,0,21.0,56
2024-06-02,SKU_0101,104,0,21.0,56
2024-06-09,SKU_0101,80,0,21.0,56
2024-06-16,SKU_0101,59,0,21.0,56
2024-06-23,SKU_0101,47,87,21.0,56
2024-06-30,SKU_0101,34,150,21.0,56
2024-07-07,SKU_0101,137,0,21.0,56
2024-07-14,SKU_0101,96,0,21.0,56
2024-07-21,SKU_0101,85,0,21.0,56
2024-07-28,SKU_0101,84,0,21.0,56
2024-08-04,SKU_0101,63,0,21.0,56
2024-08-11,SKU_0101,62,0,21.0,56
2024-08-18,SKU_0101,54,114,21.0,56
2024-08-25,SKU_0101,38,100,21.0,56
2024-09-01,SKU_0101,38,133,21.0,56
2024-09-08,SKU_0101,170,0,21.0,56
2024-09-15,SKU_0101,120,0,21.0,56
2024-09-22,SKU_0101,111,0,21.0,56
2024-09-29,SKU_0101,100,0,21.0,56
2024-10-06,SKU_0101,94,0,21.0,56
2024-10-13,SKU_0101,66,0,21.0,56
2024-10-20,SKU_0101,58,0,21.0,56
2024-10-27,SKU_0101,123,0,21.0,56
2024-11-03,SKU_0101,90,0,21.0,56
2024-11-10,SKU_0101,84,0,21.0,56
2024-11-17,SKU_0101,81,0,21.0,56
2024-11-24,SKU_0101,71,0,21.0,56
2024-12-01,SKU_0101,57,0,21.0,56
2024-12-08,SKU_0101,48,87,21.0,56
2024-12-15,SKU_0101,34,93,21.0,56
2024-12-22,SKU_0101,29,51,21.0,56
2024-12-29,SKU_0101,74,0,21.0,56
2023-01-01,SKU_0102,114,0,28.0,44
2023-01-08,SKU_0102,105,0,28.0,44
2023-01-15,SKU_0102,78,0,28.0,44
2023-01-22,SKU_0102,77,0,28.0,44
2023-01-29,SKU_0102,75,0,28.0,44
2023-02-05,SKU_0102,62,0,28.0,44
2023-02-12,SKU_0102,57,0,28.0,44
2023-02-19,SKU_0102,47,0,28.0,44
2023-02-26,SKU_0102,183,0,28.0,44
2023-03-05,SKU_0102,156,0,28.0,44
2023-03-12,SKU_0102,155,0,28.0,44
2023-03-19,SKU_0102,129,0,28.0,44
2023-03-26,SKU_0102,101,0,28.0,44
2023-04-02,SKU_0102,82,0,28.0,44
2023-04-09,SKU_0102,80,0,28.0,44
2023-04-16,SKU_0102,79,0,28.0,44
2023-04-23,SKU_0102,77,0,28.0,44
2023-04-30,SKU_0102,67,0,28.0,44
2023-05-07,SKU_0102,59,0,28.0,44
2023-05-14,SKU_0102,45,0,28.0,44
2023-05-21,SKU_0102,43,51,28.0,44
2023-05-28,SKU_0102,31,159,28.0,44
2023-06-04,SKU_0102,27,193,28.0,44
2023-06-11,SKU_0102,166,0,28.0,44
2023-06-18,SKU_0102,138,0,28.0,44
2023-06-25,SKU_0102,132,0,28.0,44
2023-07-02,SKU_0102,120,0,28.0,44
2023-07-09,SKU_0102,102,0,28.0,44
2023-07-16,SKU_0102,96,0,28.0,44
2023-07-23,SKU_0102,81,0,28.0,44
2023-07-30,SKU_0102,70,0,28.0,44
2023-08-06,SKU_0102,69,0,28.0,44
2023-08-13,SKU_0102,65,0,28.0,44
2023-08-20,SKU_0102,60,0,28.0,44
2023-08-27,SKU_0102,42,142,28.0,44
2023-09-03,SKU_0102,165,0,28.0,44
2023-09-10,SKU_0102,165,0,28.0,44
2023-09-17,SKU_0102,163,0,28.0,44
2023-09-24,SKU_0102,143,0,28.0,44
2023-10-01,SKU_0102,133,0,28.0,44
2023-10-08,SKU_0102,103,0,28.0,44
2023-10-15,SKU_0102,83,0,28.0,44
2023-10-22,SKU_0102,60,0,28.0,44
2023-10-29,SKU_0102,55,0,28.0,44
2023-11-05,SKU_0102,50,0,28.0,44
2023-11-12,SKU_0102,50,0,28.0,44
2023-11-19,SKU_0102,38,80,28.0,44
2023-11-26,SKU_0102,176,0,28.0,44
2023-12-03,SKU_0102,165,0,28.0,44
2023-12-10,SKU_0102,150,0,28.0,44
2023-12-17,SKU_0102,150,0,28.0,44
2023-12-24,SKU_0102,125,0,28.0,44
2023-12-31,SKU_0102,115,0,28.0,44
2024-01-07,SKU_0102,92,0,28.0,44
2024-01-14,SKU_0102,84,0,28.0,44
2024-01-21,SKU_0102,83,0,28.0,44
2024-01-28,SKU_0102,71,0,28.0,44
2024-02-04,SKU_0102,66,0,28.0,44
2024-02-11,SKU_0102,55,0,28.0,44
2024-02-18,SKU_0102,43,100,28.0,44
2024-02-25,SKU_0102,37,123,28.0,44
2024-03-03,SKU_0102,29,95,28.0,44
2024-03-10,SKU_0102,149,0,28.0,44
2024-03-17,SKU_0102,119,0,28.0,44
2024-03-24,SKU_0102,117,0,28.0,44
2024-03-31,SKU_0102,82,0,28.0,44
2024-04-07,SKU_0102,75,0,28.0,44
2024-04-14,SKU_0102,69,0,28.0,44
2024-04-21,SKU_0102,55,0,28.0,44
2024-04-28,SKU_0102,162,0,28.0,44
2024-05-05,SKU_0102,151,0,28.0,44
2024-05-12,SKU_0102,142,0,28.0,44
2024-05-19,SKU_0102,124,0,28.0,44
2024-05-26,SKU_0102,105,0,28.0,44
2024-06-02,SKU_0102,79,0,28.0,44
2024-06-09,SKU_0102,66,0,28.0,44
2024-06-16,SKU_0102,65,0,28.0,44
2024-06-23,SKU_0102,53,0,28.0,44
2024-06-30,SKU_0102,46,0,28.0,44
2024-07-07,SKU_0102,197,0,28.0,44
2024-07-14,SKU_0102,196,0,28.0,44
2024-07-21,SKU_0102,164,0,28.0,44
2024-07-28,SKU_0102,120,0,28.0,44
2024-08-04,SKU_0102,97,0,28.0,44
2024-08-11,SKU_0102,94,0,28.0,44
2024-08-18,SKU_0102,86,0,28.0,44
2024-08-25,SKU_0102,82,0,28.0,44
2024-09-01,SKU_0102,74,0,28.0,44
2024-09-08,SKU_0102,61,0,28.0,44
2024-09-15,SKU_0102,44,0,28.0,44
2024-09-22,SKU_0102,147,0,28.0,44
2024-09-29,SKU_0102,131,0,28.0,44
2024-10-06,SKU_0102,93,0,28.0,44
2024-10-13,SKU_0102,76,0,28.0,44
2024-10-20,SKU_0102,54,0,28.0,44
2024-10-27,SKU_0102,50,0,28.0,44
2024-11-03,SKU_0102,36,119,28.0,44
2024-11-10,SKU_0102,113,0,28.0,44
2024-11-17,SKU_0102,108,0,28.0,44
2024-11-24,SKU_0102,90,0,28.0,44
2024-12-01,SKU_0102,90,0,28.0,44
2024-12-08,SKU_0102,66,0,28.0,44
2024-12-15,SKU_0102,51,0,28.0,44
2024-12-22,SKU_0102,40,153,28.0,44
2024-12-29,SKU_0102,33,168,28.0,44
2023-01-01,SKU_0103,117,0,14.0,50
2023-01-08,SKU_0103,111,0,14.0,50
2023-01-15,SKU_0103,85,0,14.0,50
2023-01-22,SKU_0103,79,0,14.0,50
2023-01-29,SKU_0103,68,0,14.0,50
2023-02-05,SKU_0103,66,0,14.0,50
2023-02-12,SKU_0103,64,0,14.0,50
2023-02-19,SKU_0103,51,0,14.0,50
2023-02-26,SKU_0103,45,73,14.0,50
2023-03-05,SKU_0103,40,52,14.0,50
2023-03-12,SKU_0103,40,110,14.0,50
2023-03-19,SKU_0103,33,179,14.0,50
2023-03-26,SKU_0103,26,67,14.0,50
2023-04-02,SKU_0103,186,0,14.0,50
2023-04-09,SKU_0103,170,0,14.0,50
2023-04-16,SKU_0103,134,0,14.0,50
2023-04-23,SKU_0103,117,0,14.0,50
2023-04-30,SKU_0103,82,0,14.0,50
2023-05-07,SKU_0103,77,0,14.0,50
2023-05-14,SKU_0103,54,0,14.0,50
2023-05-21,SKU_0103,48,135,14.0,50
2023-05-28,SKU_0103,148,0,14.0,50
2023-06-04,SKU_0103,133,0,14.0,50
2023-06-11,SKU_0103,130,0,14.0,50
2023-06-18,SKU_0103,114,0,14.0,50
2023-06-25,SKU_0103,96,0,14.0,50
2023-07-02,SKU_0103,85,0,14.0,50
2023-07-09,SKU_0103,73,0,14.0,50
2023-07-16,SKU_0103,59,0,14.0,50
2023-07-23,SKU_0103,54,0,14.0,50
2023-07-30,SKU_0103,52,0,14.0,50
2023-08-06,SKU_0103,234,0,14.0,50
2023-08-13,SKU_0103,205,0,14.0,50
2023-08-20,SKU_0103,204,0,14.0,50
2023-08-27,SKU_0103,158,0,14.0,50
2023-09-03,SKU_0103,124,0,14.0,50
2023-09-10,SKU_0103,90,0,14.0,50
2023-09-17,SKU_0103,67,0,14.0,50
2023-09-24,SKU_0103,65,0,14.0,50
2023-10-01,SKU_0103,46,138,14.0,50
2023-10-08,SKU_0103,230,0,14.0,50
2023-10-15,SKU_0103,230,0,14.0,50
2023-10-22,SKU_0103,174,0,14.0,50
2023-10-29,SKU_0103,149,0,14.0,50
2023-11-05,SKU_0103,118,0,14.0,50
2023-11-12,SKU_0103,114,0,14.0,50
2023-11-19,SKU_0103,92,0,14.0,50
2023-11-26,SKU_0103,71,0,14.0,50
2023-12-03,SKU_0103,71,0,14.0,50
2023-12-10,SKU_0103,70,0,14.0,50
2023-12-17,SKU_0103,60,0,14.0,50
2023-12-24,SKU_0103,55,0,14.0,50
2023-12-31,SKU_0103,44,148,14.0,50
2024-01-07,SKU_0103,91,0,14.0,50
2024-01-14,SKU_0103,65,0,14.0,50
2024-01-21,SKU_0103,58,0,14.0,50
2024-01-28,SKU_0103,48,97,14.0,50
2024-02-04,SKU_0103,46,122,14.0,50
2024-02-11,SKU_0103,38,167,14.0,50
2024-02-18,SKU_0103,35,196,14.0,50
2024-02-25,SKU_0103,100,0,14.0,50
2024-03-03,SKU_0103,78,0,14.0,50
2024-03-10,SKU_0103,58,0,14.0,50
2024-03-17,SKU_0103,51,0,14.0,50
2024-03-24,SKU_0103,50,0,14.0,50
2024-03-31,SKU_0103,50,0,14.0,50
2024-04-07,SKU_0103,136,0,14.0,50
2024-04-14,SKU_0103,125,0,14.0,50
2024-04-21,SKU_0103,101,0,14.0,50
2024-04-28,SKU_0103,71,0,14.0,50
2024-05-05,SKU_0103,66,0,14.0,50
2024-05-12,SKU_0103,49,89,14.0,50
2024-05-19,SKU_0103,46,87,14.0,50
2024-05-26,SKU_0103,106,0,14.0,50
2024-06-02,SKU_0103,92,0,14.0,50
2024-06-09,SKU_0103,87,0,14.0,50
2024-06-16,SKU_0103,62,0,14.0,50
2024-06-23,SKU_0103,52,0,14.0,50
2024-06-30,SKU_0103,213,0,14.0,50
2024-07-07,SKU_0103,181,0,14.0,50
2024-07-14,SKU_0103,130,0,14.0,50
2024-07-21,SKU_0103,100,0,14.0,50
2024-07-28,SKU_0103,79,0,14.0,50
2024-08-04,SKU_0103,79,0,14.0,50
2024-08-11,SKU_0103,56,0,14.0,50
2024-08-18,SKU_0103,48,139,14.0,50
2024-08-25,SKU_0103,170,0,14.0,50
2024-09-01,SKU_0103,156,0,14.0,50
2024-09-08,SKU_0103,122,0,14.0,50
2024-09-15,SKU_0103,111,0,14.0,50
2024-09-22,SKU_0103,105,0,14.0,50
2024-09-29,SKU_0103,92,0,14.0,50
2024-10-06,SKU_0103,90,0,14.0,50
2024-10-13,SKU_0103,87,0,14.0,50
2024-10-20,SKU_0103,68,0,14.0,50
2024-10-27,SKU_0103,53,0,14.0,50
2024-11-03,SKU_0103,43,85,14.0,50
2024-11-10,SKU_0103,40,198,14.0,50
2024-11-17,SKU_0103,32,169,14.0,50
2024-11-24,SKU_0103,218,0,14.0,50
2024-12-01,SKU_0103,218,0,14.0,50
2024-12-08,SKU_0103,194,0,14.0,50
2024-12-15,SKU_0103,175,0,14.0,50
2024-12-22,SKU_0103,127,0,14.0,50
2024-12-29,SKU_0103,108,0,14.0,50
2023-01-01,SKU_0104,94,0,7.0,47
2023-01-08,SKU_0104,85,0,7.0,47
2023-01-15,SKU_0104,78,0,7.0,47
2023-01-22,SKU_0104,77,0,7.0,47
2023-01-29,SKU_0104,73,0,7.0,47
2023-02-05,SKU_0104,60,0,7.0,47
2023-02-12,SKU_0104,50,0,7.0,47
2023-02-19,SKU_0104,37,55,7.0,47
2023-02-26,SKU_0104,29,154,7.0,47
2023-03-05,SKU_0104,187,0,7.0,47
2023-03-12,SKU_0104,151,0,7.0,47
2023-03-19,SKU_0104,141,0,7.0,47
2023-03-26,SKU_0104,111,0,7.0,47
2023-04-02,SKU_0104,87,0,7.0,47
2023-04-09,SKU_0104,69,0,7.0,47
2023-04-16,SKU_0104,59,0,7.0,47
2023-04-23,SKU_0104,45,199,7.0,47
2023-04-30,SKU_0104,129,0,7.0,47
2023-05-07,SKU_0104,117,0,7.0,47
2023-05-14,SKU_0104,96,0,7.0,47
2023-05-21,SKU_0104,93,0,7.0,47
2023-05-28,SKU_0104,66,0,7.0,47
2023-06-04,SKU_0104,47,0,7.0,47
2023-06-11,SKU_0104,42,174,7.0,47
2023-06-18,SKU_0104,35,64,7.0,47
2023-06-25,SKU_0104,31,129,7.0,47
2023-07-02,SKU_0104,29,78,7.0,47
2023-07-09,SKU_0104,84,0,7.0,47
2023-07-16,SKU_0104,68,0,7.0,47
2023-07-23,SKU_0104,57,0,7.0,47
2023-07-30,SKU_0104,57,0,7.0,47
2023-08-06,SKU_0104,51,0,7.0,47
2023-08-13,SKU_0104,49,0,7.0,47
2023-08-20,SKU_0104,35,83,7.0,47
2023-08-27,SKU_0104,212,0,7.0,47
2023-09-03,SKU_0104,166,0,7.0,47
2023-09-10,SKU_0104,163,0,7.0,47
2023-09-17,SKU_0104,118,0,7.0,47
2023-09-24,SKU_0104,94,0,7.0,47
2023-10-01,SKU_0104,94,0,7.0,47
2023-10-08,SKU_0104,68,0,7.0,47
2023-10-15,SKU_0104,50,0,7.0,47
2023-10-22,SKU_0104,40,153,7.0,47
2023-10-29,SKU_0104,207,0,7.0,47
2023-11-05,SKU_0104,185,0,7.0,47
2023-11-12,SKU_0104,155,0,7.0,47
2023-11-19,SKU_0104,150,0,7.0,47
2023-11-26,SKU_0104,140,0,7.0,47
2023-12-03,SKU_0104,131,0,7.0,47
2023-12-10,SKU_0104,120,0,7.0,47
2023-12-17,SKU_0104,93,0,7.0,47
2023-12-24,SKU_0104,83,0,7.0,47
2023-12-31,SKU_0104,64,0,7.0,47
2024-01-07,SKU_0104,49,0,7.0,47
2024-01-14,SKU_0104,43,167,7.0,47
2024-01-21,SKU_0104,122,0,7.0,47
2024-01-28,SKU_0104,92,0,7.0,47
2024-02-04,SKU_0104,75,0,7.0,47
2024-02-11,SKU_0104,69,0,7.0,47
2024-02-18,SKU_0104,69,0,7.0,47
2024-02-25,SKU_0104,52,0,7.0,47
2024-03-03,SKU_0104,121,0,7.0,47
2024-03-10,SKU_0104,119,0,7.0,47
2024-03-17,SKU_0104,95,0,7.0,47
2024-03-24,SKU_0104,92,0,7.0,47
2024-03-31,SKU_0104,86,0,7.0,47
2024-04-07,SKU_0104,80,0,7.0,47
2024-04-14,SKU_0104,72,0,7.0,47
2024-04-21,SKU_0104,51,0,7.0,47
2024-04-28,SKU_0104,50,0,7.0,47
2024-05-05,SKU_0104,197,0,7.0,47
2024-05-12,SKU_0104,196,0,7.0,47
2024-05-19,SKU_0104,142,0,7.0,47
2024-05-26,SKU_0104,124,0,7.0,47
2024-06-02,SKU_0104,115,0,7.0,47
2024-06-09,SKU_0104,95,0,7.0,47
2024-06-16,SKU_0104,89,0,7.0,47
2024-06-23,SKU_0104,79,0,7.0,47
2024-06-30,SKU_0104,66,0,7.0,47
2024-07-07,SKU_0104,62,0,7.0,47
2024-07-14,SKU_0104,61,0,7.0,47
2024-07-21,SKU_0104,100,0,7.0,47
2024-07-28,SKU_0104,80,0,7.0,47
2024-08-04,SKU_0104,67,0,7.0,47
2024-08-11,SKU_0104,51,0,7.0,47
2024-08-18,SKU_0104,48,0,7.0,47
2024-08-25,SKU_0104,163,0,7.0,47
2024-09-01,SKU_0104,117,0,7.0,47
2024-09-08,SKU_0104,89,0,7.0,47
2024-09-15,SKU_0104,73,0,7.0,47
2024-09-22,SKU_0104,52,0,7.0,47
2024-09-29,SKU_0104,40,64,7.0,47
2024-10-06,SKU_0104,38,113,7.0,47
2024-10-13,SKU_0104,36,61,7.0,47
2024-10-20,SKU_0104,30,84,7.0,47
2024-10-27,SKU_0104,30,194,7.0,47
2024-11-03,SKU_0104,116,0,7.0,47
2024-11-10,SKU_0104,103,0,7.0,47
2024-11-17,SKU_0104,97,0,7.0,47
2024-11-24,SKU_0104,92,0,7.0,47
2024-12-01,SKU_0104,75,0,7.0,47
2024-12-08,SKU_0104,56,0,7.0,47
2024-12-15,SKU_0104,47,0,7.0,47
2024-12-22,SKU_0104,176,0,7.0,47
2024-12-29,SKU_0104,159,0,7.0,47
2023-01-01,SKU_0105,320,0,21.0,23
2023-01-08,SKU_0105,293,0,21.0,23
2023-01-15,SKU_0105,281,0,21.0,23
2023-01-22,SKU_0105,215,0,21.0,23
2023-01-29,SKU_0105,159,0,21.0,23
2023-02-05,SKU_0105,118,0,21.0,23
2023-02-12,SKU_0105,85,0,21.0,23
2023-02-19,SKU_0105,85,0,21.0,23
2023-02-26,SKU_0105,66,0,21.0,23
2023-03-05,SKU_0105,55,0,21.0,23
2023-03-12,SKU_0105,52,0,21.0,23
2023-03-19,SKU_0105,37,0,21.0,23
2023-03-26,SKU_0105,28,0,21.0,23
2023-04-02,SKU_0105,27,0,21.0,23
2023-04-09,SKU_0105,75,0,21.0,23
2023-04-16,SKU_0105,70,0,21.0,23
2023-04-23,SKU_0105,49,0,21.0,23
2023-04-30,SKU_0105,36,0,21.0,23
2023-05-07,SKU_0105,31,0,21.0,23
2023-05-14,SKU_0105,31,0,21.0,23
2023-05-21,SKU_0105,107,0,21.0,23
2023-05-28,SKU_0105,91,0,21.0,23
2023-06-04,SKU_0105,91,0,21.0,23
2023-06-11,SKU_0105,68,0,21.0,23
2023-06-18,SKU_0105,65,0,21.0,23
2023-06-25,SKU_0105,52,0,21.0,23
2023-07-02,SKU_0105,43,0,21.0,23
2023-07-09,SKU_0105,31,0,21.0,23
2023-07-16,SKU_0105,31,0,21.0,23
2023-07-23,SKU_0105,28,0,21.0,23
2023-07-30,SKU_0105,28,0,21.0,23
2023-08-06,SKU_0105,28,0,21.0,23
2023-08-13,SKU_0105,175,0,21.0,23
2023-08-20,SKU_0105,155,0,21.0,23
2023-08-27,SKU_0105,138,0,21.0,23
2023-09-03,SKU_0105,118,0,21.0,23
2023-09-10,SKU_0105,92,0,21.0,23
2023-09-17,SKU_0105,70,0,21.0,23
2023-09-24,SKU_0105,58,0,21.0,23
2023-10-01,SKU_0105,48,0,21.0,23
2023-10-08,SKU_0105,37,0,21.0,23
2023-10-15,SKU_0105,29,0,21.0,23
2023-10-22,SKU_0105,22,59,21.0,23
2023-10-29,SKU_0105,132,0,21.0,23
2023-11-05,SKU_0105,124,0,21.0,23
2023-11-12,SKU_0105,111,0,21.0,23
2023-11-19,SKU_0105,85,0,21.0,23
2023-11-26,SKU_0105,78,0,21.0,23
2023-12-03,SKU_0105,57,0,21.0,23
2023-12-10,SKU_0105,49,0,21.0,23
2023-12-17,SKU_0105,48,0,21.0,23
2023-12-24,SKU_0105,48,0,21.0,23
2023-12-31,SKU_0105,39,0,21.0,23
2024-01-07,SKU_0105,39,0,21.0,23
2024-01-14,SKU_0105,36,0,21.0,23
2024-01-21,SKU_0105,28,0,21.0,23
2024-01-28,SKU_0105,24,0,21.0,23
2024-02-04,SKU_0105,23,0,21.0,23
2024-02-11,SKU_0105,19,116,21.0,23
2024-02-18,SKU_0105,17,152,21.0,23
2024-02-25,SKU_0105,17,77,21.0,23
2024-03-03,SKU_0105,160,0,21.0,23
2024-03-10,SKU_0105,131,0,21.0,23
2024-03-17,SKU_0105,120,0,21.0,23
2024-03-24,SKU_0105,117,0,21.0,23
2024-03-31,SKU_0105,109,0,21.0,23
2024-04-07,SKU_0105,88,0,21.0,23
2024-04-14,SKU_0105,73,0,21.0,23
2024-04-21,SKU_0105,63,0,21.0,23
2024-04-28,SKU_0105,60,0,21.0,23
2024-05-05,SKU_0105,42,0,21.0,23
2024-05-12,SKU_0105,30,0,21.0,23
2024-05-19,SKU_0105,24,0,21.0,23
2024-05-26,SKU_0105,20,189,21.0,23
2024-06-02,SKU_0105,131,0,21.0,23
2024-06-09,SKU_0105,109,0,21.0,23
2024-06-16,SKU_0105,96,0,21.0,23
2024-06-23,SKU_0105,82,0,21.0,23
2024-06-30,SKU_0105,71,0,21.0,23
2024-07-07,SKU_0105,65,0,21.0,23
2024-07-14,SKU_0105,56,0,21.0,23
2024-07-21,SKU_0105,43,0,21.0,23
2024-07-28,SKU_0105,34,0,21.0,23
2024-08-04,SKU_0105,29,0,21.0,23
2024-08-11,SKU_0105,21,89,21.0,23
2024-08-18,SKU_0105,158,0,21.0,23
2024-08-25,SKU_0105,133,0,21.0,23
2024-09-01,SKU_0105,133,0,21.0,23
2024-09-08,SKU_0105,128,0,21.0,23
2024-09-15,SKU_0105,95,0,21.0,23
2024-09-22,SKU_0105,67,0,21.0,23
2024-09-29,SKU_0105,51,0,21.0,23
2024-10-06,SKU_0105,37,0,21.0,23
2024-10-13,SKU_0105,28,0,21.0,23
2024-10-20,SKU_0105,205,0,21.0,23
2024-10-27,SKU_0105,166,0,21.0,23
2024-11-03,SKU_0105,131,0,21.0,23
2024-11-10,SKU_0105,96,0,21.0,23
2024-11-17,SKU_0105,83,0,21.0,23
2024-11-24,SKU_0105,67,0,21.0,23
2024-12-01,SKU_0105,52,0,21.0,23
2024-12-08,SKU_0105,45,0,21.0,23
2024-12-15,SKU_0105,32,0,21.0,23
2024-12-22,SKU_0105,27,0,21.0,23
2024-12-29,SKU_0105,126,0,21.0,23
2023-01-01,SKU_0106,72,0,7.0,20
2023-01-08,SKU_0106,57,0,7.0,20
2023-01-15,SKU_0106,47,0,7.0,20
2023-01-22,SKU_0106,38,0,7.0,20
2023-01-29,SKU_0106,33,0,7.0,20
2023-02-05,SKU_0106,28,0,7.0,20
2023-02-12,SKU_0106,26,0,7.0,20
2023-02-19,SKU_0106,24,0,7.0,20
2023-02-26,SKU_0106,23,0,7.0,20
2023-03-05,SKU_0106,17,79,7.0,20
2023-03-12,SKU_0106,12,71,7.0,20
2023-03-19,SKU_0106,175,0,7.0,20
2023-03-26,SKU_0106,163,0,7.0,20
2023-04-02,SKU_0106,125,0,7.0,20
2023-04-09,SKU_0106,122,0,7.0,20
2023-04-16,SKU_0106,115,0,7.0,20
2023-04-23,SKU_0106,95,0,7.0,20
2023-04-30,SKU_0106,68,0,7.0,20
2023-05-07,SKU_0106,54,0,7.0,20
2023-05-14,SKU_0106,50,0,7.0,20
2023-05-21,SKU_0106,43,0,7.0,20
2023-05-28,SKU_0106,34,0,7.0,20
2023-06-04,SKU_0106,34,0,7.0,20
2023-06-11,SKU_0106,34,0,7.0,20
2023-06-18,SKU_0106,31,0,7.0,20
2023-06-25,SKU_0106,23,0,7.0,20
2023-07-02,SKU_0106,20,0,7.0,20
2023-07-09,SKU_0106,16,146,7.0,20
2023-07-16,SKU_0106,206,0,7.0,20
2023-07-23,SKU_0106,185,0,7.0,20
2023-07-30,SKU_0106,177,0,7.0,20
2023-08-06,SKU_0106,161,0,7.0,20
2023-08-13,SKU_0106,151,0,7.0,20
2023-08-20,SKU_0106,115,0,7.0,20
2023-08-27,SKU_0106,82,0,7.0,20
2023-09-03,SKU_0106,81,0,7.0,20
2023-09-10,SKU_0106,70,0,7.0,20
2023-09-17,SKU_0106,60,0,7.0,20
2023-09-24,SKU_0106,43,0,7.0,20
2023-10-01,SKU_0106,34,0,7.0,20
2023-10-08,SKU_0106,29,0,7.0,20
2023-10-15,SKU_0106,22,0,7.0,20
2023-10-22,SKU_0106,142,0,7.0,20
2023-10-29,SKU_0106,134,0,7.0,20
2023-11-05,SKU_0106,94,0,7.0,20
2023-11-12,SKU_0106,86,0,7.0,20
2023-11-19,SKU_0106,63,0,7.0,20
2023-11-26,SKU_0106,54,0,7.0,20
2023-12-03,SKU_0106,46,0,7.0,20
2023-12-10,SKU_0106,37,0,7.0,20
2023-12-17,SKU_0106,37,0,7.0,20
2023-12-24,SKU_0106,37,0,7.0,20
2023-12-31,SKU_0106,37,0,7.0,20
2024-01-07,SKU_0106,29,0,7.0,20
2024-01-14,SKU_0106,26,0,7.0,20
2024-01-21,SKU_0106,22,0,7.0,20
2024-01-28,SKU_0106,16,101,7.0,20
2024-02-04,SKU_0106,136,0,7.0,20
2024-02-11,SKU_0106,123,0,7.0,20
2024-02-18,SKU_0106,119,0,7.0,20
2024-02-25,SKU_0106,105,0,7.0,20
2024-03-03,SKU_0106,101,0,7.0,20
2024-03-10,SKU_0106,98,0,7.0,20
2024-03-17,SKU_0106,85,0,7.0,20
2024-03-24,SKU_0106,61,0,7.0,20
2024-03-31,SKU_0106,45,0,7.0,20
2024-04-07,SKU_0106,44,0,7.0,20
2024-04-14,SKU_0106,41,0,7.0,20
2024-04-21,SKU_0106,33,0,7.0,20
2024-04-28,SKU_0106,24,0,7.0,20
2024-05-05,SKU_0106,20,0,7.0,20
2024-05-12,SKU_0106,19,57,7.0,20
2024-05-19,SKU_0106,130,0,7.0,20
2024-05-26,SKU_0106,97,0,7.0,20
2024-06-02,SKU_0106,81,0,7.0,20
2024-06-09,SKU_0106,79,0,7.0,20
2024-06-16,SKU_0106,71,0,7.0,20
2024-06-23,SKU_0106,55,0,7.0,20
2024-06-30,SKU_0106,41,0,7.0,20
2024-07-07,SKU_0106,40,0,7.0,20
2024-07-14,SKU_0106,34,0,7.0,20
2024-07-21,SKU_0106,25,0,7.0,20
2024-07-28,SKU_0106,92,0,7.0,20
2024-08-04,SKU_0106,73,0,7.0,20
2024-08-11,SKU_0106,64,0,7.0,20
2024-08-18,SKU_0106,61,0,7.0,20
2024-08-25,SKU_0106,51,0,7.0,20
2024-09-01,SKU_0106,46,0,7.0,20
2024-09-08,SKU_0106,36,0,7.0,20
2024-09-15,SKU_0106,32,0,7.0,20
2024-09-22,SKU_0106,24,0,7.0,20
2024-09-29,SKU_0106,20,0,7.0,20
2024-10-06,SKU_0106,102,0,7.0,20
2024-10-13,SKU_0106,102,0,7.0,20
2024-10-20,SKU_0106,77,0,7.0,20
2024-10-27,SKU_0106,56,0,7.0,20
2024-11-03,SKU_0106,46,0,7.0,20
2024-11-10,SKU_0106,46,0,7.0,20
2024-11-17,SKU_0106,45,0,7.0,20
2024-11-24,SKU_0106,33,0,7.0,20
2024-12-01,SKU_0106,30,0,7.0,20
2024-12-08,SKU_0106,23,0,7.0,20
2024-12-15,SKU_0106,21,0,7.0,20
2024-12-22,SKU_0106,20,0,7.0,20
2024-12-29,SKU_0106,133,0,7.0,20
2023-01-01,SKU_0107,279,0,28.0,27
2023-01-08,SKU_0107,209,0,28.0,27
2023-01-15,SKU_0107,167,0,28.0,27
2023-01-22,SKU_0107,127,0,28.0,27
2023-01-29,SKU_0107,105,0,28.0,27
2023-02-05,SKU_0107,88,0,28.0,27
2023-02-12,SKU_0107,84,0,28.0,27
2023-02-19,SKU_0107,83,0,28.0,27
2023-02-26,SKU_0107,65,0,28.0,27
2023-03-05,SKU_0107,52,0,28.0,27
2023-03-12,SKU_0107,37,0,28.0,27
2023-03-19,SKU_0107,36,0,28.0,27
2023-03-26,SKU_0107,31,0,28.0,27
2023-04-02,SKU_0107,108,0,28.0,27
2023-04-09,SKU_0107,96,0,28.0,27
2023-04-16,SKU_0107,70,0,28.0,27
2023-04-23,SKU_0107,49,0,28.0,27
2023-04-30,SKU_0107,48,0,28.0,27
2023-05-07,SKU_0107,43,0,28.0,27
2023-05-14,SKU_0107,33,0,28.0,27
2023-05-21,SKU_0107,26,100,28.0,27
2023-05-28,SKU_0107,208,0,28.0,27
2023-06-04,SKU_0107,150,0,28.0,27
2023-06-11,SKU_0107,112,0,28.0,27
2023-06-18,SKU_0107,108,0,28.0,27
2023-06-25,SKU_0107,97,0,28.0,27
2023-07-02,SKU_0107,96,0,28.0,27
2023-07-09,SKU_0107,79,0,28.0,27
2023-07-16,SKU_0107,57,0,28.0,27
2023-07-23,SKU_0107,54,0,28.0,27
2023-07-30,SKU_0107,40,0,28.0,27
2023-08-06,SKU_0107,31,0,28.0,27
2023-08-13,SKU_0107,29,0,28.0,27
2023-08-20,SKU_0107,28,0,28.0,27
2023-08-27,SKU_0107,26,151,28.0,27
2023-09-03,SKU_0107,202,0,28.0,27
2023-09-10,SKU_0107,155,0,28.0,27
2023-09-17,SKU_0107,143,0,28.0,27
2023-09-24,SKU_0107,124,0,28.0,27
2023-10-01,SKU_0107,121,0,28.0,27
2023-10-08,SKU_0107,91,0,28.0,27
2023-10-15,SKU_0107,67,0,28.0,27
2023-10-22,SKU_0107,63,0,28.0,27
2023-10-29,SKU_0107,57,0,28.0,27
2023-11-05,SKU_0107,52,0,28.0,27
2023-11-12,SKU_0107,49,0,28.0,27
2023-11-19,SKU_0107,47,0,28.0,27
2023-11-26,SKU_0107,40,0,28.0,27
2023-12-03,SKU_0107,33,0,28.0,27
2023-12-10,SKU_0107,28,0,28.0,27
2023-12-17,SKU_0107,28,0,28.0,27
2023-12-24,SKU_0107,179,0,28.0,27
2023-12-31,SKU_0107,149,0,28.0,27
2024-01-07,SKU_0107,136,0,28.0,27
2024-01-14,SKU_0107,107,0,28.0,27
2024-01-21,SKU_0107,82,0,28.0,27
2024-01-28,SKU_0107,60,0,28.0,27
2024-02-04,SKU_0107,52,0,28.0,27
2024-02-11,SKU_0107,46,0,28.0,27
2024-02-18,SKU_0107,43,0,28.0,27
2024-02-25,SKU_0107,42,0,28.0,27
2024-03-03,SKU_0107,32,0,28.0,27
2024-03-10,SKU_0107,23,180,28.0,27
2024-03-17,SKU_0107,113,0,28.0,27
2024-03-24,SKU_0107,108,0,28.0,27
2024-03-31,SKU_0107,76,0,28.0,27
2024-04-07,SKU_0107,56,0,28.0,27
2024-04-14,SKU_0107,45,0,28.0,27
2024-04-21,SKU_0107,35,0,28.0,27
2024-04-28,SKU_0107,31,0,28.0,27
2024-05-05,SKU_0107,31,0,28.0,27
2024-05-12,SKU_0107,27,0,28.0,27
2024-05-19,SKU_0107,26,80,28.0,27
2024-05-26,SKU_0107,25,129,28.0,27
2024-06-02,SKU_0107,219,0,28.0,27
2024-06-09,SKU_0107,194,0,28.0,27
2024-06-16,SKU_0107,158,0,28.0,27
2024-06-23,SKU_0107,147,0,28.0,27
2024-06-30,SKU_0107,117,0,28.0,27
2024-07-07,SKU_0107,108,0,28.0,27
2024-07-14,SKU_0107,107,0,28.0,27
2024-07-21,SKU_0107,96,0,28.0,27
2024-07-28,SKU_0107,80,0,28.0,27
2024-08-04,SKU_0107,76,0,28.0,27
2024-08-11,SKU_0107,73,0,28.0,27
2024-08-18,SKU_0107,65,0,28.0,27
2024-08-25,SKU_0107,60,0,28.0,27
2024-09-01,SKU_0107,56,0,28.0,27
2024-09-08,SKU_0107,45,0,28.0,27
2024-09-15,SKU_0107,38,0,28.0,27
2024-09-22,SKU_0107,36,0,28.0,27
2024-09-29,SKU_0107,36,0,28.0,27
2024-10-06,SKU_0107,34,0,28.0,27
2024-10-13,SKU_0107,28,0,28.0,27
2024-10-20,SKU_0107,117,0,28.0,27
2024-10-27,SKU_0107,94,0,28.0,27
2024-11-03,SKU_0107,71,0,28.0,27
2024-11-10,SKU_0107,67,0,28.0,27
2024-11-17,SKU_0107,50,0,28.0,27
2024-11-24,SKU_0107,49,0,28.0,27
2024-12-01,SKU_0107,36,0,28.0,27
2024-12-08,SKU_0107,30,0,28.0,27
2024-12-15,SKU_0107,21,134,28.0,27
2024-12-22,SKU_0107,114,0,28.0,27
2024-12-29,SKU_0107,113,0,28.0,27
2023-01-01,SKU_0108,299,0,28.0,30
2023-01-08,SKU_0108,238,0,28.0,30
2023-01-15,SKU_0108,220,0,28.0,30
2023-01-22,SKU_0108,174,0,28.0,30
2023-01-29,SKU_0108,162,0,28.0,30
2023-02-05,SKU_0108,133,0,28.0,30
2023-02-12,SKU_0108,130,0,28.0,30
2023-02-19,SKU_0108,104,0,28.0,30
2023-02-26,SKU_0108,78,0,28.0,30
2023-03-05,SKU_0108,68,0,28.0,30
2023-03-12,SKU_0108,55,0,28.0,30
2023-03-19,SKU_0108,44,0,28.0,30
2023-03-26,SKU_0108,44,0,28.0,30
2023-04-02,SKU_0108,34,0,28.0,30
2023-04-09,SKU_0108,29,121,28.0,30
2023-04-16,SKU_0108,100,0,28.0,30
2023-04-23,SKU_0108,84,0,28.0,30
2023-04-30,SKU_0108,60,0,28.0,30
2023-05-07,SKU_0108,50,0,28.0,30
2023-05-14,SKU_0108,47,0,28.0,30
2023-05-21,SKU_0108,33,0,28.0,30
2023-05-28,SKU_0108,30,0,28.0,30
2023-06-04,SKU_0108,186,0,28.0,30
2023-06-11,SKU_0108,153,0,28.0,30
2023-06-18,SKU_0108,152,0,28.0,30
2023-06-25,SKU_0108,107,0,28.0,30
2023-07-02,SKU_0108,102,0,28.0,30
2023-07-09,SKU_0108,74,0,28.0,30
2023-07-16,SKU_0108,56,0,28.0,30
2023-07-23,SKU_0108,50,0,28.0,30
2023-07-30,SKU_0108,49,0,28.0,30
2023-08-06,SKU_0108,47,0,28.0,30
2023-08-13,SKU_0108,43,0,28.0,30
2023-08-20,SKU_0108,42,0,28.0,30
2023-08-27,SKU_0108,30,0,28.0,30
2023-09-03,SKU_0108,106,0,28.0,30
2023-09-10,SKU_0108,106,0,28.0,30
2023-09-17,SKU_0108,96,0,28.0,30
2023-09-24,SKU_0108,92,0,28.0,30
2023-10-01,SKU_0108,70,0,28.0,30
2023-10-08,SKU_0108,51,0,28.0,30
2023-10-15,SKU_0108,39,0,28.0,30
2023-10-22,SKU_0108,35,0,28.0,30
2023-10-29,SKU_0108,31,0,28.0,30
2023-11-05,SKU_0108,82,0,28.0,30
2023-11-12,SKU_0108,78,0,28.0,30
2023-11-19,SKU_0108,55,0,28.0,30
2023-11-26,SKU_0108,51,0,28.0,30
2023-12-03,SKU_0108,37,0,28.0,30
2023-12-10,SKU_0108,198,0,28.0,30
2023-12-17,SKU_0108,147,0,28.0,30
2023-12-24,SKU_0108,116,0,28.0,30
2023-12-31,SKU_0108,101,0,28.0,30
2024-01-07,SKU_0108,94,0,28.0,30
2024-01-14,SKU_0108,78,0,28.0,30
2024-01-21,SKU_0108,62,0,28.0,30
2024-01-28,SKU_0108,55,0,28.0,30
2024-02-04,SKU_0108,51,0,28.0,30
2024-02-11,SKU_0108,47,0,28.0,30
2024-02-18,SKU_0108,45,0,28.0,30
2024-02-25,SKU_0108,32,0,28.0,30
2024-03-03,SKU_0108,29,109,28.0,30
2024-03-10,SKU_0108,24,64,28.0,30
2024-03-17,SKU_0108,18,83,28.0,30
2024-03-24,SKU_0108,17,61,28.0,30
2024-03-31,SKU_0108,15,71,28.0,30
2024-04-07,SKU_0108,13,76,28.0,30
2024-04-14,SKU_0108,10,97,28.0,30
2024-04-21,SKU_0108,78,0,28.0,30
2024-04-28,SKU_0108,65,0,28.0,30
2024-05-05,SKU_0108,56,0,28.0,30
2024-05-12,SKU_0108,51,0,28.0,30
2024-05-19,SKU_0108,36,0,28.0,30
2024-05-26,SKU_0108,32,0,28.0,30
2024-06-02,SKU_0108,30,0,28.0,30
2024-06-09,SKU_0108,30,0,28.0,30
2024-06-16,SKU_0108,30,0,28.0,30
2024-06-23,SKU_0108,110,0,28.0,30
2024-06-30,SKU_0108,77,0,28.0,30
2024-07-07,SKU_0108,66,0,28.0,30
2024-07-14,SKU_0108,49,0,28.0,30
2024-07-21,SKU_0108,43,0,28.0,30
2024-07-28,SKU_0108,31,0,28.0,30
2024-08-04,SKU_0108,24,51,28.0,30
2024-08-11,SKU_0108,209,0,28.0,30
2024-08-18,SKU_0108,157,0,28.0,30
2024-08-25,SKU_0108,145,0,28.0,30
2024-09-01,SKU_0108,111,0,28.0,30
2024-09-08,SKU_0108,88,0,28.0,30
2024-09-15,SKU_0108,76,0,28.0,30
2024-09-22,SKU_0108,69,0,28.0,30
2024-09-29,SKU_0108,66,0,28.0,30
2024-10-06,SKU_0108,58,0,28.0,30
2024-10-13,SKU_0108,50,0,28.0,30
2024-10-20,SKU_0108,47,0,28.0,30
2024-10-27,SKU_0108,47,0,28.0,30
2024-11-03,SKU_0108,33,0,28.0,30
2024-11-10,SKU_0108,153,0,28.0,30
2024-11-17,SKU_0108,129,0,28.0,30
2024-11-24,SKU_0108,103,0,28.0,30
2024-12-01,SKU_0108,81,0,28.0,30
2024-12-08,SKU_0108,73,0,28.0,30
2024-12-15,SKU_0108,57,0,28.0,30
2024-12-22,SKU_0108,43,0,28.0,30
2024-12-29,SKU_0108,43,0,28.0,30
2023-01-01,SKU_0109,359,0,28.0,99
2023-01-08,SKU_0109,318,0,28.0,99
2023-01-15,SKU_0109,311,0,28.0,99
2023-01-22,SKU_0109,273,0,28.0,99
2023-01-29,SKU_0109,205,0,28.0,99
2023-02-05,SKU_0109,205,0,28.0,99
2023-02-12,SKU_0109,154,0,28.0,99
2023-02-19,SKU_0109,109,0,28.0,99
2023-02-26,SKU_0109,101,0,28.0,99
2023-03-05,SKU_0109,218,0,28.0,99
2023-03-12,SKU_0109,167,0,28.0,99
2023-03-19,SKU_0109,143,0,28.0,99
2023-03-26,SKU_0109,118,0,28.0,99
2023-04-02,SKU_0109,84,70,28.0,99
2023-04-09,SKU_0109,60,153,28.0,99
2023-04-16,SKU_0109,53,60,28.0,99
2023-04-23,SKU_0109,39,163,28.0,99
2023-04-30,SKU_0109,146,0,28.0,99
2023-05-07,SKU_0109,127,0,28.0,99
2023-05-14,SKU_0109,112,0,28.0,99
2023-05-21,SKU_0109,101,0,28.0,99
2023-05-28,SKU_0109,217,0,28.0,99
2023-06-04,SKU_0109,188,0,28.0,99
2023-06-11,SKU_0109,176,0,28.0,99
2023-06-18,SKU_0109,125,0,28.0,99
2023-06-25,SKU_0109,103,0,28.0,99
2023-07-02,SKU_0109,79,112,28.0,99
2023-07-09,SKU_0109,61,68,28.0,99
2023-07-16,SKU_0109,227,0,28.0,99
2023-07-23,SKU_0109,224,0,28.0,99
2023-07-30,SKU_0109,198,0,28.0,99
2023-08-06,SKU_0109,145,0,28.0,99
2023-08-13,SKU_0109,104,0,28.0,99
2023-08-20,SKU_0109,252,0,28.0,99
2023-08-27,SKU_0109,234,0,28.0,99
2023-09-03,SKU_0109,212,0,28.0,99
2023-09-10,SKU_0109,202,0,28.0,99
2023-09-17,SKU_0109,185,0,28.0,99
2023-09-24,SKU_0109,184,0,28.0,99
2023-10-01,SKU_0109,175,0,28.0,99
2023-10-08,SKU_0109,141,0,28.0,99
2023-10-15,SKU_0109,108,0,28.0,99
2023-10-22,SKU_0109,76,157,28.0,99
2023-10-29,SKU_0109,200,0,28.0,99
2023-11-05,SKU_0109,173,0,28.0,99
2023-11-12,SKU_0109,170,0,28.0,99
2023-11-19,SKU_0109,133,0,28.0,99
2023-11-26,SKU_0109,121,0,28.0,99
2023-12-03,SKU_0109,279,0,28.0,99
2023-12-10,SKU_0109,277,0,28.0,99
2023-12-17,SKU_0109,219,0,28.0,99
2023-12-24,SKU_0109,206,0,28.0,99
2023-12-31,SKU_0109,146,0,28.0,99
2024-01-07,SKU_0109,112,0,28.0,99
2024-01-14,SKU_0109,84,58,28.0,99
2024-01-21,SKU_0109,261,0,28.0,99
2024-01-28,SKU_0109,198,0,28.0,99
2024-02-04,SKU_0109,153,0,28.0,99
2024-02-11,SKU_0109,139,0,28.0,99
2024-02-18,SKU_0109,126,0,28.0,99
2024-02-25,SKU_0109,119,0,28.0,99
2024-03-03,SKU_0109,107,0,28.0,99
2024-03-10,SKU_0109,211,0,28.0,99
2024-03-17,SKU_0109,159,0,28.0,99
2024-03-24,SKU_0109,144,0,28.0,99
2024-03-31,SKU_0109,103,0,28.0,99
2024-04-07,SKU_0109,156,0,28.0,99
2024-04-14,SKU_0109,151,0,28.0,99
2024-04-21,SKU_0109,112,0,28.0,99
2024-04-28,SKU_0109,256,0,28.0,99
2024-05-05,SKU_0109,215,0,28.0,99
2024-05-12,SKU_0109,211,0,28.0,99
2024-05-19,SKU_0109,205,0,28.0,99
2024-05-26,SKU_0109,160,0,28.0,99
2024-06-02,SKU_0109,120,0,28.0,99
2024-06-09,SKU_0109,85,190,28.0,99
2024-06-16,SKU_0109,197,0,28.0,99
2024-06-23,SKU_0109,151,0,28.0,99
2024-06-30,SKU_0109,145,0,28.0,99
2024-07-07,SKU_0109,106,0,28.0,99
2024-07-14,SKU_0109,180,0,28.0,99
2024-07-21,SKU_0109,132,0,28.0,99
2024-07-28,SKU_0109,131,0,28.0,99
2024-08-04,SKU_0109,111,0,28.0,99
2024-08-11,SKU_0109,158,0,28.0,99
2024-08-18,SKU_0109,113,0,28.0,99
2024-08-25,SKU_0109,89,60,28.0,99
2024-09-01,SKU_0109,75,196,28.0,99
2024-09-08,SKU_0109,182,0,28.0,99
2024-09-15,SKU_0109,165,0,28.0,99
2024-09-22,SKU_0109,143,0,28.0,99
2024-09-29,SKU_0109,140,0,28.0,99
2024-10-06,SKU_0109,121,0,28.0,99
2024-10-13,SKU_0109,116,0,28.0,99
2024-10-20,SKU_0109,103,0,28.0,99
2024-10-27,SKU_0109,223,0,28.0,99
2024-11-03,SKU_0109,197,0,28.0,99
2024-11-10,SKU_0109,184,0,28.0,99
2024-11-17,SKU_0109,164,0,28.0,99
2024-11-24,SKU_0109,132,0,28.0,99
2024-12-01,SKU_0109,101,0,28.0,99
2024-12-08,SKU_0109,95,141,28.0,99
2024-12-15,SKU_0109,244,0,28.0,99
2024-12-22,SKU_0109,175,0,28.0,99
2024-12-29,SKU_0109,150,0,28.0,99
2023-01-01,SKU_0110,314,0,14.0,48
2023-01-08,SKU_0110,224,0,14.0,48
2023-01-15,SKU_0110,216,0,14.0,48
2023-01-22,SKU_0110,152,0,14.0,48
2023-01-29,SKU_0110,149,0,14.0,48
2023-02-05,SKU_0110,138,0,14.0,48
2023-02-12,SKU_0110,138,0,14.0,48
2023-02-19,SKU_0110,107,0,14.0,48
2023-02-26,SKU_0110,94,0,14.0,48
2023-03-05,SKU_0110,80,0,14.0,48
2023-03-12,SKU_0110,76,0,14.0,48
2023-03-19,SKU_0110,65,0,14.0,48
2023-03-26,SKU_0110,61,0,14.0,48
2023-04-02,SKU_0110,59,0,14.0,48
2023-04-09,SKU_0110,49,0,14.0,48
2023-04-16,SKU_0110,37,100,14.0,48
2023-04-23,SKU_0110,33,171,14.0,48
2023-04-30,SKU_0110,206,0,14.0,48
2023-05-07,SKU_0110,185,0,14.0,48
2023-05-14,SKU_0110,173,0,14.0,48
2023-05-21,SKU_0110,159,0,14.0,48
2023-05-28,SKU_0110,135,0,14.0,48
2023-06-04,SKU_0110,117,0,14.0,48
2023-06-11,SKU_0110,84,0,14.0,48
2023-06-18,SKU_0110,84,0,14.0,48
2023-06-25,SKU_0110,63,0,14.0,48
2023-07-02,SKU_0110,59,0,14.0,48
2023-07-09,SKU_0110,55,0,14.0,48
2023-07-16,SKU_0110,51,0,14.0,48
2023-07-23,SKU_0110,165,0,14.0,48
2023-07-30,SKU_0110,133,0,14.0,48
2023-08-06,SKU_0110,115,0,14.0,48
2023-08-13,SKU_0110,99,0,14.0,48
2023-08-20,SKU_0110,95,0,14.0,48
2023-08-27,SKU_0110,71,0,14.0,48
2023-09-03,SKU_0110,58,0,14.0,48
2023-09-10,SKU_0110,58,0,14.0,48
2023-09-17,SKU_0110,54,0,14.0,48
2023-09-24,SKU_0110,44,135,14.0,48
2023-10-01,SKU_0110,146,0,14.0,48
2023-10-08,SKU_0110,110,0,14.0,48
2023-10-15,SKU_0110,81,0,14.0,48
2023-10-22,SKU_0110,81,0,14.0,48
2023-10-29,SKU_0110,72,0,14.0,48
2023-11-05,SKU_0110,65,0,14.0,48
2023-11-12,SKU_0110,64,0,14.0,48
2023-11-19,SKU_0110,62,0,14.0,48
2023-11-26,SKU_0110,58,0,14.0,48
2023-12-03,SKU_0110,57,0,14.0,48
2023-12-10,SKU_0110,48,0,14.0,48
2023-12-17,SKU_0110,180,0,14.0,48
2023-12-24,SKU_0110,157,0,14.0,48
2023-12-31,SKU_0110,152,0,14.0,48
2024-01-07,SKU_0110,143,0,14.0,48
2024-01-14,SKU_0110,124,0,14.0,48
2024-01-21,SKU_0110,102,0,14.0,48
2024-01-28,SKU_0110,87,0,14.0,48
2024-02-04,SKU_0110,78,0,14.0,48
2024-02-11,SKU_0110,71,0,14.0,48
2024-02-18,SKU_0110,53,0,14.0,48
2024-02-25,SKU_0110,49,0,14.0,48
2024-03-03,SKU_0110,103,0,14.0,48
2024-03-10,SKU_0110,83,0,14.0,48
2024-03-17,SKU_0110,81,0,14.0,48
2024-03-24,SKU_0110,73,0,14.0,48
2024-03-31,SKU_0110,54,0,14.0,48
2024-04-07,SKU_0110,52,0,14.0,48
2024-04-14,SKU_0110,144,0,14.0,48
2024-04-21,SKU_0110,144,0,14.0,48
2024-04-28,SKU_0110,141,0,14.0,48
2024-05-05,SKU_0110,111,0,14.0,48
2024-05-12,SKU_0110,111,0,14.0,48
2024-05-19,SKU_0110,84,0,14.0,48
2024-05-26,SKU_0110,80,0,14.0,48
2024-06-02,SKU_0110,77,0,14.0,48
2024-06-09,SKU_0110,61,0,14.0,48
2024-06-16,SKU_0110,43,176,14.0,48
2024-06-23,SKU_0110,38,186,14.0,48
2024-06-30,SKU_0110,37,82,14.0,48
2024-07-07,SKU_0110,171,0,14.0,48
2024-07-14,SKU_0110,135,0,14.0,48
2024-07-21,SKU_0110,135,0,14.0,48
2024-07-28,SKU_0110,103,0,14.0,48
2024-08-04,SKU_0110,80,0,14.0,48
2024-08-11,SKU_0110,58,0,14.0,48
2024-08-18,SKU_0110,55,0,14.0,48
2024-08-25,SKU_0110,44,97,14.0,48
2024-09-01,SKU_0110,41,125,14.0,48
2024-09-08,SKU_0110,159,0,14.0,48
2024-09-15,SKU_0110,120,0,14.0,48
2024-09-22,SKU_0110,86,0,14.0,48
2024-09-29,SKU_0110,75,0,14.0,48
2024-10-06,SKU_0110,56,0,14.0,48
2024-10-13,SKU_0110,52,0,14.0,48
2024-10-20,SKU_0110,44,80,14.0,48
2024-10-27,SKU_0110,160,0,14.0,48
2024-11-03,SKU_0110,157,0,14.0,48
2024-11-10,SKU_0110,117,0,14.0,48
2024-11-17,SKU_0110,92,0,14.0,48
2024-11-24,SKU_0110,67,0,14.0,48
2024-12-01,SKU_0110,60,0,14.0,48
2024-12-08,SKU_0110,51,0,14.0,48
2024-12-15,SKU_0110,105,0,14.0,48
2024-12-22,SKU_0110,97,0,14.0,48
2024-12-29,SKU_0110,95,0,14.0,48
2023-01-01,SKU_0111,125,0,7.0,85
2023-01-08,SKU_0111,112,0,7.0,85
2023-01-15,SKU_0111,162,0,7.0,85
2023-01-22,SKU_0111,153,0,7.0,85
2023-01-29,SKU_0111,144,0,7.0,85
2023-02-05,SKU_0111,129,0,7.0,85
2023-02-12,SKU_0111,111,0,7.0,85
2023-02-19,SKU_0111,109,0,7.0,85
2023-02-26,SKU_0111,90,0,7.0,85
2023-03-05,SKU_0111,71,112,7.0,85
2023-03-12,SKU_0111,55,170,7.0,85
2023-03-19,SKU_0111,123,0,7.0,85
2023-03-26,SKU_0111,111,0,7.0,85
2023-04-02,SKU_0111,111,0,7.0,85
2023-04-09,SKU_0111,87,0,7.0,85
2023-04-16,SKU_0111,165,0,7.0,85
2023-04-23,SKU_0111,118,0,7.0,85
2023-04-30,SKU_0111,115,0,7.0,85
2023-05-07,SKU_0111,95,0,7.0,85
2023-05-14,SKU_0111,143,0,7.0,85
2023-05-21,SKU_0111,116,0,7.0,85
2023-05-28,SKU_0111,110,0,7.0,85
2023-06-04,SKU_0111,105,0,7.0,85
2023-06-11,SKU_0111,98,0,7.0,85
2023-06-18,SKU_0111,260,0,7.0,85
2023-06-25,SKU_0111,229,0,7.0,85
2023-07-02,SKU_0111,178,0,7.0,85
2023-07-09,SKU_0111,126,0,7.0,85
2023-07-16,SKU_0111,124,0,7.0,85
2023-07-23,SKU_0111,121,0,7.0,85
2023-07-30,SKU_0111,119,0,7.0,85
2023-08-06,SKU_0111,97,0,7.0,85
2023-08-13,SKU_0111,68,127,7.0,85
2023-08-20,SKU_0111,212,0,7.0,85
2023-08-27,SKU_0111,165,0,7.0,85
2023-09-03,SKU_0111,131,0,7.0,85
2023-09-10,SKU_0111,95,0,7.0,85
2023-09-17,SKU_0111,205,0,7.0,85
2023-09-24,SKU_0111,202,0,7.0,85
2023-10-01,SKU_0111,192,0,7.0,85
2023-10-08,SKU_0111,153,0,7.0,85
2023-10-15,SKU_0111,140,0,7.0,85
2023-10-22,SKU_0111,128,0,7.0,85
2023-10-29,SKU_0111,112,0,7.0,85
2023-11-05,SKU_0111,102,0,7.0,85
2023-11-12,SKU_0111,94,0,7.0,85
2023-11-19,SKU_0111,223,0,7.0,85
2023-11-26,SKU_0111,162,0,7.0,85
2023-12-03,SKU_0111,136,0,7.0,85
2023-12-10,SKU_0111,107,0,7.0,85
2023-12-17,SKU_0111,101,0,7.0,85
2023-12-24,SKU_0111,90,0,7.0,85
2023-12-31,SKU_0111,193,0,7.0,85
2024-01-07,SKU_0111,138,0,7.0,85
2024-01-14,SKU_0111,98,0,7.0,85
2024-01-21,SKU_0111,85,0,7.0,85
2024-01-28,SKU_0111,74,154,7.0,85
2024-02-04,SKU_0111,61,110,7.0,85
2024-02-11,SKU_0111,45,76,7.0,85
2024-02-18,SKU_0111,181,0,7.0,85
2024-02-25,SKU_0111,146,0,7.0,85
2024-03-03,SKU_0111,108,0,7.0,85
2024-03-10,SKU_0111,136,0,7.0,85
2024-03-17,SKU_0111,127,0,7.0,85
2024-03-24,SKU_0111,118,0,7.0,85
2024-03-31,SKU_0111,94,0,7.0,85
2024-04-07,SKU_0111,148,0,7.0,85
2024-04-14,SKU_0111,132,0,7.0,85
2024-04-21,SKU_0111,96,0,7.0,85
2024-04-28,SKU_0111,82,147,7.0,85
2024-05-05,SKU_0111,159,0,7.0,85
2024-05-12,SKU_0111,138,0,7.0,85
2024-05-19,SKU_0111,133,0,7.0,85
2024-05-26,SKU_0111,96,0,7.0,85
2024-06-02,SKU_0111,88,0,7.0,85
2024-06-09,SKU_0111,248,0,7.0,85
2024-06-16,SKU_0111,213,0,7.0,85
2024-06-23,SKU_0111,174,0,7.0,85
2024-06-30,SKU_0111,143,0,7.0,85
2024-07-07,SKU_0111,128,0,7.0,85
2024-07-14,SKU_0111,126,0,7.0,85
2024-07-21,SKU_0111,92,0,7.0,85
2024-07-28,SKU_0111,87,0,7.0,85
2024-08-04,SKU_0111,239,0,7.0,85
2024-08-11,SKU_0111,219,0,7.0,85
2024-08-18,SKU_0111,184,0,7.0,85
2024-08-25,SKU_0111,143,0,7.0,85
2024-09-01,SKU_0111,114,0,7.0,85
2024-09-08,SKU_0111,244,0,7.0,85
2024-09-15,SKU_0111,178,0,7.0,85
2024-09-22,SKU_0111,155,0,7.0,85
2024-09-29,SKU_0111,115,0,7.0,85
2024-10-06,SKU_0111,99,0,7.0,85
2024-10-13,SKU_0111,90,0,7.0,85
2024-10-20,SKU_0111,235,0,7.0,85
2024-10-27,SKU_0111,224,0,7.0,85
2024-11-03,SKU_0111,198,0,7.0,85
2024-11-10,SKU_0111,164,0,7.0,85
2024-11-17,SKU_0111,133,0,7.0,85
2024-11-24,SKU_0111,130,0,7.0,85
2024-12-01,SKU_0111,113,0,7.0,85
2024-12-08,SKU_0111,83,161,7.0,85
2024-12-15,SKU_0111,76,82,7.0,85
2024-12-22,SKU_0111,58,96,7.0,85
2024-12-29,SKU_0111,146,0,7.0,85
2023-01-01,SKU_0112,421,0,21.0,78
2023-01-08,SKU_0112,418,0,21.0,78
2023-01-15,SKU_0112,346,0,21.0,78
2023-01-22,SKU_0112,323,0,21.0,78
2023-01-29,SKU_0112,288,0,21.0,78
2023-02-05,SKU_0112,209,0,21.0,78
2023-02-12,SKU_0112,157,0,21.0,78
2023-02-19,SKU_0112,139,0,21.0,78
2023-02-26,SKU_0112,106,0,21.0,78
2023-03-05,SKU_0112,100,0,21.0,78
2023-03-12,SKU_0112,91,0,21.0,78
2023-03-19,SKU_0112,69,142,21.0,78
2023-03-26,SKU_0112,60,134,21.0,78
2023-04-02,SKU_0112,242,0,21.0,78
2023-04-09,SKU_0112,236,0,21.0,78
2023-04-16,SKU_0112,195,0,21.0,78
2023-04-23,SKU_0112,180,0,21.0,78
2023-04-30,SKU_0112,170,0,21.0,78
2023-05-07,SKU_0112,139,0,21.0,78
2023-05-14,SKU_0112,99,0,21.0,78
2023-05-21,SKU_0112,77,133,21.0,78
2023-05-28,SKU_0112,232,0,21.0,78
2023-06-04,SKU_0112,219,0,21.0,78
2023-06-11,SKU_0112,188,0,21.0,78
2023-06-18,SKU_0112,143,0,21.0,78
2023-06-25,SKU_0112,114,0,21.0,78
2023-07-02,SKU_0112,98,0,21.0,78
2023-07-09,SKU_0112,69,102,21.0,78
2023-07-16,SKU_0112,56,99,21.0,78
2023-07-23,SKU_0112,40,160,21.0,78
2023-07-30,SKU_0112,192,0,21.0,78
2023-08-06,SKU_0112,153,0,21.0,78
2023-08-13,SKU_0112,144,0,21.0,78
2023-08-20,SKU_0112,135,0,21.0,78
2023-08-27,SKU_0112,111,0,21.0,78
2023-09-03,SKU_0112,80,0,21.0,78
2023-09-10,SKU_0112,80,0,21.0,78
2023-09-17,SKU_0112,58,153,21.0,78
2023-09-24,SKU_0112,180,0,21.0,78
2023-10-01,SKU_0112,165,0,21.0,78
2023-10-08,SKU_0112,134,0,21.0,78
2023-10-15,SKU_0112,116,0,21.0,78
2023-10-22,SKU_0112,105,0,21.0,78
2023-10-29,SKU_0112,104,0,21.0,78
2023-11-05,SKU_0112,73,82,21.0,78
2023-11-12,SKU_0112,71,122,21.0,78
2023-11-19,SKU_0112,132,0,21.0,78
2023-11-26,SKU_0112,111,0,21.0,78
2023-12-03,SKU_0112,96,0,21.0,78
2023-12-10,SKU_0112,86,0,21.0,78
2023-12-17,SKU_0112,63,50,21.0,78
2023-12-24,SKU_0112,147,0,21.0,78
2023-12-31,SKU_0112,127,0,21.0,78
2024-01-07,SKU_0112,121,0,21.0,78
2024-01-14,SKU_0112,116,0,21.0,78
2024-01-21,SKU_0112,94,0,21.0,78
2024-01-28,SKU_0112,155,0,21.0,78
2024-02-04,SKU_0112,123,0,21.0,78
2024-02-11,SKU_0112,123,0,21.0,78
2024-02-18,SKU_0112,113,0,21.0,78
2024-02-25,SKU_0112,106,0,21.0,78
2024-03-03,SKU_0112,103,0,21.0,78
2024-03-10,SKU_0112,80,0,21.0,78
2024-03-17,SKU_0112,231,0,21.0,78
2024-03-24,SKU_0112,173,0,21.0,78
2024-03-31,SKU_0112,131,0,21.0,78
2024-04-07,SKU_0112,109,0,21.0,78
2024-04-14,SKU_0112,105,0,21.0,78
2024-04-21,SKU_0112,221,0,21.0,78
2024-04-28,SKU_0112,166,0,21.0,78
2024-05-05,SKU_0112,162,0,21.0,78
2024-05-12,SKU_0112,161,0,21.0,78
2024-05-19,SKU_0112,118,0,21.0,78
2024-05-26,SKU_0112,85,0,21.0,78
2024-06-02,SKU_0112,84,0,21.0,78
2024-06-09,SKU_0112,75,123,21.0,78
2024-06-16,SKU_0112,72,111,21.0,78
2024-06-23,SKU_0112,54,167,21.0,78
2024-06-30,SKU_0112,101,0,21.0,78
2024-07-07,SKU_0112,80,0,21.0,78
2024-07-14,SKU_0112,199,0,21.0,78
2024-07-21,SKU_0112,177,0,21.0,78
2024-07-28,SKU_0112,152,0,21.0,78
2024-08-04,SKU_0112,119,0,21.0,78
2024-08-11,SKU_0112,93,0,21.0,78
2024-08-18,SKU_0112,88,0,21.0,78
2024-08-25,SKU_0112,272,0,21.0,78
2024-09-01,SKU_0112,269,0,21.0,78
2024-09-08,SKU_0112,210,0,21.0,78
2024-09-15,SKU_0112,173,0,21.0,78
2024-09-22,SKU_0112,151,0,21.0,78
2024-09-29,SKU_0112,114,0,21.0,78
2024-10-06,SKU_0112,91,0,21.0,78
2024-10-13,SKU_0112,274,0,21.0,78
2024-10-20,SKU_0112,249,0,21.0,78
2024-10-27,SKU_0112,207,0,21.0,78
2024-11-03,SKU_0112,176,0,21.0,78
2024-11-10,SKU_0112,125,0,21.0,78
2024-11-17,SKU_0112,107,0,21.0,78
2024-11-24,SKU_0112,93,0,21.0,78
2024-12-01,SKU_0112,90,0,21.0,78
2024-12-08,SKU_0112,66,179,21.0,78
2024-12-15,SKU_0112,56,69,21.0,78
2024-12-22,SKU_0112,217,0,21.0,78
2024-12-29,SKU_0112,155,0,21.0,78
2023-01-01,SKU_0113,277,0,7.0,21
2023-01-08,SKU_0113,237,0,7.0,21
2023-01-15,SKU_0113,199,0,7.0,21
2023-01-22,SKU_0113,184,0,7.0,21
2023-01-29,SKU_0113,150,0,7.0,21
2023-02-05,SKU_0113,147,0,7.0,21
2023-02-12,SKU_0113,104,0,7.0,21
2023-02-19,SKU_0113,101,0,7.0,21
2023-02-26,SKU_0113,78,0,7.0,21
2023-03-05,SKU_0113,60,0,7.0,21
2023-03-12,SKU_0113,48,0,7.0,21
2023-03-19,SKU_0113,48,0,7.0,21
2023-03-26,SKU_0113,41,0,7.0,21
2023-04-02,SKU_0113,32,0,7.0,21
2023-04-09,SKU_0113,24,0,7.0,21
2023-04-16,SKU_0113,18,95,7.0,21
2023-04-23,SKU_0113,17,167,7.0,21
2023-04-30,SKU_0113,115,0,7.0,21
2023-05-07,SKU_0113,103,0,7.0,21
2023-05-14,SKU_0113,84,0,7.0,21
2023-05-21,SKU_0113,76,0,7.0,21
2023-05-28,SKU_0113,66,0,7.0,21
2023-06-04,SKU_0113,66,0,7.0,21
2023-06-11,SKU_0113,60,0,7.0,21
2023-06-18,SKU_0113,48,0,7.0,21
2023-06-25,SKU_0113,35,0,7.0,21
2023-07-02,SKU_0113,35,0,7.0,21
2023-07-09,SKU_0113,25,0,7.0,21
2023-07-16,SKU_0113,196,0,7.0,21
2023-07-23,SKU_0113,179,0,7.0,21
2023-07-30,SKU_0113,137,0,7.0,21
2023-08-06,SKU_0113,124,0,7.0,21
2023-08-13,SKU_0113,89,0,7.0,21
2023-08-20,SKU_0113,89,0,7.0,21
2023-08-27,SKU_0113,63,0,7.0,21
2023-09-03,SKU_0113,60,0,7.0,21
2023-09-10,SKU_0113,60,0,7.0,21
2023-09-17,SKU_0113,53,0,7.0,21
2023-09-24,SKU_0113,47,0,7.0,21
2023-10-01,SKU_0113,47,0,7.0,21
2023-10-08,SKU_0113,34,0,7.0,21
2023-10-15,SKU_0113,28,0,7.0,21
2023-10-22,SKU_0113,24,0,7.0,21
2023-10-29,SKU_0113,19,154,7.0,21
2023-11-05,SKU_0113,212,0,7.0,21
2023-11-12,SKU_0113,159,0,7.0,21
2023-11-19,SKU_0113,120,0,7.0,21
2023-11-26,SKU_0113,120,0,7.0,21
2023-12-03,SKU_0113,114,0,7.0,21
2023-12-10,SKU_0113,94,0,7.0,21
2023-12-17,SKU_0113,71,0,7.0,21
2023-12-24,SKU_0113,53,0,7.0,21
2023-12-31,SKU_0113,43,0,7.0,21
2024-01-07,SKU_0113,43,0,7.0,21
2024-01-14,SKU_0113,31,0,7.0,21
2024-01-21,SKU_0113,22,0,7.0,21
2024-01-28,SKU_0113,134,0,7.0,21
2024-02-04,SKU_0113,100,0,7.0,21
2024-02-11,SKU_0113,86,0,7.0,21
2024-02-18,SKU_0113,66,0,7.0,21
2024-02-25,SKU_0113,50,0,7.0,21
2024-03-03,SKU_0113,38,0,7.0,21
2024-03-10,SKU_0113,30,0,7.0,21
2024-03-17,SKU_0113,24,0,7.0,21
2024-03-24,SKU_0113,21,0,7.0,21
2024-03-31,SKU_0113,17,135,7.0,21
2024-04-07,SKU_0113,192,0,7.0,21
2024-04-14,SKU_0113,164,0,7.0,21
2024-04-21,SKU_0113,153,0,7.0,21
2024-04-28,SKU_0113,152,0,7.0,21
2024-05-05,SKU_0113,128,0,7.0,21
2024-05-12,SKU_0113,90,0,7.0,21
2024-05-19,SKU_0113,66,0,7.0,21
2024-05-26,SKU_0113,49,0,7.0,21
2024-06-02,SKU_0113,46,0,7.0,21
2024-06-09,SKU_0113,36,0,7.0,21
2024-06-16,SKU_0113,35,0,7.0,21
2024-06-23,SKU_0113,28,0,7.0,21
2024-06-30,SKU_0113,20,92,7.0,21
2024-07-07,SKU_0113,177,0,7.0,21
2024-07-14,SKU_0113,142,0,7.0,21
2024-07-21,SKU_0113,130,0,7.0,21
2024-07-28,SKU_0113,130,0,7.0,21
2024-08-04,SKU_0113,100,0,7.0,21
2024-08-11,SKU_0113,92,0,7.0,21
2024-08-18,SKU_0113,82,0,7.0,21
2024-08-25,SKU_0113,62,0,7.0,21
2024-09-01,SKU_0113,44,0,7.0,21
2024-09-08,SKU_0113,34,0,7.0,21
2024-09-15,SKU_0113,24,0,7.0,21
2024-09-22,SKU_0113,18,75,7.0,21
2024-09-29,SKU_0113,18,109,7.0,21
2024-10-06,SKU_0113,67,0,7.0,21
2024-10-13,SKU_0113,58,0,7.0,21
2024-10-20,SKU_0113,52,0,7.0,21
2024-10-27,SKU_0113,45,0,7.0,21
2024-11-03,SKU_0113,42,0,7.0,21
2024-11-10,SKU_0113,32,0,7.0,21
2024-11-17,SKU_0113,27,0,7.0,21
2024-11-24,SKU_0113,24,0,7.0,21
2024-12-01,SKU_0113,22,0,7.0,21
2024-12-08,SKU_0113,139,0,7.0,21
2024-12-15,SKU_0113,117,0,7.0,21
2024-12-22,SKU_0113,112,0,7.0,21
2024-12-29,SKU_0113,90,0,7.0,21
2023-01-01,SKU_0114,432,0,14.0,65
2023-01-08,SKU_0114,320,0,14.0,65
2023-01-15,SKU_0114,294,0,14.0,65
2023-01-22,SKU_0114,264,0,14.0,65
2023-01-29,SKU_0114,245,0,14.0,65
2023-02-05,SKU_0114,242,0,14.0,65
2023-02-12,SKU_0114,186,0,14.0,65
2023-02-19,SKU_0114,161,0,14.0,65
2023-02-26,SKU_0114,157,0,14.0,65
2023-03-05,SKU_0114,125,0,14.0,65
2023-03-12,SKU_0114,98,0,14.0,65
2023-03-19,SKU_0114,71,0,14.0,65
2023-03-26,SKU_0114,56,191,14.0,65
2023-04-02,SKU_0114,237,0,14.0,65
2023-04-09,SKU_0114,178,0,14.0,65
2023-04-16,SKU_0114,161,0,14.0,65
2023-04-23,SKU_0114,127,0,14.0,65
2023-04-30,SKU_0114,122,0,14.0,65
2023-05-07,SKU_0114,116,0,14.0,65
2023-05-14,SKU_0114,95,0,14.0,65
2023-05-21,SKU_0114,79,0,14.0,65
2023-05-28,SKU_0114,127,0,14.0,65
2023-06-04,SKU_0114,116,0,14.0,65
2023-06-11,SKU_0114,89,0,14.0,65
2023-06-18,SKU_0114,73,0,14.0,65
2023-06-25,SKU_0114,203,0,14.0,65
2023-07-02,SKU_0114,162,0,14.0,65
2023-07-09,SKU_0114,148,0,14.0,65
2023-07-16,SKU_0114,104,0,14.0,65
2023-07-23,SKU_0114,88,0,14.0,65
2023-07-30,SKU_0114,78,0,14.0,65
2023-08-06,SKU_0114,75,0,14.0,65
2023-08-13,SKU_0114,75,0,14.0,65
2023-08-20,SKU_0114,65,0,14.0,65
2023-08-27,SKU_0114,112,0,14.0,65
2023-09-03,SKU_0114,86,0,14.0,65
2023-09-10,SKU_0114,84,0,14.0,65
2023-09-17,SKU_0114,83,0,14.0,65
2023-09-24,SKU_0114,72,0,14.0,65
2023-10-01,SKU_0114,148,0,14.0,65
2023-10-08,SKU_0114,125,0,14.0,65
2023-10-15,SKU_0114,111,0,14.0,65
2023-10-22,SKU_0114,88,0,14.0,65
2023-10-29,SKU_0114,73,0,14.0,65
2023-11-05,SKU_0114,196,0,14.0,65
2023-11-12,SKU_0114,147,0,14.0,65
2023-11-19,SKU_0114,106,0,14.0,65
2023-11-26,SKU_0114,79,0,14.0,65
2023-12-03,SKU_0114,238,0,14.0,65
2023-12-10,SKU_0114,215,0,14.0,65
2023-12-17,SKU_0114,194,0,14.0,65
2023-12-24,SKU_0114,175,0,14.0,65
2023-12-31,SKU_0114,127,0,14.0,65
2024-01-07,SKU_0114,94,0,14.0,65
2024-01-14,SKU_0114,90,0,14.0,65
2024-01-21,SKU_0114,250,0,14.0,65
2024-01-28,SKU_0114,238,0,14.0,65
2024-02-04,SKU_0114,211,0,14.0,65
2024-02-11,SKU_0114,178,0,14.0,65
2024-02-18,SKU_0114,128,0,14.0,65
2024-02-25,SKU_0114,114,0,14.0,65
2024-03-03,SKU_0114,89,0,14.0,65
2024-03-10,SKU_0114,71,0,14.0,65
2024-03-17,SKU_0114,67,0,14.0,65
2024-03-24,SKU_0114,52,160,14.0,65
2024-03-31,SKU_0114,220,0,14.0,65
2024-04-07,SKU_0114,171,0,14.0,65
2024-04-14,SKU_0114,124,0,14.0,65
2024-04-21,SKU_0114,88,0,14.0,65
2024-04-28,SKU_0114,243,0,14.0,65
2024-05-05,SKU_0114,201,0,14.0,65
2024-05-12,SKU_0114,159,0,14.0,65
2024-05-19,SKU_0114,117,0,14.0,65
2024-05-26,SKU_0114,87,0,14.0,65
2024-06-02,SKU_0114,197,0,14.0,65
2024-06-09,SKU_0114,155,0,14.0,65
2024-06-16,SKU_0114,143,0,14.0,65
2024-06-23,SKU_0114,104,0,14.0,65
2024-06-30,SKU_0114,100,0,14.0,65
2024-07-07,SKU_0114,77,0,14.0,65
2024-07-14,SKU_0114,63,180,14.0,65
2024-07-21,SKU_0114,60,147,14.0,65
2024-07-28,SKU_0114,53,149,14.0,65
2024-08-04,SKU_0114,200,0,14.0,65
2024-08-11,SKU_0114,189,0,14.0,65
2024-08-18,SKU_0114,161,0,14.0,65
2024-08-25,SKU_0114,117,0,14.0,65
2024-09-01,SKU_0114,104,0,14.0,65
2024-09-08,SKU_0114,97,0,14.0,65
2024-09-15,SKU_0114,87,0,14.0,65
2024-09-22,SKU_0114,120,0,14.0,65
2024-09-29,SKU_0114,119,0,14.0,65
2024-10-06,SKU_0114,104,0,14.0,65
2024-10-13,SKU_0114,83,0,14.0,65
2024-10-20,SKU_0114,83,0,14.0,65
2024-10-27,SKU_0114,67,0,14.0,65
2024-11-03,SKU_0114,62,156,14.0,65
2024-11-10,SKU_0114,58,63,14.0,65
2024-11-17,SKU_0114,201,0,14.0,65
2024-11-24,SKU_0114,147,0,14.0,65
2024-12-01,SKU_0114,121,0,14.0,65
2024-12-08,SKU_0114,121,0,14.0,65
2024-12-15,SKU_0114,109,0,14.0,65
2024-12-22,SKU_0114,109,0,14.0,65
2024-12-29,SKU_0114,108,0,14.0,65
2023-01-01,SKU_0115,218,0,14.0,60
2023-01-08,SKU_0115,169,0,14.0,60
2023-01-15,SKU_0115,140,0,14.0,60
2023-01-22,SKU_0115,117,0,14.0,60
2023-01-29,SKU_0115,96,0,14.0,60
2023-02-05,SKU_0115,88,0,14.0,60
2023-02-12,SKU_0115,71,0,14.0,60
2023-02-19,SKU_0115,175,0,14.0,60
2023-02-26,SKU_0115,164,0,14.0,60
2023-03-05,SKU_0115,144,0,14.0,60
2023-03-12,SKU_0115,139,0,14.0,60
2023-03-19,SKU_0115,139,0,14.0,60
2023-03-26,SKU_0115,108,0,14.0,60
2023-04-02,SKU_0115,100,0,14.0,60
2023-04-09,SKU_0115,86,0,14.0,60
2023-04-16,SKU_0115,70,0,14.0,60
2023-04-23,SKU_0115,53,89,14.0,60
2023-04-30,SKU_0115,117,0,14.0,60
2023-05-07,SKU_0115,92,0,14.0,60
2023-05-14,SKU_0115,73,0,14.0,60
2023-05-21,SKU_0115,72,0,14.0,60
2023-05-28,SKU_0115,232,0,14.0,60
2023-06-04,SKU_0115,226,0,14.0,60
2023-06-11,SKU_0115,205,0,14.0,60
2023-06-18,SKU_0115,196,0,14.0,60
2023-06-25,SKU_0115,160,0,14.0,60
2023-07-02,SKU_0115,130,0,14.0,60
2023-07-09,SKU_0115,99,0,14.0,60
2023-07-16,SKU_0115,87,0,14.0,60
2023-07-23,SKU_0115,66,0,14.0,60
2023-07-30,SKU_0115,52,54,14.0,60
2023-08-06,SKU_0115,130,0,14.0,60
2023-08-13,SKU_0115,116,0,14.0,60
2023-08-20,SKU_0115,82,0,14.0,60
2023-08-27,SKU_0115,60,0,14.0,60
2023-09-03,SKU_0115,194,0,14.0,60
2023-09-10,SKU_0115,137,0,14.0,60
2023-09-17,SKU_0115,113,0,14.0,60
2023-09-24,SKU_0115,88,0,14.0,60
2023-10-01,SKU_0115,79,0,14.0,60
2023-10-08,SKU_0115,61,0,14.0,60
2023-10-15,SKU_0115,44,148,14.0,60
2023-10-22,SKU_0115,32,131,14.0,60
2023-10-29,SKU_0115,161,0,14.0,60
2023-11-05,SKU_0115,136,0,14.0,60
2023-11-12,SKU_0115,96,0,14.0,60
2023-11-19,SKU_0115,78,0,14.0,60
2023-11-26,SKU_0115,75,0,14.0,60
2023-12-03,SKU_0115,254,0,14.0,60
2023-12-10,SKU_0115,254,0,14.0,60
2023-12-17,SKU_0115,199,0,14.0,60
2023-12-24,SKU_0115,188,0,14.0,60
2023-12-31,SKU_0115,175,0,14.0,60
2024-01-07,SKU_0115,156,0,14.0,60
2024-01-14,SKU_0115,121,0,14.0,60
2024-01-21,SKU_0115,101,0,14.0,60
2024-01-28,SKU_0115,82,0,14.0,60
2024-02-04,SKU_0115,61,0,14.0,60
2024-02-11,SKU_0115,58,139,14.0,60
2024-02-18,SKU_0115,143,0,14.0,60
2024-02-25,SKU_0115,109,0,14.0,60
2024-03-03,SKU_0115,108,0,14.0,60
2024-03-10,SKU_0115,76,0,14.0,60
2024-03-17,SKU_0115,60,0,14.0,60
2024-03-24,SKU_0115,53,146,14.0,60
2024-03-31,SKU_0115,210,0,14.0,60
2024-04-07,SKU_0115,198,0,14.0,60
2024-04-14,SKU_0115,196,0,14.0,60
2024-04-21,SKU_0115,172,0,14.0,60
2024-04-28,SKU_0115,161,0,14.0,60
2024-05-05,SKU_0115,132,0,14.0,60
2024-05-12,SKU_0115,101,0,14.0,60
2024-05-19,SKU_0115,77,0,14.0,60
2024-05-26,SKU_0115,61,0,14.0,60
2024-06-02,SKU_0115,54,82,14.0,60
2024-06-09,SKU_0115,142,0,14.0,60
2024-06-16,SKU_0115,140,0,14.0,60
2024-06-23,SKU_0115,137,0,14.0,60
2024-06-30,SKU_0115,119,0,14.0,60
2024-07-07,SKU_0115,104,0,14.0,60
2024-07-14,SKU_0115,90,0,14.0,60
2024-07-21,SKU_0115,84,0,14.0,60
2024-07-28,SKU_0115,66,0,14.0,60
2024-08-04,SKU_0115,53,111,14.0,60
2024-08-11,SKU_0115,213,0,14.0,60
2024-08-18,SKU_0115,162,0,14.0,60
2024-08-25,SKU_0115,142,0,14.0,60
2024-09-01,SKU_0115,127,0,14.0,60
2024-09-08,SKU_0115,124,0,14.0,60
2024-09-15,SKU_0115,89,0,14.0,60
2024-09-22,SKU_0115,67,0,14.0,60
2024-09-29,SKU_0115,138,0,14.0,60
2024-10-06,SKU_0115,138,0,14.0,60
2024-10-13,SKU_0115,120,0,14.0,60
2024-10-20,SKU_0115,118,0,14.0,60
2024-10-27,SKU_0115,104,0,14.0,60
2024-11-03,SKU_0115,75,0,14.0,60
2024-11-10,SKU_0115,65,0,14.0,60
2024-11-17,SKU_0115,47,100,14.0,60
2024-11-24,SKU_0115,47,143,14.0,60
2024-12-01,SKU_0115,164,0,14.0,60
2024-12-08,SKU_0115,157,0,14.0,60
2024-12-15,SKU_0115,143,0,14.0,60
2024-12-22,SKU_0115,133,0,14.0,60
2024-12-29,SKU_0115,115,0,14.0,60
2023-01-01,SKU_0116,325,0,21.0,45
2023-01-08,SKU_0116,233,0,21.0,45
2023-01-15,SKU_0116,168,0,21.0,45
2023-01-22,SKU_0116,148,0,21.0,45
2023-01-29,SKU_0116,129,0,21.0,45
2023-02-05,SKU_0116,109,0,21.0,45
2023-02-12,SKU_0116,87,0,21.0,45
2023-02-19,SKU_0116,76,0,21.0,45
2023-02-26,SKU_0116,74,0,21.0,45
2023-03-05,SKU_0116,74,0,21.0,45
2023-03-12,SKU_0116,61,0,21.0,45
2023-03-19,SKU_0116,49,0,21.0,45
2023-03-26,SKU_0116,48,0,21.0,45
2023-04-02,SKU_0116,38,96,21.0,45
2023-04-09,SKU_0116,27,100,21.0,45
2023-04-16,SKU_0116,27,152,21.0,45
2023-04-23,SKU_0116,22,59,21.0,45
2023-04-30,SKU_0116,216,0,21.0,45
2023-05-07,SKU_0116,202,0,21.0,45
2023-05-14,SKU_0116,192,0,21.0,45
2023-05-21,SKU_0116,186,0,21.0,45
2023-05-28,SKU_0116,143,0,21.0,45
2023-06-04,SKU_0116,110,0,21.0,45
2023-06-11,SKU_0116,90,0,21.0,45
2023-06-18,SKU_0116,71,0,21.0,45
2023-06-25,SKU_0116,70,0,21.0,45
2023-07-02,SKU_0116,57,0,21.0,45
2023-07-09,SKU_0116,52,0,21.0,45
2023-07-16,SKU_0116,45,0,21.0,45
2023-07-23,SKU_0116,36,91,21.0,45
2023-07-30,SKU_0116,32,107,21.0,45
2023-08-06,SKU_0116,220,0,21.0,45
2023-08-13,SKU_0116,214,0,21.0,45
2023-08-20,SKU_0116,172,0,21.0,45
2023-08-27,SKU_0116,121,0,21.0,45
2023-09-03,SKU_0116,89,0,21.0,45
2023-09-10,SKU_0116,80,0,21.0,45
2023-09-17,SKU_0116,75,0,21.0,45
2023-09-24,SKU_0116,70,0,21.0,45
2023-10-01,SKU_0116,64,0,21.0,45
2023-10-08,SKU_0116,51,0,21.0,45
2023-10-15,SKU_0116,39,138,21.0,45
2023-10-22,SKU_0116,34,95,21.0,45
2023-10-29,SKU_0116,31,192,21.0,45
2023-11-05,SKU_0116,23,129,21.0,45
2023-11-12,SKU_0116,170,0,21.0,45
2023-11-19,SKU_0116,154,0,21.0,45
2023-11-26,SKU_0116,115,0,21.0,45
2023-12-03,SKU_0116,115,0,21.0,45
2023-12-10,SKU_0116,86,0,21.0,45
2023-12-17,SKU_0116,71,0,21.0,45
2023-12-24,SKU_0116,58,0,21.0,45
2023-12-31,SKU_0116,58,0,21.0,45
2024-01-07,SKU_0116,50,0,21.0,45
2024-01-14,SKU_0116,47,0,21.0,45
2024-01-21,SKU_0116,196,0,21.0,45
2024-01-28,SKU_0116,175,0,21.0,45
2024-02-04,SKU_0116,166,0,21.0,45
2024-02-11,SKU_0116,149,0,21.0,45
2024-02-18,SKU_0116,107,0,21.0,45
2024-02-25,SKU_0116,83,0,21.0,45
2024-03-03,SKU_0116,67,0,21.0,45
2024-03-10,SKU_0116,53,0,21.0,45
2024-03-17,SKU_0116,52,0,21.0,45
2024-03-24,SKU_0116,39,145,21.0,45
2024-03-31,SKU_0116,153,0,21.0,45
2024-04-07,SKU_0116,121,0,21.0,45
2024-04-14,SKU_0116,110,0,21.0,45
2024-04-21,SKU_0116,98,0,21.0,45
2024-04-28,SKU_0116,97,0,21.0,45
2024-05-05,SKU_0116,82,0,21.0,45
2024-05-12,SKU_0116,75,0,21.0,45
2024-05-19,SKU_0116,54,0,21.0,45
2024-05-26,SKU_0116,162,0,21.0,45
2024-06-02,SKU_0116,137,0,21.0,45
2024-06-09,SKU_0116,125,0,21.0,45
2024-06-16,SKU_0116,97,0,21.0,45
2024-06-23,SKU_0116,84,0,21.0,45
2024-06-30,SKU_0116,75,0,21.0,45
2024-07-07,SKU_0116,54,0,21.0,45
2024-07-14,SKU_0116,236,0,21.0,45
2024-07-21,SKU_0116,200,0,21.0,45
2024-07-28,SKU_0116,167,0,21.0,45
2024-08-04,SKU_0116,157,0,21.0,45
2024-08-11,SKU_0116,149,0,21.0,45
2024-08-18,SKU_0116,143,0,21.0,45
2024-08-25,SKU_0116,119,0,21.0,45
2024-09-01,SKU_0116,84,0,21.0,45
2024-09-08,SKU_0116,65,0,21.0,45
2024-09-15,SKU_0116,60,0,21.0,45
2024-09-22,SKU_0116,48,0,21.0,45
2024-09-29,SKU_0116,134,0,21.0,45
2024-10-06,SKU_0116,124,0,21.0,45
2024-10-13,SKU_0116,114,0,21.0,45
2024-10-20,SKU_0116,81,0,21.0,45
2024-10-27,SKU_0116,74,0,21.0,45
2024-11-03,SKU_0116,55,0,21.0,45
2024-11-10,SKU_0116,53,0,21.0,45
2024-11-17,SKU_0116,44,118,21.0,45
2024-11-24,SKU_0116,117,0,21.0,45
2024-12-01,SKU_0116,101,0,21.0,45
2024-12-08,SKU_0116,92,0,21.0,45
2024-12-15,SKU_0116,81,0,21.0,45
2024-12-22,SKU_0116,57,0,21.0,45
2024-12-29,SKU_0116,44,151,21.0,45
2023-01-01,SKU_0117,86,0,7.0,66
2023-01-08,SKU_0117,68,0,7.0,66
2023-01-15,SKU_0117,234,0,7.0,66
2023-01-22,SKU_0117,196,0,7.0,66
2023-01-29,SKU_0117,188,0,7.0,66
2023-02-05,SKU_0117,187,0,7.0,66
2023-02-12,SKU_0117,157,0,7.0,66
2023-02-19,SKU_0117,151,0,7.0,66
2023-02-26,SKU_0117,106,0,7.0,66
2023-03-05,SKU_0117,96,0,7.0,66
2023-03-12,SKU_0117,70,0,7.0,66
2023-03-19,SKU_0117,114,0,7.0,66
2023-03-26,SKU_0117,94,0,7.0,66
2023-04-02,SKU_0117,68,0,7.0,66
2023-04-09,SKU_0117,59,106,7.0,66
2023-04-16,SKU_0117,129,0,7.0,66
2023-04-23,SKU_0117,111,0,7.0,66
2023-04-30,SKU_0117,99,0,7.0,66
2023-05-07,SKU_0117,84,0,7.0,66
2023-05-14,SKU_0117,64,63,7.0,66
2023-05-21,SKU_0117,160,0,7.0,66
2023-05-28,SKU_0117,133,0,7.0,66
2023-06-04,SKU_0117,106,0,7.0,66
2023-06-11,SKU_0117,82,0,7.0,66
2023-06-18,SKU_0117,75,0,7.0,66
2023-06-25,SKU_0117,248,0,7.0,66
2023-07-02,SKU_0117,185,0,7.0,66
2023-07-09,SKU_0117,147,0,7.0,66
2023-07-16,SKU_0117,135,0,7.0,66
2023-07-23,SKU_0117,95,0,7.0,66
2023-07-30,SKU_0117,93,0,7.0,66
2023-08-06,SKU_0117,69,0,7.0,66
2023-08-13,SKU_0117,67,0,7.0,66
2023-08-20,SKU_0117,230,0,7.0,66
2023-08-27,SKU_0117,187,0,7.0,66
2023-09-03,SKU_0117,164,0,7.0,66
2023-09-10,SKU_0117,140,0,7.0,66
2023-09-17,SKU_0117,118,0,7.0,66
2023-09-24,SKU_0117,88,0,7.0,66
2023-10-01,SKU_0117,78,0,7.0,66
2023-10-08,SKU_0117,66,0,7.0,66
2023-10-15,SKU_0117,113,0,7.0,66
2023-10-22,SKU_0117,100,0,7.0,66
2023-10-29,SKU_0117,73,0,7.0,66
2023-11-05,SKU_0117,180,0,7.0,66
2023-11-12,SKU_0117,147,0,7.0,66
2023-11-19,SKU_0117,106,0,7.0,66
2023-11-26,SKU_0117,90,0,7.0,66
2023-12-03,SKU_0117,64,115,7.0,66
2023-12-10,SKU_0117,206,0,7.0,66
2023-12-17,SKU_0117,182,0,7.0,66
2023-12-24,SKU_0117,132,0,7.0,66
2023-12-31,SKU_0117,122,0,7.0,66
2024-01-07,SKU_0117,104,0,7.0,66
2024-01-14,SKU_0117,102,0,7.0,66
2024-01-21,SKU_0117,93,0,7.0,66
2024-01-28,SKU_0117,66,0,7.0,66
2024-02-04,SKU_0117,65,87,7.0,66
2024-02-11,SKU_0117,154,0,7.0,66
2024-02-18,SKU_0117,146,0,7.0,66
2024-02-25,SKU_0117,120,0,7.0,66
2024-03-03,SKU_0117,93,0,7.0,66
2024-03-10,SKU_0117,66,0,7.0,66
2024-03-17,SKU_0117,61,154,7.0,66
2024-03-24,SKU_0117,137,0,7.0,66
2024-03-31,SKU_0117,134,0,7.0,66
2024-04-07,SKU_0117,111,0,7.0,66
2024-04-14,SKU_0117,109,0,7.0,66
2024-04-21,SKU_0117,83,0,7.0,66
2024-04-28,SKU_0117,69,0,7.0,66
2024-05-05,SKU_0117,203,0,7.0,66
2024-05-12,SKU_0117,163,0,7.0,66
2024-05-19,SKU_0117,150,0,7.0,66
2024-05-26,SKU_0117,150,0,7.0,66
2024-06-02,SKU_0117,139,0,7.0,66
2024-06-09,SKU_0117,137,0,7.0,66
2024-06-16,SKU_0117,106,0,7.0,66
2024-06-23,SKU_0117,84,0,7.0,66
2024-06-30,SKU_0117,81,0,7.0,66
2024-07-07,SKU_0117,66,0,7.0,66
2024-07-14,SKU_0117,60,66,7.0,66
2024-07-21,SKU_0117,57,59,7.0,66
2024-07-28,SKU_0117,46,103,7.0,66
2024-08-04,SKU_0117,33,109,7.0,66
2024-08-11,SKU_0117,107,0,7.0,66
2024-08-18,SKU_0117,99,0,7.0,66
2024-08-25,SKU_0117,87,0,7.0,66
2024-09-01,SKU_0117,72,0,7.0,66
2024-09-08,SKU_0117,69,0,7.0,66
2024-09-15,SKU_0117,58,134,7.0,66
2024-09-22,SKU_0117,45,110,7.0,66
2024-09-29,SKU_0117,32,177,7.0,66
2024-10-06,SKU_0117,175,0,7.0,66
2024-10-13,SKU_0117,127,0,7.0,66
2024-10-20,SKU_0117,122,0,7.0,66
2024-10-27,SKU_0117,111,0,7.0,66
2024-11-03,SKU_0117,81,0,7.0,66
2024-11-10,SKU_0117,77,0,7.0,66
2024-11-17,SKU_0117,64,68,7.0,66
2024-11-24,SKU_0117,47,165,7.0,66
2024-12-01,SKU_0117,43,164,7.0,66
2024-12-08,SKU_0117,224,0,7.0,66
2024-12-15,SKU_0117,158,0,7.0,66
2024-12-22,SKU_0117,139,0,7.0,66
2024-12-29,SKU_0117,115,0,7.0,66
2023-01-01,SKU_0118,295,0,14.0,55
2023-01-08,SKU_0118,291,0,14.0,55
2023-01-15,SKU_0118,291,0,14.0,55
2023-01-22,SKU_0118,249,0,14.0,55
2023-01-29,SKU_0118,228,0,14.0,55
2023-02-05,SKU_0118,220,0,14.0,55
2023-02-12,SKU_0118,172,0,14.0,55
2023-02-19,SKU_0118,129,0,14.0,55
2023-02-26,SKU_0118,91,0,14.0,55
2023-03-05,SKU_0118,71,0,14.0,55
2023-03-12,SKU_0118,58,0,14.0,55
2023-03-19,SKU_0118,48,55,14.0,55
2023-03-26,SKU_0118,35,174,14.0,55
2023-04-02,SKU_0118,25,56,14.0,55
2023-04-09,SKU_0118,181,0,14.0,55
2023-04-16,SKU_0118,127,0,14.0,55
2023-04-23,SKU_0118,89,0,14.0,55
2023-04-30,SKU_0118,67,0,14.0,55
2023-05-07,SKU_0118,57,0,14.0,55
2023-05-14,SKU_0118,54,71,14.0,55
2023-05-21,SKU_0118,175,0,14.0,55
2023-05-28,SKU_0118,156,0,14.0,55
2023-06-04,SKU_0118,135,0,14.0,55
2023-06-11,SKU_0118,115,0,14.0,55
2023-06-18,SKU_0118,87,0,14.0,55
2023-06-25,SKU_0118,63,0,14.0,55
2023-07-02,SKU_0118,45,180,14.0,55
2023-07-09,SKU_0118,173,0,14.0,55
2023-07-16,SKU_0118,167,0,14.0,55
2023-07-23,SKU_0118,144,0,14.0,55
2023-07-30,SKU_0118,106,0,14.0,55
2023-08-06,SKU_0118,95,0,14.0,55
2023-08-13,SKU_0118,93,0,14.0,55
2023-08-20,SKU_0118,68,0,14.0,55
2023-08-27,SKU_0118,137,0,14.0,55
2023-09-03,SKU_0118,100,0,14.0,55
2023-09-10,SKU_0118,85,0,14.0,55
2023-09-17,SKU_0118,83,0,14.0,55
2023-09-24,SKU_0118,71,0,14.0,55
2023-10-01,SKU_0118,54,195,14.0,55
2023-10-08,SKU_0118,111,0,14.0,55
2023-10-15,SKU_0118,95,0,14.0,55
2023-10-22,SKU_0118,83,0,14.0,55
2023-10-29,SKU_0118,59,0,14.0,55
2023-11-05,SKU_0118,42,111,14.0,55
2023-11-12,SKU_0118,142,0,14.0,55
2023-11-19,SKU_0118,128,0,14.0,55
2023-11-26,SKU_0118,97,0,14.0,55
2023-12-03,SKU_0118,80,0,14.0,55
2023-12-10,SKU_0118,65,0,14.0,55
2023-12-17,SKU_0118,59,0,14.0,55
2023-12-24,SKU_0118,45,179,14.0,55
2023-12-31,SKU_0118,160,0,14.0,55
2024-01-07,SKU_0118,114,0,14.0,55
2024-01-14,SKU_0118,108,0,14.0,55
2024-01-21,SKU_0118,89,0,14.0,55
2024-01-28,SKU_0118,79,0,14.0,55
2024-02-04,SKU_0118,78,0,14.0,55
2024-02-11,SKU_0118,56,0,14.0,55
2024-02-18,SKU_0118,45,105,14.0,55
2024-02-25,SKU_0118,40,147,14.0,55
2024-03-03,SKU_0118,33,180,14.0,55
2024-03-10,SKU_0118,214,0,14.0,55
2024-03-17,SKU_0118,210,0,14.0,55
2024-03-24,SKU_0118,168,0,14.0,55
2024-03-31,SKU_0118,151,0,14.0,55
2024-04-07,SKU_0118,144,0,14.0,55
2024-04-14,SKU_0118,142,0,14.0,55
2024-04-21,SKU_0118,129,0,14.0,55
2024-04-28,SKU_0118,94,0,14.0,55
2024-05-05,SKU_0118,79,0,14.0,55
2024-05-12,SKU_0118,78,0,14.0,55
2024-05-19,SKU_0118,57,0,14.0,55
2024-05-26,SKU_0118,236,0,14.0,55
2024-06-02,SKU_0118,207,0,14.0,55
2024-06-09,SKU_0118,159,0,14.0,55
2024-06-16,SKU_0118,146,0,14.0,55
2024-06-23,SKU_0118,134,0,14.0,55
2024-06-30,SKU_0118,118,0,14.0,55
2024-07-07,SKU_0118,89,0,14.0,55
2024-07-14,SKU_0118,75,0,14.0,55
2024-07-21,SKU_0118,75,0,14.0,55
2024-07-28,SKU_0118,69,0,14.0,55
2024-08-04,SKU_0118,54,139,14.0,55
2024-08-11,SKU_0118,48,158,14.0,55
2024-08-18,SKU_0118,147,0,14.0,55
2024-08-25,SKU_0118,113,0,14.0,55
2024-09-01,SKU_0118,99,0,14.0,55
2024-09-08,SKU_0118,74,0,14.0,55
2024-09-15,SKU_0118,64,0,14.0,55
2024-09-22,SKU_0118,50,89,14.0,55
2024-09-29,SKU_0118,93,0,14.0,55
2024-10-06,SKU_0118,76,0,14.0,55
2024-10-13,SKU_0118,141,0,14.0,55
2024-10-20,SKU_0118,128,0,14.0,55
2024-10-27,SKU_0118,91,0,14.0,55
2024-11-03,SKU_0118,88,0,14.0,55
2024-11-10,SKU_0118,68,0,14.0,55
2024-11-17,SKU_0118,67,0,14.0,55
2024-11-24,SKU_0118,51,155,14.0,55
2024-12-01,SKU_0118,44,116,14.0,55
2024-12-08,SKU_0118,171,0,14.0,55
2024-12-15,SKU_0118,122,0,14.0,55
2024-12-22,SKU_0118,89,0,14.0,55
2024-12-29,SKU_0118,73,0,14.0,55
2023-01-01,SKU_0119,97,0,21.0,89
2023-01-08,SKU_0119,154,0,21.0,89
2023-01-15,SKU_0119,133,0,21.0,89
2023-01-22,SKU_0119,118,0,21.0,89
2023-01-29,SKU_0119,108,0,21.0,89
2023-02-05,SKU_0119,100,0,21.0,89
2023-02-12,SKU_0119,123,0,21.0,89
2023-02-19,SKU_0119,116,0,21.0,89
2023-02-26,SKU_0119,96,0,21.0,89
2023-03-05,SKU_0119,87,182,21.0,89
2023-03-12,SKU_0119,85,61,21.0,89
2023-03-19,SKU_0119,184,0,21.0,89
2023-03-26,SKU_0119,144,0,21.0,89
2023-04-02,SKU_0119,114,0,21.0,89
2023-04-09,SKU_0119,94,0,21.0,89
2023-04-16,SKU_0119,190,0,21.0,89
2023-04-23,SKU_0119,170,0,21.0,89
2023-04-30,SKU_0119,141,0,21.0,89
2023-05-07,SKU_0119,101,0,21.0,89
2023-05-14,SKU_0119,79,55,21.0,89
2023-05-21,SKU_0119,125,0,21.0,89
2023-05-28,SKU_0119,95,0,21.0,89
2023-06-04,SKU_0119,92,0,21.0,89
2023-06-11,SKU_0119,219,0,21.0,89
2023-06-18,SKU_0119,178,0,21.0,89
2023-06-25,SKU_0119,175,0,21.0,89
2023-07-02,SKU_0119,169,0,21.0,89
2023-07-09,SKU_0119,153,0,21.0,89
2023-07-16,SKU_0119,134,0,21.0,89
2023-07-23,SKU_0119,106,0,21.0,89
2023-07-30,SKU_0119,91,0,21.0,89
2023-08-06,SKU_0119,156,0,21.0,89
2023-08-13,SKU_0119,152,0,21.0,89
2023-08-20,SKU_0119,110,0,21.0,89
2023-08-27,SKU_0119,105,0,21.0,89
2023-09-03,SKU_0119,105,0,21.0,89
2023-09-10,SKU_0119,95,0,21.0,89
2023-09-17,SKU_0119,150,0,21.0,89
2023-09-24,SKU_0119,140,0,21.0,89
2023-10-01,SKU_0119,98,0,21.0,89
2023-10-08,SKU_0119,97,0,21.0,89
2023-10-15,SKU_0119,138,0,21.0,89
2023-10-22,SKU_0119,105,0,21.0,89
2023-10-29,SKU_0119,266,0,21.0,89
2023-11-05,SKU_0119,218,0,21.0,89
2023-11-12,SKU_0119,158,0,21.0,89
2023-11-19,SKU_0119,143,0,21.0,89
2023-11-26,SKU_0119,129,0,21.0,89
2023-12-03,SKU_0119,116,0,21.0,89
2023-12-10,SKU_0119,102,0,21.0,89
2023-12-17,SKU_0119,92,0,21.0,89
2023-12-24,SKU_0119,90,0,21.0,89
2023-12-31,SKU_0119,244,0,21.0,89
2024-01-07,SKU_0119,176,0,21.0,89
2024-01-14,SKU_0119,170,0,21.0,89
2024-01-21,SKU_0119,138,0,21.0,89
2024-01-28,SKU_0119,97,0,21.0,89
2024-02-04,SKU_0119,97,0,21.0,89
2024-02-11,SKU_0119,77,175,21.0,89
2024-02-18,SKU_0119,76,94,21.0,89
2024-02-25,SKU_0119,63,117,21.0,89
2024-03-03,SKU_0119,120,0,21.0,89
2024-03-10,SKU_0119,117,0,21.0,89
2024-03-17,SKU_0119,99,0,21.0,89
2024-03-24,SKU_0119,144,0,21.0,89
2024-03-31,SKU_0119,105,0,21.0,89
2024-04-07,SKU_0119,101,0,21.0,89
2024-04-14,SKU_0119,84,71,21.0,89
2024-04-21,SKU_0119,59,111,21.0,89
2024-04-28,SKU_0119,185,0,21.0,89
2024-05-05,SKU_0119,141,0,21.0,89
2024-05-12,SKU_0119,103,0,21.0,89
2024-05-19,SKU_0119,102,0,21.0,89
2024-05-26,SKU_0119,244,0,21.0,89
2024-06-02,SKU_0119,201,0,21.0,89
2024-06-09,SKU_0119,168,0,21.0,89
2024-06-16,SKU_0119,126,0,21.0,89
2024-06-23,SKU_0119,102,0,21.0,89
2024-06-30,SKU_0119,92,0,21.0,89
2024-07-07,SKU_0119,75,71,21.0,89
2024-07-14,SKU_0119,71,115,21.0,89
2024-07-21,SKU_0119,55,191,21.0,89
2024-07-28,SKU_0119,144,0,21.0,89
2024-08-04,SKU_0119,143,0,21.0,89
2024-08-11,SKU_0119,119,0,21.0,89
2024-08-18,SKU_0119,105,0,21.0,89
2024-08-25,SKU_0119,265,0,21.0,89
2024-09-01,SKU_0119,197,0,21.0,89
2024-09-08,SKU_0119,171,0,21.0,89
2024-09-15,SKU_0119,125,0,21.0,89
2024-09-22,SKU_0119,115,0,21.0,89
2024-09-29,SKU_0119,107,0,21.0,89
2024-10-06,SKU_0119,217,0,21.0,89
2024-10-13,SKU_0119,185,0,21.0,89
2024-10-20,SKU_0119,166,0,21.0,89
2024-10-27,SKU_0119,131,0,21.0,89
2024-11-03,SKU_0119,113,0,21.0,89
2024-11-10,SKU_0119,107,0,21.0,89
2024-11-17,SKU_0119,94,0,21.0,89
2024-11-24,SKU_0119,69,97,21.0,89
2024-12-01,SKU_0119,61,139,21.0,89
2024-12-08,SKU_0119,231,0,21.0,89
2024-12-15,SKU_0119,173,0,21.0,89
2024-12-22,SKU_0119,153,0,21.0,89
2024-12-29,SKU_0119,132,0,21.0,89
2023-01-01,SKU_0120,423,0,28.0,91
2023-01-08,SKU_0120,323,0,28.0,91
2023-01-15,SKU_0120,263,0,28.0,91
2023-01-22,SKU_0120,244,0,28.0,91
2023-01-29,SKU_0120,182,0,28.0,91
2023-02-05,SKU_0120,175,0,28.0,91
2023-02-12,SKU_0120,170,0,28.0,91
2023-02-19,SKU_0120,167,0,28.0,91
2023-02-26,SKU_0120,122,0,28.0,91
2023-03-05,SKU_0120,106,0,28.0,91
2023-03-12,SKU_0120,92,0,28.0,91
2023-03-19,SKU_0120,76,184,28.0,91
2023-03-26,SKU_0120,60,167,28.0,91
2023-04-02,SKU_0120,52,176,28.0,91
2023-04-09,SKU_0120,207,0,28.0,91
2023-04-16,SKU_0120,156,0,28.0,91
2023-04-23,SKU_0120,137,0,28.0,91
2023-04-30,SKU_0120,122,0,28.0,91
2023-05-07,SKU_0120,119,0,28.0,91
2023-05-14,SKU_0120,97,0,28.0,91
2023-05-21,SKU_0120,69,50,28.0,91
2023-05-28,SKU_0120,53,173,28.0,91
2023-06-04,SKU_0120,167,0,28.0,91
2023-06-11,SKU_0120,119,0,28.0,91
2023-06-18,SKU_0120,146,0,28.0,91
2023-06-25,SKU_0120,103,0,28.0,91
2023-07-02,SKU_0120,273,0,28.0,91
2023-07-09,SKU_0120,268,0,28.0,91
2023-07-16,SKU_0120,236,0,28.0,91
2023-07-23,SKU_0120,224,0,28.0,91
2023-07-30,SKU_0120,207,0,28.0,91
2023-08-06,SKU_0120,172,0,28.0,91
2023-08-13,SKU_0120,165,0,28.0,91
2023-08-20,SKU_0120,134,0,28.0,91
2023-08-27,SKU_0120,98,0,28.0,91
2023-09-03,SKU_0120,190,0,28.0,91
2023-09-10,SKU_0120,146,0,28.0,91
2023-09-17,SKU_0120,140,0,28.0,91
2023-09-24,SKU_0120,103,0,28.0,91
2023-10-01,SKU_0120,80,170,28.0,91
2023-10-08,SKU_0120,247,0,28.0,91
2023-10-15,SKU_0120,212,0,28.0,91
2023-10-22,SKU_0120,162,0,28.0,91
2023-10-29,SKU_0120,121,0,28.0,91
2023-11-05,SKU_0120,99,0,28.0,91
2023-11-12,SKU_0120,81,146,28.0,91
2023-11-19,SKU_0120,218,0,28.0,91
2023-11-26,SKU_0120,187,0,28.0,91
2023-12-03,SKU_0120,141,0,28.0,91
2023-12-10,SKU_0120,135,0,28.0,91
2023-12-17,SKU_0120,121,0,28.0,91
2023-12-24,SKU_0120,106,0,28.0,91
2023-12-31,SKU_0120,95,0,28.0,91
2024-01-07,SKU_0120,249,0,28.0,91
2024-01-14,SKU_0120,239,0,28.0,91
2024-01-21,SKU_0120,184,0,28.0,91
2024-01-28,SKU_0120,164,0,28.0,91
2024-02-04,SKU_0120,132,0,28.0,91
2024-02-11,SKU_0120,105,0,28.0,91
2024-02-18,SKU_0120,99,0,28.0,91
2024-02-25,SKU_0120,77,145,28.0,91
2024-03-03,SKU_0120,206,0,28.0,91
2024-03-10,SKU_0120,206,0,28.0,91
2024-03-17,SKU_0120,159,0,28.0,91
2024-03-24,SKU_0120,113,0,28.0,91
2024-03-31,SKU_0120,228,0,28.0,91
2024-04-07,SKU_0120,167,0,28.0,91
2024-04-14,SKU_0120,142,0,28.0,91
2024-04-21,SKU_0120,112,0,28.0,91
2024-04-28,SKU_0120,191,0,28.0,91
2024-05-05,SKU_0120,188,0,28.0,91
2024-05-12,SKU_0120,170,0,28.0,91
2024-05-19,SKU_0120,127,0,28.0,91
2024-05-26,SKU_0120,90,183,28.0,91
2024-06-02,SKU_0120,120,0,28.0,91
2024-06-09,SKU_0120,102,0,28.0,91
2024-06-16,SKU_0120,79,131,28.0,91
2024-06-23,SKU_0120,149,0,28.0,91
2024-06-30,SKU_0120,128,0,28.0,91
2024-07-07,SKU_0120,123,0,28.0,91
2024-07-14,SKU_0120,95,0,28.0,91
2024-07-21,SKU_0120,94,0,28.0,91
2024-07-28,SKU_0120,83,74,28.0,91
2024-08-04,SKU_0120,187,0,28.0,91
2024-08-11,SKU_0120,137,0,28.0,91
2024-08-18,SKU_0120,125,0,28.0,91
2024-08-25,SKU_0120,121,0,28.0,91
2024-09-01,SKU_0120,118,0,28.0,91
2024-09-08,SKU_0120,97,0,28.0,91
2024-09-15,SKU_0120,92,0,28.0,91
2024-09-22,SKU_0120,80,123,28.0,91
2024-09-29,SKU_0120,244,0,28.0,91
2024-10-06,SKU_0120,191,0,28.0,91
2024-10-13,SKU_0120,142,0,28.0,91
2024-10-20,SKU_0120,135,0,28.0,91
2024-10-27,SKU_0120,135,0,28.0,91
2024-11-03,SKU_0120,96,0,28.0,91
2024-11-10,SKU_0120,71,98,28.0,91
2024-11-17,SKU_0120,63,156,28.0,91
2024-11-24,SKU_0120,45,125,28.0,91
2024-12-01,SKU_0120,123,0,28.0,91
2024-12-08,SKU_0120,93,0,28.0,91
2024-12-15,SKU_0120,90,81,28.0,91
2024-12-22,SKU_0120,90,65,28.0,91
2024-12-29,SKU_0120,168,0,28.0,91
2023-01-01,SKU_0121,100,0,14.0,72
2023-01-08,SKU_0121,96,0,14.0,72
2023-01-15,SKU_0121,83,0,14.0,72
2023-01-22,SKU_0121,72,0,14.0,72
2023-01-29,SKU_0121,65,149,14.0,72
2023-02-05,SKU_0121,127,0,14.0,72
2023-02-12,SKU_0121,115,0,14.0,72
2023-02-19,SKU_0121,85,0,14.0,72
2023-02-26,SKU_0121,79,0,14.0,72
2023-03-05,SKU_0121,211,0,14.0,72
2023-03-12,SKU_0121,154,0,14.0,72
2023-03-19,SKU_0121,134,0,14.0,72
2023-03-26,SKU_0121,121,0,14.0,72
2023-04-02,SKU_0121,108,0,14.0,72
2023-04-09,SKU_0121,105,0,14.0,72
2023-04-16,SKU_0121,103,0,14.0,72
2023-04-23,SKU_0121,100,0,14.0,72
2023-04-30,SKU_0121,94,0,14.0,72
2023-05-07,SKU_0121,71,120,14.0,72
2023-05-14,SKU_0121,127,0,14.0,72
2023-05-21,SKU_0121,108,0,14.0,72
2023-05-28,SKU_0121,91,0,14.0,72
2023-06-04,SKU_0121,79,0,14.0,72
2023-06-11,SKU_0121,255,0,14.0,72
2023-06-18,SKU_0121,244,0,14.0,72
2023-06-25,SKU_0121,224,0,14.0,72
2023-07-02,SKU_0121,162,0,14.0,72
2023-07-09,SKU_0121,150,0,14.0,72
2023-07-16,SKU_0121,142,0,14.0,72
2023-07-23,SKU_0121,122,0,14.0,72
2023-07-30,SKU_0121,121,0,14.0,72
2023-08-06,SKU_0121,95,0,14.0,72
2023-08-13,SKU_0121,77,0,14.0,72
2023-08-20,SKU_0121,158,0,14.0,72
2023-08-27,SKU_0121,151,0,14.0,72
2023-09-03,SKU_0121,142,0,14.0,72
2023-09-10,SKU_0121,128,0,14.0,72
2023-09-17,SKU_0121,121,0,14.0,72
2023-09-24,SKU_0121,113,0,14.0,72
2023-10-01,SKU_0121,98,0,14.0,72
2023-10-08,SKU_0121,72,0,14.0,72
2023-10-15,SKU_0121,227,0,14.0,72
2023-10-22,SKU_0121,172,0,14.0,72
2023-10-29,SKU_0121,148,0,14.0,72
2023-11-05,SKU_0121,135,0,14.0,72
2023-11-12,SKU_0121,107,0,14.0,72
2023-11-19,SKU_0121,105,0,14.0,72
2023-11-26,SKU_0121,99,0,14.0,72
2023-12-03,SKU_0121,89,0,14.0,72
2023-12-10,SKU_0121,68,116,14.0,72
2023-12-17,SKU_0121,247,0,14.0,72
2023-12-24,SKU_0121,188,0,14.0,72
2023-12-31,SKU_0121,138,0,14.0,72
2024-01-07,SKU_0121,124,0,14.0,72
2024-01-14,SKU_0121,96,0,14.0,72
2024-01-21,SKU_0121,88,0,14.0,72
2024-01-28,SKU_0121,85,0,14.0,72
2024-02-04,SKU_0121,241,0,14.0,72
2024-02-11,SKU_0121,188,0,14.0,72
2024-02-18,SKU_0121,132,0,14.0,72
2024-02-25,SKU_0121,99,0,14.0,72
2024-03-03,SKU_0121,80,0,14.0,72
2024-03-10,SKU_0121,57,189,14.0,72
2024-03-17,SKU_0121,219,0,14.0,72
2024-03-24,SKU_0121,210,0,14.0,72
2024-03-31,SKU_0121,172,0,14.0,72
2024-04-07,SKU_0121,138,0,14.0,72
2024-04-14,SKU_0121,107,0,14.0,72
2024-04-21,SKU_0121,75,0,14.0,72
2024-04-28,SKU_0121,65,123,14.0,72
2024-05-05,SKU_0121,47,129,14.0,72
2024-05-12,SKU_0121,122,0,14.0,72
2024-05-19,SKU_0121,97,0,14.0,72
2024-05-26,SKU_0121,76,0,14.0,72
2024-06-02,SKU_0121,60,97,14.0,72
2024-06-09,SKU_0121,58,55,14.0,72
2024-06-16,SKU_0121,145,0,14.0,72
2024-06-23,SKU_0121,107,0,14.0,72
2024-06-30,SKU_0121,96,0,14.0,72
2024-07-07,SKU_0121,77,0,14.0,72
2024-07-14,SKU_0121,221,0,14.0,72
2024-07-21,SKU_0121,169,0,14.0,72
2024-07-28,SKU_0121,151,0,14.0,72
2024-08-04,SKU_0121,140,0,14.0,72
2024-08-11,SKU_0121,107,0,14.0,72
2024-08-18,SKU_0121,91,0,14.0,72
2024-08-25,SKU_0121,75,0,14.0,72
2024-09-01,SKU_0121,72,0,14.0,72
2024-09-08,SKU_0121,103,0,14.0,72
2024-09-15,SKU_0121,75,0,14.0,72
2024-09-22,SKU_0121,203,0,14.0,72
2024-09-29,SKU_0121,179,0,14.0,72
2024-10-06,SKU_0121,134,0,14.0,72
2024-10-13,SKU_0121,97,0,14.0,72
2024-10-20,SKU_0121,83,0,14.0,72
2024-10-27,SKU_0121,198,0,14.0,72
2024-11-03,SKU_0121,163,0,14.0,72
2024-11-10,SKU_0121,147,0,14.0,72
2024-11-17,SKU_0121,121,0,14.0,72
2024-11-24,SKU_0121,98,0,14.0,72
2024-12-01,SKU_0121,84,0,14.0,72
2024-12-08,SKU_0121,128,0,14.0,72
2024-12-15,SKU_0121,122,0,14.0,72
2024-12-22,SKU_0121,121,0,14.0,72
2024-12-29,SKU_0121,106,0,14.0,72
2023-01-01,SKU_0122,100,0,14.0,82
2023-01-08,SKU_0122,84,0,14.0,82
2023-01-15,SKU_0122,161,0,14.0,82
2023-01-22,SKU_0122,125,0,14.0,82
2023-01-29,SKU_0122,110,0,14.0,82
2023-02-05,SKU_0122,84,0,14.0,82
2023-02-12,SKU_0122,77,161,14.0,82
2023-02-19,SKU_0122,57,99,14.0,82
2023-02-26,SKU_0122,51,81,14.0,82
2023-03-05,SKU_0122,40,159,14.0,82
2023-03-12,SKU_0122,33,103,14.0,82
2023-03-19,SKU_0122,31,176,14.0,82
2023-03-26,SKU_0122,136,0,14.0,82
2023-04-02,SKU_0122,101,0,14.0,82
2023-04-09,SKU_0122,94,0,14.0,82
2023-04-16,SKU_0122,207,0,14.0,82
2023-04-23,SKU_0122,169,0,14.0,82
2023-04-30,SKU_0122,143,0,14.0,82
2023-05-07,SKU_0122,116,0,14.0,82
2023-05-14,SKU_0122,95,0,14.0,82
2023-05-21,SKU_0122,77,180,14.0,82
2023-05-28,SKU_0122,77,178,14.0,82
2023-06-04,SKU_0122,56,163,14.0,82
2023-06-11,SKU_0122,43,64,14.0,82
2023-06-18,SKU_0122,32,147,14.0,82
2023-06-25,SKU_0122,28,135,14.0,82
2023-07-02,SKU_0122,217,0,14.0,82
2023-07-09,SKU_0122,190,0,14.0,82
2023-07-16,SKU_0122,144,0,14.0,82
2023-07-23,SKU_0122,105,0,14.0,82
2023-07-30,SKU_0122,87,0,14.0,82
2023-08-06,SKU_0122,83,0,14.0,82
2023-08-13,SKU_0122,81,135,14.0,82
2023-08-20,SKU_0122,80,156,14.0,82
2023-08-27,SKU_0122,75,164,14.0,82
2023-09-03,SKU_0122,149,0,14.0,82
2023-09-10,SKU_0122,119,0,14.0,82
2023-09-17,SKU_0122,96,0,14.0,82
2023-09-24,SKU_0122,88,0,14.0,82
2023-10-01,SKU_0122,167,0,14.0,82
2023-10-08,SKU_0122,131,0,14.0,82
2023-10-15,SKU_0122,105,0,14.0,82
2023-10-22,SKU_0122,269,0,14.0,82
2023-10-29,SKU_0122,260,0,14.0,82
2023-11-05,SKU_0122,211,0,14.0,82
2023-11-12,SKU_0122,150,0,14.0,82
2023-11-19,SKU_0122,119,0,14.0,82
2023-11-26,SKU_0122,109,0,14.0,82
2023-12-03,SKU_0122,90,0,14.0,82
2023-12-10,SKU_0122,71,92,14.0,82
2023-12-17,SKU_0122,182,0,14.0,82
2023-12-24,SKU_0122,163,0,14.0,82
2023-12-31,SKU_0122,128,0,14.0,82
2024-01-07,SKU_0122,90,0,14.0,82
2024-01-14,SKU_0122,83,0,14.0,82
2024-01-21,SKU_0122,83,0,14.0,82
2024-01-28,SKU_0122,232,0,14.0,82
2024-02-04,SKU_0122,193,0,14.0,82
2024-02-11,SKU_0122,166,0,14.0,82
2024-02-18,SKU_0122,134,0,14.0,82
2024-02-25,SKU_0122,116,0,14.0,82
2024-03-03,SKU_0122,95,0,14.0,82
2024-03-10,SKU_0122,89,0,14.0,82
2024-03-17,SKU_0122,65,167,14.0,82
2024-03-24,SKU_0122,211,0,14.0,82
2024-03-31,SKU_0122,158,0,14.0,82
2024-04-07,SKU_0122,143,0,14.0,82
2024-04-14,SKU_0122,121,0,14.0,82
2024-04-21,SKU_0122,102,0,14.0,82
2024-04-28,SKU_0122,97,0,14.0,82
2024-05-05,SKU_0122,154,0,14.0,82
2024-05-12,SKU_0122,152,0,14.0,82
2024-05-19,SKU_0122,131,0,14.0,82
2024-05-26,SKU_0122,94,0,14.0,82
2024-06-02,SKU_0122,87,0,14.0,82
2024-06-09,SKU_0122,65,108,14.0,82
2024-06-16,SKU_0122,52,131,14.0,82
2024-06-23,SKU_0122,207,0,14.0,82
2024-06-30,SKU_0122,174,0,14.0,82
2024-07-07,SKU_0122,145,0,14.0,82
2024-07-14,SKU_0122,129,0,14.0,82
2024-07-21,SKU_0122,107,0,14.0,82
2024-07-28,SKU_0122,276,0,14.0,82
2024-08-04,SKU_0122,244,0,14.0,82
2024-08-11,SKU_0122,178,0,14.0,82
2024-08-18,SKU_0122,170,0,14.0,82
2024-08-25,SKU_0122,145,0,14.0,82
2024-09-01,SKU_0122,120,0,14.0,82
2024-09-08,SKU_0122,114,0,14.0,82
2024-09-15,SKU_0122,85,0,14.0,82
2024-09-22,SKU_0122,71,60,14.0,82
2024-09-29,SKU_0122,64,160,14.0,82
2024-10-06,SKU_0122,222,0,14.0,82
2024-10-13,SKU_0122,159,0,14.0,82
2024-10-20,SKU_0122,152,0,14.0,82
2024-10-27,SKU_0122,148,0,14.0,82
2024-11-03,SKU_0122,127,0,14.0,82
2024-11-10,SKU_0122,120,0,14.0,82
2024-11-17,SKU_0122,88,0,14.0,82
2024-11-24,SKU_0122,77,195,14.0,82
2024-12-01,SKU_0122,171,0,14.0,82
2024-12-08,SKU_0122,152,0,14.0,82
2024-12-15,SKU_0122,143,0,14.0,82
2024-12-22,SKU_0122,112,0,14.0,82
2024-12-29,SKU_0122,107,0,14.0,82
2023-01-01,SKU_0123,52,0,21.0,34
2023-01-08,SKU_0123,38,0,21.0,34
2023-01-15,SKU_0123,27,113,21.0,34
2023-01-22,SKU_0123,106,0,21.0,34
2023-01-29,SKU_0123,93,0,21.0,34
2023-02-05,SKU_0123,90,0,21.0,34
2023-02-12,SKU_0123,87,0,21.0,34
2023-02-19,SKU_0123,74,0,21.0,34
2023-02-26,SKU_0123,73,0,21.0,34
2023-03-05,SKU_0123,73,0,21.0,34
2023-03-12,SKU_0123,66,0,21.0,34
2023-03-19,SKU_0123,65,0,21.0,34
2023-03-26,SKU_0123,63,0,21.0,34
2023-04-02,SKU_0123,54,0,21.0,34
2023-04-09,SKU_0123,45,0,21.0,34
2023-04-16,SKU_0123,45,0,21.0,34
2023-04-23,SKU_0123,45,0,21.0,34
2023-04-30,SKU_0123,37,0,21.0,34
2023-05-07,SKU_0123,37,0,21.0,34
2023-05-14,SKU_0123,31,191,21.0,34
2023-05-21,SKU_0123,23,167,21.0,34
2023-05-28,SKU_0123,17,146,21.0,34
2023-06-04,SKU_0123,85,0,21.0,34
2023-06-11,SKU_0123,80,0,21.0,34
2023-06-18,SKU_0123,61,0,21.0,34
2023-06-25,SKU_0123,43,0,21.0,34
2023-07-02,SKU_0123,31,107,21.0,34
2023-07-09,SKU_0123,138,0,21.0,34
2023-07-16,SKU_0123,108,0,21.0,34
2023-07-23,SKU_0123,91,0,21.0,34
2023-07-30,SKU_0123,73,0,21.0,34
2023-08-06,SKU_0123,66,0,21.0,34
2023-08-13,SKU_0123,53,0,21.0,34
2023-08-20,SKU_0123,51,0,21.0,34
2023-08-27,SKU_0123,48,0,21.0,34
2023-09-03,SKU_0123,39,0,21.0,34
2023-09-10,SKU_0123,213,0,21.0,34
2023-09-17,SKU_0123,183,0,21.0,34
2023-09-24,SKU_0123,152,0,21.0,34
2023-10-01,SKU_0123,141,0,21.0,34
2023-10-08,SKU_0123,121,0,21.0,34
2023-10-15,SKU_0123,118,0,21.0,34
2023-10-22,SKU_0123,107,0,21.0,34
2023-10-29,SKU_0123,81,0,21.0,34
2023-11-05,SKU_0123,74,0,21.0,34
2023-11-12,SKU_0123,55,0,21.0,34
2023-11-19,SKU_0123,43,0,21.0,34
2023-11-26,SKU_0123,39,0,21.0,34
2023-12-03,SKU_0123,33,64,21.0,34
2023-12-10,SKU_0123,136,0,21.0,34
2023-12-17,SKU_0123,110,0,21.0,34
2023-12-24,SKU_0123,82,0,21.0,34
2023-12-31,SKU_0123,81,0,21.0,34
2024-01-07,SKU_0123,65,0,21.0,34
2024-01-14,SKU_0123,56,0,21.0,34
2024-01-21,SKU_0123,53,0,21.0,34
2024-01-28,SKU_0123,41,0,21.0,34
2024-02-04,SKU_0123,37,0,21.0,34
2024-02-11,SKU_0123,198,0,21.0,34
2024-02-18,SKU_0123,173,0,21.0,34
2024-02-25,SKU_0123,157,0,21.0,34
2024-03-03,SKU_0123,123,0,21.0,34
2024-03-10,SKU_0123,113,0,21.0,34
2024-03-17,SKU_0123,97,0,21.0,34
2024-03-24,SKU_0123,74,0,21.0,34
2024-03-31,SKU_0123,74,0,21.0,34
2024-04-07,SKU_0123,53,0,21.0,34
2024-04-14,SKU_0123,53,0,21.0,34
2024-04-21,SKU_0123,50,0,21.0,34
2024-04-28,SKU_0123,42,0,21.0,34
2024-05-05,SKU_0123,94,0,21.0,34
2024-05-12,SKU_0123,84,0,21.0,34
2024-05-19,SKU_0123,60,0,21.0,34
2024-05-26,SKU_0123,48,0,21.0,34
2024-06-02,SKU_0123,48,0,21.0,34
2024-06-09,SKU_0123,42,0,21.0,34
2024-06-16,SKU_0123,42,0,21.0,34
2024-06-23,SKU_0123,40,0,21.0,34
2024-06-30,SKU_0123,34,0,21.0,34
2024-07-07,SKU_0123,75,0,21.0,34
2024-07-14,SKU_0123,63,0,21.0,34
2024-07-21,SKU_0123,51,0,21.0,34
2024-07-28,SKU_0123,49,0,21.0,34
2024-08-04,SKU_0123,38,0,21.0,34
2024-08-11,SKU_0123,37,0,21.0,34
2024-08-18,SKU_0123,165,0,21.0,34
2024-08-25,SKU_0123,128,0,21.0,34
2024-09-01,SKU_0123,126,0,21.0,34
2024-09-08,SKU_0123,92,0,21.0,34
2024-09-15,SKU_0123,85,0,21.0,34
2024-09-22,SKU_0123,80,0,21.0,34
2024-09-29,SKU_0123,80,0,21.0,34
2024-10-06,SKU_0123,75,0,21.0,34
2024-10-13,SKU_0123,56,0,21.0,34
2024-10-20,SKU_0123,53,0,21.0,34
2024-10-27,SKU_0123,39,0,21.0,34
2024-11-03,SKU_0123,201,0,21.0,34
2024-11-10,SKU_0123,143,0,21.0,34
2024-11-17,SKU_0123,133,0,21.0,34
2024-11-24,SKU_0123,113,0,21.0,34
2024-12-01,SKU_0123,113,0,21.0,34
2024-12-08,SKU_0123,112,0,21.0,34
2024-12-15,SKU_0123,91,0,21.0,34
2024-12-22,SKU_0123,79,0,21.0,34
2024-12-29,SKU_0123,79,0,21.0,34
2023-01-01,SKU_0124,237,0,28.0,49
2023-01-08,SKU_0124,199,0,28.0,49
2023-01-15,SKU_0124,165,0,28.0,49
2023-01-22,SKU_0124,143,0,28.0,49
2023-01-29,SKU_0124,103,0,28.0,49
2023-02-05,SKU_0124,90,0,28.0,49
2023-02-12,SKU_0124,76,0,28.0,49
2023-02-19,SKU_0124,56,0,28.0,49
2023-02-26,SKU_0124,115,0,28.0,49
2023-03-05,SKU_0124,81,0,28.0,49
2023-03-12,SKU_0124,66,0,28.0,49
2023-03-19,SKU_0124,61,0,28.0,49
2023-03-26,SKU_0124,60,0,28.0,49
2023-04-02,SKU_0124,56,0,28.0,49
2023-04-09,SKU_0124,53,0,28.0,49
2023-04-16,SKU_0124,164,0,28.0,49
2023-04-23,SKU_0124,160,0,28.0,49
2023-04-30,SKU_0124,114,0,28.0,49
2023-05-07,SKU_0124,99,0,28.0,49
2023-05-14,SKU_0124,71,0,28.0,49
2023-05-21,SKU_0124,56,0,28.0,49
2023-05-28,SKU_0124,119,0,28.0,49
2023-06-04,SKU_0124,98,0,28.0,49
2023-06-11,SKU_0124,84,0,28.0,49
2023-06-18,SKU_0124,70,0,28.0,49
2023-06-25,SKU_0124,55,0,28.0,49
2023-07-02,SKU_0124,52,0,28.0,49
2023-07-09,SKU_0124,138,0,28.0,49
2023-07-16,SKU_0124,122,0,28.0,49
2023-07-23,SKU_0124,117,0,28.0,49
2023-07-30,SKU_0124,86,0,28.0,49
2023-08-06,SKU_0124,62,0,28.0,49
2023-08-13,SKU_0124,62,0,28.0,49
2023-08-20,SKU_0124,58,0,28.0,49
2023-08-27,SKU_0124,133,0,28.0,49
2023-09-03,SKU_0124,118,0,28.0,49
2023-09-10,SKU_0124,85,0,28.0,49
2023-09-17,SKU_0124,84,0,28.0,49
2023-09-24,SKU_0124,71,0,28.0,49
2023-10-01,SKU_0124,60,0,28.0,49
2023-10-08,SKU_0124,183,0,28.0,49
2023-10-15,SKU_0124,159,0,28.0,49
2023-10-22,SKU_0124,117,0,28.0,49
2023-10-29,SKU_0124,93,0,28.0,49
2023-11-05,SKU_0124,81,0,28.0,49
2023-11-12,SKU_0124,64,0,28.0,49
2023-11-19,SKU_0124,226,0,28.0,49
2023-11-26,SKU_0124,190,0,28.0,49
2023-12-03,SKU_0124,184,0,28.0,49
2023-12-10,SKU_0124,149,0,28.0,49
2023-12-17,SKU_0124,141,0,28.0,49
2023-12-24,SKU_0124,118,0,28.0,49
2023-12-31,SKU_0124,112,0,28.0,49
2024-01-07,SKU_0124,97,0,28.0,49
2024-01-14,SKU_0124,79,0,28.0,49
2024-01-21,SKU_0124,75,0,28.0,49
2024-01-28,SKU_0124,58,0,28.0,49
2024-02-04,SKU_0124,97,0,28.0,49
2024-02-11,SKU_0124,89,0,28.0,49
2024-02-18,SKU_0124,70,0,28.0,49
2024-02-25,SKU_0124,62,0,28.0,49
2024-03-03,SKU_0124,50,0,28.0,49
2024-03-10,SKU_0124,40,172,28.0,49
2024-03-17,SKU_0124,28,160,28.0,49
2024-03-24,SKU_0124,20,126,28.0,49
2024-03-31,SKU_0124,165,0,28.0,49
2024-04-07,SKU_0124,138,0,28.0,49
2024-04-14,SKU_0124,108,0,28.0,49
2024-04-21,SKU_0124,81,0,28.0,49
2024-04-28,SKU_0124,72,0,28.0,49
2024-05-05,SKU_0124,52,0,28.0,49
2024-05-12,SKU_0124,37,176,28.0,49
2024-05-19,SKU_0124,96,0,28.0,49
2024-05-26,SKU_0124,91,0,28.0,49
2024-06-02,SKU_0124,87,0,28.0,49
2024-06-09,SKU_0124,61,0,28.0,49
2024-06-16,SKU_0124,50,0,28.0,49
2024-06-23,SKU_0124,45,160,28.0,49
2024-06-30,SKU_0124,165,0,28.0,49
2024-07-07,SKU_0124,125,0,28.0,49
2024-07-14,SKU_0124,91,0,28.0,49
2024-07-21,SKU_0124,87,0,28.0,49
2024-07-28,SKU_0124,64,0,28.0,49
2024-08-04,SKU_0124,140,0,28.0,49
2024-08-11,SKU_0124,132,0,28.0,49
2024-08-18,SKU_0124,96,0,28.0,49
2024-08-25,SKU_0124,70,0,28.0,49
2024-09-01,SKU_0124,57,0,28.0,49
2024-09-08,SKU_0124,56,0,28.0,49
2024-09-15,SKU_0124,191,0,28.0,49
2024-09-22,SKU_0124,171,0,28.0,49
2024-09-29,SKU_0124,164,0,28.0,49
2024-10-06,SKU_0124,126,0,28.0,49
2024-10-13,SKU_0124,123,0,28.0,49
2024-10-20,SKU_0124,92,0,28.0,49
2024-10-27,SKU_0124,86,0,28.0,49
2024-11-03,SKU_0124,68,0,28.0,49
2024-11-10,SKU_0124,51,0,28.0,49
2024-11-17,SKU_0124,160,0,28.0,49
2024-11-24,SKU_0124,128,0,28.0,49
2024-12-01,SKU_0124,99,0,28.0,49
2024-12-08,SKU_0124,97,0,28.0,49
2024-12-15,SKU_0124,88,0,28.0,49
2024-12-22,SKU_0124,83,0,28.0,49
2024-12-29,SKU_0124,59,0,28.0,49
2023-01-01,SKU_0125,309,0,14.0,79
2023-01-08,SKU_0125,278,0,14.0,79
2023-01-15,SKU_0125,213,0,14.0,79
2023-01-22,SKU_0125,179,0,14.0,79
2023-01-29,SKU_0125,164,0,14.0,79
2023-02-05,SKU_0125,123,0,14.0,79
2023-02-12,SKU_0125,90,0,14.0,79
2023-02-19,SKU_0125,84,0,14.0,79
2023-02-26,SKU_0125,65,163,14.0,79
2023-03-05,SKU_0125,213,0,14.0,79
2023-03-12,SKU_0125,203,0,14.0,79
2023-03-19,SKU_0125,169,0,14.0,79
2023-03-26,SKU_0125,155,0,14.0,79
2023-04-02,SKU_0125,152,0,14.0,79
2023-04-09,SKU_0125,138,0,14.0,79
2023-04-16,SKU_0125,123,0,14.0,79
2023-04-23,SKU_0125,110,0,14.0,79
2023-04-30,SKU_0125,94,0,14.0,79
2023-05-07,SKU_0125,91,0,14.0,79
2023-05-14,SKU_0125,236,0,14.0,79
2023-05-21,SKU_0125,232,0,14.0,79
2023-05-28,SKU_0125,198,0,14.0,79
2023-06-04,SKU_0125,157,0,14.0,79
2023-06-11,SKU_0125,137,0,14.0,79
2023-06-18,SKU_0125,99,0,14.0,79
2023-06-25,SKU_0125,93,0,14.0,79
2023-07-02,SKU_0125,83,0,14.0,79
2023-07-09,SKU_0125,75,128,14.0,79
2023-07-16,SKU_0125,61,196,14.0,79
2023-07-23,SKU_0125,51,117,14.0,79
2023-07-30,SKU_0125,44,122,14.0,79
2023-08-06,SKU_0125,115,0,14.0,79
2023-08-13,SKU_0125,104,0,14.0,79
2023-08-20,SKU_0125,103,0,14.0,79
2023-08-27,SKU_0125,79,0,14.0,79
2023-09-03,SKU_0125,74,57,14.0,79
2023-09-10,SKU_0125,71,68,14.0,79
2023-09-17,SKU_0125,179,0,14.0,79
2023-09-24,SKU_0125,151,0,14.0,79
2023-10-01,SKU_0125,117,0,14.0,79
2023-10-08,SKU_0125,96,0,14.0,79
2023-10-15,SKU_0125,81,0,14.0,79
2023-10-22,SKU_0125,254,0,14.0,79
2023-10-29,SKU_0125,227,0,14.0,79
2023-11-05,SKU_0125,191,0,14.0,79
2023-11-12,SKU_0125,161,0,14.0,79
2023-11-19,SKU_0125,115,0,14.0,79
2023-11-26,SKU_0125,106,0,14.0,79
2023-12-03,SKU_0125,79,0,14.0,79
2023-12-10,SKU_0125,79,0,14.0,79
2023-12-17,SKU_0125,250,0,14.0,79
2023-12-24,SKU_0125,224,0,14.0,79
2023-12-31,SKU_0125,185,0,14.0,79
2024-01-07,SKU_0125,164,0,14.0,79
2024-01-14,SKU_0125,149,0,14.0,79
2024-01-21,SKU_0125,116,0,14.0,79
2024-01-28,SKU_0125,83,0,14.0,79
2024-02-04,SKU_0125,211,0,14.0,79
2024-02-11,SKU_0125,182,0,14.0,79
2024-02-18,SKU_0125,177,0,14.0,79
2024-02-25,SKU_0125,153,0,14.0,79
2024-03-03,SKU_0125,110,0,14.0,79
2024-03-10,SKU_0125,106,0,14.0,79
2024-03-17,SKU_0125,99,0,14.0,79
2024-03-24,SKU_0125,93,0,14.0,79
2024-03-31,SKU_0125,91,0,14.0,79
2024-04-07,SKU_0125,90,0,14.0,79
2024-04-14,SKU_0125,79,0,14.0,79
2024-04-21,SKU_0125,66,87,14.0,79
2024-04-28,SKU_0125,138,0,14.0,79
2024-05-05,SKU_0125,115,0,14.0,79
2024-05-12,SKU_0125,94,0,14.0,79
2024-05-19,SKU_0125,79,0,14.0,79
2024-05-26,SKU_0125,226,0,14.0,79
2024-06-02,SKU_0125,224,0,14.0,79
2024-06-09,SKU_0125,217,0,14.0,79
2024-06-16,SKU_0125,214,0,14.0,79
2024-06-23,SKU_0125,174,0,14.0,79
2024-06-30,SKU_0125,150,0,14.0,79
2024-07-07,SKU_0125,124,0,14.0,79
2024-07-14,SKU_0125,88,0,14.0,79
2024-07-21,SKU_0125,66,94,14.0,79
2024-07-28,SKU_0125,195,0,14.0,79
2024-08-04,SKU_0125,185,0,14.0,79
2024-08-11,SKU_0125,176,0,14.0,79
2024-08-18,SKU_0125,158,0,14.0,79
2024-08-25,SKU_0125,123,0,14.0,79
2024-09-01,SKU_0125,110,0,14.0,79
2024-09-08,SKU_0125,92,0,14.0,79
2024-09-15,SKU_0125,86,0,14.0,79
2024-09-22,SKU_0125,254,0,14.0,79
2024-09-29,SKU_0125,243,0,14.0,79
2024-10-06,SKU_0125,191,0,14.0,79
2024-10-13,SKU_0125,190,0,14.0,79
2024-10-20,SKU_0125,160,0,14.0,79
2024-10-27,SKU_0125,128,0,14.0,79
2024-11-03,SKU_0125,116,0,14.0,79
2024-11-10,SKU_0125,85,0,14.0,79
2024-11-17,SKU_0125,80,0,14.0,79
2024-11-24,SKU_0125,76,171,14.0,79
2024-12-01,SKU_0125,59,96,14.0,79
2024-12-08,SKU_0125,48,139,14.0,79
2024-12-15,SKU_0125,39,184,14.0,79
2024-12-22,SKU_0125,31,82,14.0,79
2024-12-29,SKU_0125,168,0,14.0,79
2023-01-01,SKU_0126,242,0,21.0,44
2023-01-08,SKU_0126,209,0,21.0,44
2023-01-15,SKU_0126,179,0,21.0,44
2023-01-22,SKU_0126,174,0,21.0,44
2023-01-29,SKU_0126,157,0,21.0,44
2023-02-05,SKU_0126,124,0,21.0,44
2023-02-12,SKU_0126,98,0,21.0,44
2023-02-19,SKU_0126,69,0,21.0,44
2023-02-26,SKU_0126,49,0,21.0,44
2023-03-05,SKU_0126,35,111,21.0,44
2023-03-12,SKU_0126,31,130,21.0,44
2023-03-19,SKU_0126,161,0,21.0,44
2023-03-26,SKU_0126,122,0,21.0,44
2023-04-02,SKU_0126,111,0,21.0,44
2023-04-09,SKU_0126,78,0,21.0,44
2023-04-16,SKU_0126,67,0,21.0,44
2023-04-23,SKU_0126,50,0,21.0,44
2023-04-30,SKU_0126,235,0,21.0,44
2023-05-07,SKU_0126,214,0,21.0,44
2023-05-14,SKU_0126,161,0,21.0,44
2023-05-21,SKU_0126,153,0,21.0,44
2023-05-28,SKU_0126,140,0,21.0,44
2023-06-04,SKU_0126,114,0,21.0,44
2023-06-11,SKU_0126,80,0,21.0,44
2023-06-18,SKU_0126,69,0,21.0,44
2023-06-25,SKU_0126,65,0,21.0,44
2023-07-02,SKU_0126,49,0,21.0,44
2023-07-09,SKU_0126,44,0,21.0,44
2023-07-16,SKU_0126,152,0,21.0,44
2023-07-23,SKU_0126,128,0,21.0,44
2023-07-30,SKU_0126,122,0,21.0,44
2023-08-06,SKU_0126,110,0,21.0,44
2023-08-13,SKU_0126,101,0,21.0,44
2023-08-20,SKU_0126,72,0,21.0,44
2023-08-27,SKU_0126,65,0,21.0,44
2023-09-03,SKU_0126,55,0,21.0,44
2023-09-10,SKU_0126,54,0,21.0,44
2023-09-17,SKU_0126,47,0,21.0,44
2023-09-24,SKU_0126,45,0,21.0,44
2023-10-01,SKU_0126,44,0,21.0,44
2023-10-08,SKU_0126,31,171,21.0,44
2023-10-15,SKU_0126,31,195,21.0,44
2023-10-22,SKU_0126,31,152,21.0,44
2023-10-29,SKU_0126,26,85,21.0,44
2023-11-05,SKU_0126,80,0,21.0,44
2023-11-12,SKU_0126,79,0,21.0,44
2023-11-19,SKU_0126,74,0,21.0,44
2023-11-26,SKU_0126,71,0,21.0,44
2023-12-03,SKU_0126,61,0,21.0,44
2023-12-10,SKU_0126,61,0,21.0,44
2023-12-17,SKU_0126,49,0,21.0,44
2023-12-24,SKU_0126,43,164,21.0,44
2023-12-31,SKU_0126,127,0,21.0,44
2024-01-07,SKU_0126,110,0,21.0,44
2024-01-14,SKU_0126,91,0,21.0,44
2024-01-21,SKU_0126,79,0,21.0,44
2024-01-28,SKU_0126,71,0,21.0,44
2024-02-04,SKU_0126,57,0,21.0,44
2024-02-11,SKU_0126,47,0,21.0,44
2024-02-18,SKU_0126,205,0,21.0,44
2024-02-25,SKU_0126,190,0,21.0,44
2024-03-03,SKU_0126,186,0,21.0,44
2024-03-10,SKU_0126,146,0,21.0,44
2024-03-17,SKU_0126,138,0,21.0,44
2024-03-24,SKU_0126,124,0,21.0,44
2024-03-31,SKU_0126,115,0,21.0,44
2024-04-07,SKU_0126,98,0,21.0,44
2024-04-14,SKU_0126,82,0,21.0,44
2024-04-21,SKU_0126,63,0,21.0,44
2024-04-28,SKU_0126,51,0,21.0,44
2024-05-05,SKU_0126,50,0,21.0,44
2024-05-12,SKU_0126,35,50,21.0,44
2024-05-19,SKU_0126,27,82,21.0,44
2024-05-26,SKU_0126,164,0,21.0,44
2024-06-02,SKU_0126,115,0,21.0,44
2024-06-09,SKU_0126,89,0,21.0,44
2024-06-16,SKU_0126,79,0,21.0,44
2024-06-23,SKU_0126,68,0,21.0,44
2024-06-30,SKU_0126,52,0,21.0,44
2024-07-07,SKU_0126,205,0,21.0,44
2024-07-14,SKU_0126,155,0,21.0,44
2024-07-21,SKU_0126,151,0,21.0,44
2024-07-28,SKU_0126,132,0,21.0,44
2024-08-04,SKU_0126,117,0,21.0,44
2024-08-11,SKU_0126,103,0,21.0,44
2024-08-18,SKU_0126,103,0,21.0,44
2024-08-25,SKU_0126,76,0,21.0,44
2024-09-01,SKU_0126,74,0,21.0,44
2024-09-08,SKU_0126,57,0,21.0,44
2024-09-15,SKU_0126,56,0,21.0,44
2024-09-22,SKU_0126,51,0,21.0,44
2024-09-29,SKU_0126,44,0,21.0,44
2024-10-06,SKU_0126,224,0,21.0,44
2024-10-13,SKU_0126,196,0,21.0,44
2024-10-20,SKU_0126,154,0,21.0,44
2024-10-27,SKU_0126,135,0,21.0,44
2024-11-03,SKU_0126,117,0,21.0,44
2024-11-10,SKU_0126,96,0,21.0,44
2024-11-17,SKU_0126,76,0,21.0,44
2024-11-24,SKU_0126,72,0,21.0,44
2024-12-01,SKU_0126,59,0,21.0,44
2024-12-08,SKU_0126,45,0,21.0,44
2024-12-15,SKU_0126,93,0,21.0,44
2024-12-22,SKU_0126,90,0,21.0,44
2024-12-29,SKU_0126,82,0,21.0,44
2023-01-01,SKU_0127,80,0,7.0,20
2023-01-08,SKU_0127,79,0,7.0,20
2023-01-15,SKU_0127,71,0,7.0,20
2023-01-22,SKU_0127,68,0,7.0,20
2023-01-29,SKU_0127,58,0,7.0,20
2023-02-05,SKU_0127,57,0,7.0,20
2023-02-12,SKU_0127,47,0,7.0,20
2023-02-19,SKU_0127,36,0,7.0,20
2023-02-26,SKU_0127,30,0,7.0,20
2023-03-05,SKU_0127,27,0,7.0,20
2023-03-12,SKU_0127,24,0,7.0,20
2023-03-19,SKU_0127,20,0,7.0,20
2023-03-26,SKU_0127,19,165,7.0,20
2023-04-02,SKU_0127,14,93,7.0,20
2023-04-09,SKU_0127,12,67,7.0,20
2023-04-16,SKU_0127,12,55,7.0,20
2023-04-23,SKU_0127,11,125,7.0,20
2023-04-30,SKU_0127,196,0,7.0,20
2023-05-07,SKU_0127,149,0,7.0,20
2023-05-14,SKU_0127,128,0,7.0,20
2023-05-21,SKU_0127,118,0,7.0,20
2023-05-28,SKU_0127,105,0,7.0,20
2023-06-04,SKU_0127,86,0,7.0,20
2023-06-11,SKU_0127,84,0,7.0,20
2023-06-18,SKU_0127,71,0,7.0,20
2023-06-25,SKU_0127,59,0,7.0,20
2023-07-02,SKU_0127,51,0,7.0,20
2023-07-09,SKU_0127,43,0,7.0,20
2023-07-16,SKU_0127,31,0,7.0,20
2023-07-23,SKU_0127,24,0,7.0,20
2023-07-30,SKU_0127,23,0,7.0,20
2023-08-06,SKU_0127,19,124,7.0,20
2023-08-13,SKU_0127,15,54,7.0,20
2023-08-20,SKU_0127,186,0,7.0,20
2023-08-27,SKU_0127,156,0,7.0,20
2023-09-03,SKU_0127,139,0,7.0,20
2023-09-10,SKU_0127,130,0,7.0,20
2023-09-17,SKU_0127,108,0,7.0,20
2023-09-24,SKU_0127,105,0,7.0,20
2023-10-01,SKU_0127,101,0,7.0,20
2023-10-08,SKU_0127,99,0,7.0,20
2023-10-15,SKU_0127,82,0,7.0,20
2023-10-22,SKU_0127,77,0,7.0,20
2023-10-29,SKU_0127,72,0,7.0,20
2023-11-05,SKU_0127,60,0,7.0,20
2023-11-12,SKU_0127,60,0,7.0,20
2023-11-19,SKU_0127,57,0,7.0,20
2023-11-26,SKU_0127,43,0,7.0,20
2023-12-03,SKU_0127,34,0,7.0,20
2023-12-10,SKU_0127,31,0,7.0,20
2023-12-17,SKU_0127,31,0,7.0,20
2023-12-24,SKU_0127,27,0,7.0,20
2023-12-31,SKU_0127,25,0,7.0,20
2024-01-07,SKU_0127,22,0,7.0,20
2024-01-14,SKU_0127,22,0,7.0,20
2024-01-21,SKU_0127,168,0,7.0,20
2024-01-28,SKU_0127,134,0,7.0,20
2024-02-04,SKU_0127,105,0,7.0,20
2024-02-11,SKU_0127,105,0,7.0,20
2024-02-18,SKU_0127,79,0,7.0,20
2024-02-25,SKU_0127,61,0,7.0,20
2024-03-03,SKU_0127,48,0,7.0,20
2024-03-10,SKU_0127,34,0,7.0,20
2024-03-17,SKU_0127,26,0,7.0,20
2024-03-24,SKU_0127,21,0,7.0,20
2024-03-31,SKU_0127,21,0,7.0,20
2024-04-07,SKU_0127,17,179,7.0,20
2024-04-14,SKU_0127,17,89,7.0,20
2024-04-21,SKU_0127,13,52,7.0,20
2024-04-28,SKU_0127,13,62,7.0,20
2024-05-05,SKU_0127,12,89,7.0,20
2024-05-12,SKU_0127,11,115,7.0,20
2024-05-19,SKU_0127,10,91,7.0,20
2024-05-26,SKU_0127,62,0,7.0,20
2024-06-02,SKU_0127,59,0,7.0,20
2024-06-09,SKU_0127,49,0,7.0,20
2024-06-16,SKU_0127,41,0,7.0,20
2024-06-23,SKU_0127,41,0,7.0,20
2024-06-30,SKU_0127,36,0,7.0,20
2024-07-07,SKU_0127,30,0,7.0,20
2024-07-14,SKU_0127,22,0,7.0,20
2024-07-21,SKU_0127,18,123,7.0,20
2024-07-28,SKU_0127,79,0,7.0,20
2024-08-04,SKU_0127,78,0,7.0,20
2024-08-11,SKU_0127,61,0,7.0,20
2024-08-18,SKU_0127,55,0,7.0,20
2024-08-25,SKU_0127,46,0,7.0,20
2024-09-01,SKU_0127,39,0,7.0,20
2024-09-08,SKU_0127,34,0,7.0,20
2024-09-15,SKU_0127,32,0,7.0,20
2024-09-22,SKU_0127,27,0,7.0,20
2024-09-29,SKU_0127,23,0,7.0,20
2024-10-06,SKU_0127,23,0,7.0,20
2024-10-13,SKU_0127,21,0,7.0,20
2024-10-20,SKU_0127,20,0,7.0,20
2024-10-27,SKU_0127,69,0,7.0,20
2024-11-03,SKU_0127,66,0,7.0,20
2024-11-10,SKU_0127,57,0,7.0,20
2024-11-17,SKU_0127,52,0,7.0,20
2024-11-24,SKU_0127,44,0,7.0,20
2024-12-01,SKU_0127,34,0,7.0,20
2024-12-08,SKU_0127,34,0,7.0,20
2024-12-15,SKU_0127,26,0,7.0,20
2024-12-22,SKU_0127,151,0,7.0,20
2024-12-29,SKU_0127,134,0,7.0,20
2023-01-01,SKU_0128,86,119,21.0,92
2023-01-08,SKU_0128,137,0,21.0,92
2023-01-15,SKU_0128,133,0,21.0,92
2023-01-22,SKU_0128,113,0,21.0,92
2023-01-29,SKU_0128,99,0,21.0,92
2023-02-05,SKU_0128,194,0,21.0,92
2023-02-12,SKU_0128,173,0,21.0,92
2023-02-19,SKU_0128,135,0,21.0,92
2023-02-26,SKU_0128,134,0,21.0,92
2023-03-05,SKU_0128,123,0,21.0,92
2023-03-12,SKU_0128,120,0,21.0,92
2023-03-19,SKU_0128,107,0,21.0,92
2023-03-26,SKU_0128,98,0,21.0,92
2023-04-02,SKU_0128,69,190,21.0,92
2023-04-09,SKU_0128,50,102,21.0,92
2023-04-16,SKU_0128,40,101,21.0,92
2023-04-23,SKU_0128,36,101,21.0,92
2023-04-30,SKU_0128,35,117,21.0,92
2023-05-07,SKU_0128,139,0,21.0,92
2023-05-14,SKU_0128,123,0,21.0,92
2023-05-21,SKU_0128,95,0,21.0,92
2023-05-28,SKU_0128,131,0,21.0,92
2023-06-04,SKU_0128,124,0,21.0,92
2023-06-11,SKU_0128,113,0,21.0,92
2023-06-18,SKU_0128,105,0,21.0,92
2023-06-25,SKU_0128,85,198,21.0,92
2023-07-02,SKU_0128,210,0,21.0,92
2023-07-09,SKU_0128,195,0,21.0,92
2023-07-16,SKU_0128,165,0,21.0,92
2023-07-23,SKU_0128,136,0,21.0,92
2023-07-30,SKU_0128,97,0,21.0,92
2023-08-06,SKU_0128,88,73,21.0,92
2023-08-13,SKU_0128,269,0,21.0,92
2023-08-20,SKU_0128,241,0,21.0,92
2023-08-27,SKU_0128,196,0,21.0,92
2023-09-03,SKU_0128,161,0,21.0,92
2023-09-10,SKU_0128,160,0,21.0,92
2023-09-17,SKU_0128,142,0,21.0,92
2023-09-24,SKU_0128,114,0,21.0,92
2023-10-01,SKU_0128,262,0,21.0,92
2023-10-08,SKU_0128,197,0,21.0,92
2023-10-15,SKU_0128,184,0,21.0,92
2023-10-22,SKU_0128,158,0,21.0,92
2023-10-29,SKU_0128,141,0,21.0,92
2023-11-05,SKU_0128,114,0,21.0,92
2023-11-12,SKU_0128,108,0,21.0,92
2023-11-19,SKU_0128,100,0,21.0,92
2023-11-26,SKU_0128,83,148,21.0,92
2023-12-03,SKU_0128,75,75,21.0,92
2023-12-10,SKU_0128,123,0,21.0,92
2023-12-17,SKU_0128,112,0,21.0,92
2023-12-24,SKU_0128,111,0,21.0,92
2023-12-31,SKU_0128,98,0,21.0,92
2024-01-07,SKU_0128,191,0,21.0,92
2024-01-14,SKU_0128,144,0,21.0,92
2024-01-21,SKU_0128,107,0,21.0,92
2024-01-28,SKU_0128,101,0,21.0,92
2024-02-04,SKU_0128,95,0,21.0,92
2024-02-11,SKU_0128,284,0,21.0,92
2024-02-18,SKU_0128,234,0,21.0,92
2024-02-25,SKU_0128,191,0,21.0,92
2024-03-03,SKU_0128,138,0,21.0,92
2024-03-10,SKU_0128,121,0,21.0,92
2024-03-17,SKU_0128,107,0,21.0,92
2024-03-24,SKU_0128,82,75,21.0,92
2024-03-31,SKU_0128,69,121,21.0,92
2024-04-07,SKU_0128,65,163,21.0,92
2024-04-14,SKU_0128,199,0,21.0,92
2024-04-21,SKU_0128,153,0,21.0,92
2024-04-28,SKU_0128,110,0,21.0,92
2024-05-05,SKU_0128,80,83,21.0,92
2024-05-12,SKU_0128,76,171,21.0,92
2024-05-19,SKU_0128,56,133,21.0,92
2024-05-26,SKU_0128,42,165,21.0,92
2024-06-02,SKU_0128,39,119,21.0,92
2024-06-09,SKU_0128,37,111,21.0,92
2024-06-16,SKU_0128,117,0,21.0,92
2024-06-23,SKU_0128,83,128,21.0,92
2024-06-30,SKU_0128,155,0,21.0,92
2024-07-07,SKU_0128,127,0,21.0,92
2024-07-14,SKU_0128,103,0,21.0,92
2024-07-21,SKU_0128,282,0,21.0,92
2024-07-28,SKU_0128,243,0,21.0,92
2024-08-04,SKU_0128,190,0,21.0,92
2024-08-11,SKU_0128,157,0,21.0,92
2024-08-18,SKU_0128,152,0,21.0,92
2024-08-25,SKU_0128,135,0,21.0,92
2024-09-01,SKU_0128,114,0,21.0,92
2024-09-08,SKU_0128,112,0,21.0,92
2024-09-15,SKU_0128,223,0,21.0,92
2024-09-22,SKU_0128,186,0,21.0,92
2024-09-29,SKU_0128,177,0,21.0,92
2024-10-06,SKU_0128,147,0,21.0,92
2024-10-13,SKU_0128,141,0,21.0,92
2024-10-20,SKU_0128,99,0,21.0,92
2024-10-27,SKU_0128,89,55,21.0,92
2024-11-03,SKU_0128,201,0,21.0,92
2024-11-10,SKU_0128,178,0,21.0,92
2024-11-17,SKU_0128,171,0,21.0,92
2024-11-24,SKU_0128,148,0,21.0,92
2024-12-01,SKU_0128,124,0,21.0,92
2024-12-08,SKU_0128,111,0,21.0,92
2024-12-15,SKU_0128,87,91,21.0,92
2024-12-22,SKU_0128,140,0,21.0,92
2024-12-29,SKU_0128,123,0,21.0,92
2023-01-01,SKU_0129,116,0,21.0,46
2023-01-08,SKU_0129,107,0,21.0,46
2023-01-15,SKU_0129,84,0,21.0,46
2023-01-22,SKU_0129,82,0,21.0,46
2023-01-29,SKU_0129,76,0,21.0,46
2023-02-05,SKU_0129,74,0,21.0,46
2023-02-12,SKU_0129,66,0,21.0,46
2023-02-19,SKU_0129,60,0,21.0,46
2023-02-26,SKU_0129,50,0,21.0,46
2023-03-05,SKU_0129,180,0,21.0,46
2023-03-12,SKU_0129,126,0,21.0,46
2023-03-19,SKU_0129,102,0,21.0,46
2023-03-26,SKU_0129,94,0,21.0,46
2023-04-02,SKU_0129,92,0,21.0,46
2023-04-09,SKU_0129,90,0,21.0,46
2023-04-16,SKU_0129,87,0,21.0,46
2023-04-23,SKU_0129,74,0,21.0,46
2023-04-30,SKU_0129,60,0,21.0,46
2023-05-07,SKU_0129,50,0,21.0,46
2023-05-14,SKU_0129,157,0,21.0,46
2023-05-21,SKU_0129,124,0,21.0,46
2023-05-28,SKU_0129,100,0,21.0,46
2023-06-04,SKU_0129,77,0,21.0,46
2023-06-11,SKU_0129,62,0,21.0,46
2023-06-18,SKU_0129,49,0,21.0,46
2023-06-25,SKU_0129,195,0,21.0,46
2023-07-02,SKU_0129,148,0,21.0,46
2023-07-09,SKU_0129,104,0,21.0,46
2023-07-16,SKU_0129,85,0,21.0,46
2023-07-23,SKU_0129,82,0,21.0,46
2023-07-30,SKU_0129,64,0,21.0,46
2023-08-06,SKU_0129,45,104,21.0,46
2023-08-13,SKU_0129,45,190,21.0,46
2023-08-20,SKU_0129,40,81,21.0,46
2023-08-27,SKU_0129,232,0,21.0,46
2023-09-03,SKU_0129,163,0,21.0,46
2023-09-10,SKU_0129,131,0,21.0,46
2023-09-17,SKU_0129,124,0,21.0,46
2023-09-24,SKU_0129,113,0,21.0,46
2023-10-01,SKU_0129,100,0,21.0,46
2023-10-08,SKU_0129,79,0,21.0,46
2023-10-15,SKU_0129,61,0,21.0,46
2023-10-22,SKU_0129,56,0,21.0,46
2023-10-29,SKU_0129,163,0,21.0,46
2023-11-05,SKU_0129,139,0,21.0,46
2023-11-12,SKU_0129,133,0,21.0,46
2023-11-19,SKU_0129,114,0,21.0,46
2023-11-26,SKU_0129,101,0,21.0,46
2023-12-03,SKU_0129,86,0,21.0,46
2023-12-10,SKU_0129,65,0,21.0,46
2023-12-17,SKU_0129,57,0,21.0,46
2023-12-24,SKU_0129,42,135,21.0,46
2023-12-31,SKU_0129,38,84,21.0,46
2024-01-07,SKU_0129,133,0,21.0,46
2024-01-14,SKU_0129,99,0,21.0,46
2024-01-21,SKU_0129,81,0,21.0,46
2024-01-28,SKU_0129,79,0,21.0,46
2024-02-04,SKU_0129,57,0,21.0,46
2024-02-11,SKU_0129,237,0,21.0,46
2024-02-18,SKU_0129,198,0,21.0,46
2024-02-25,SKU_0129,159,0,21.0,46
2024-03-03,SKU_0129,130,0,21.0,46
2024-03-10,SKU_0129,103,0,21.0,46
2024-03-17,SKU_0129,87,0,21.0,46
2024-03-24,SKU_0129,77,0,21.0,46
2024-03-31,SKU_0129,73,0,21.0,46
2024-04-07,SKU_0129,62,0,21.0,46
2024-04-14,SKU_0129,49,0,21.0,46
2024-04-21,SKU_0129,36,110,21.0,46
2024-04-28,SKU_0129,28,94,21.0,46
2024-05-05,SKU_0129,169,0,21.0,46
2024-05-12,SKU_0129,154,0,21.0,46
2024-05-19,SKU_0129,146,0,21.0,46
2024-05-26,SKU_0129,109,0,21.0,46
2024-06-02,SKU_0129,92,0,21.0,46
2024-06-09,SKU_0129,67,0,21.0,46
2024-06-16,SKU_0129,67,0,21.0,46
2024-06-23,SKU_0129,59,0,21.0,46
2024-06-30,SKU_0129,50,0,21.0,46
2024-07-07,SKU_0129,44,57,21.0,46
2024-07-14,SKU_0129,43,161,21.0,46
2024-07-21,SKU_0129,36,67,21.0,46
2024-07-28,SKU_0129,95,0,21.0,46
2024-08-04,SKU_0129,82,0,21.0,46
2024-08-11,SKU_0129,71,0,21.0,46
2024-08-18,SKU_0129,70,0,21.0,46
2024-08-25,SKU_0129,58,0,21.0,46
2024-09-01,SKU_0129,236,0,21.0,46
2024-09-08,SKU_0129,211,0,21.0,46
2024-09-15,SKU_0129,187,0,21.0,46
2024-09-22,SKU_0129,153,0,21.0,46
2024-09-29,SKU_0129,122,0,21.0,46
2024-10-06,SKU_0129,94,0,21.0,46
2024-10-13,SKU_0129,81,0,21.0,46
2024-10-20,SKU_0129,57,0,21.0,46
2024-10-27,SKU_0129,54,0,21.0,46
2024-11-03,SKU_0129,48,0,21.0,46
2024-11-10,SKU_0129,42,106,21.0,46
2024-11-17,SKU_0129,109,0,21.0,46
2024-11-24,SKU_0129,80,0,21.0,46
2024-12-01,SKU_0129,70,0,21.0,46
2024-12-08,SKU_0129,63,0,21.0,46
2024-12-15,SKU_0129,53,0,21.0,46
2024-12-22,SKU_0129,49,0,21.0,46
2024-12-29,SKU_0129,160,0,21.0,46
2023-01-01,SKU_0130,96,0,7.0,95
2023-01-08,SKU_0130,260,0,7.0,95
2023-01-15,SKU_0130,256,0,7.0,95
2023-01-22,SKU_0130,200,0,7.0,95
2023-01-29,SKU_0130,200,0,7.0,95
2023-02-05,SKU_0130,182,0,7.0,95
2023-02-12,SKU_0130,149,0,7.0,95
2023-02-19,SKU_0130,111,0,7.0,95
2023-02-26,SKU_0130,185,0,7.0,95
2023-03-05,SKU_0130,130,0,7.0,95
2023-03-12,SKU_0130,113,0,7.0,95
2023-03-19,SKU_0130,91,100,7.0,95
2023-03-26,SKU_0130,80,104,7.0,95
2023-04-02,SKU_0130,238,0,7.0,95
2023-04-09,SKU_0130,233,0,7.0,95
2023-04-16,SKU_0130,209,0,7.0,95
2023-04-23,SKU_0130,194,0,7.0,95
2023-04-30,SKU_0130,164,0,7.0,95
2023-05-07,SKU_0130,157,0,7.0,95
2023-05-14,SKU_0130,119,0,7.0,95
2023-05-21,SKU_0130,99,0,7.0,95
2023-05-28,SKU_0130,78,100,7.0,95
2023-06-04,SKU_0130,248,0,7.0,95
2023-06-11,SKU_0130,223,0,7.0,95
2023-06-18,SKU_0130,182,0,7.0,95
2023-06-25,SKU_0130,162,0,7.0,95
2023-07-02,SKU_0130,142,0,7.0,95
2023-07-09,SKU_0130,131,0,7.0,95
2023-07-16,SKU_0130,121,0,7.0,95
2023-07-23,SKU_0130,98,0,7.0,95
2023-07-30,SKU_0130,95,0,7.0,95
2023-08-06,SKU_0130,95,0,7.0,95
2023-08-13,SKU_0130,94,123,7.0,95
2023-08-20,SKU_0130,84,79,7.0,95
2023-08-27,SKU_0130,223,0,7.0,95
2023-09-03,SKU_0130,180,0,7.0,95
2023-09-10,SKU_0130,142,0,7.0,95
2023-09-17,SKU_0130,100,0,7.0,95
2023-09-24,SKU_0130,248,0,7.0,95
2023-10-01,SKU_0130,183,0,7.0,95
2023-10-08,SKU_0130,140,0,7.0,95
2023-10-15,SKU_0130,103,0,7.0,95
2023-10-22,SKU_0130,76,98,7.0,95
2023-10-29,SKU_0130,71,134,7.0,95
2023-11-05,SKU_0130,60,102,7.0,95
2023-11-12,SKU_0130,49,165,7.0,95
2023-11-19,SKU_0130,36,135,7.0,95
2023-11-26,SKU_0130,130,0,7.0,95
2023-12-03,SKU_0130,113,0,7.0,95
2023-12-10,SKU_0130,86,160,7.0,95
2023-12-17,SKU_0130,65,119,7.0,95
2023-12-24,SKU_0130,249,0,7.0,95
2023-12-31,SKU_0130,242,0,7.0,95
2024-01-07,SKU_0130,216,0,7.0,95
2024-01-14,SKU_0130,182,0,7.0,95
2024-01-21,SKU_0130,172,0,7.0,95
2024-01-28,SKU_0130,150,0,7.0,95
2024-02-04,SKU_0130,133,0,7.0,95
2024-02-11,SKU_0130,173,0,7.0,95
2024-02-18,SKU_0130,131,0,7.0,95
2024-02-25,SKU_0130,114,0,7.0,95
2024-03-03,SKU_0130,103,0,7.0,95
2024-03-10,SKU_0130,103,0,7.0,95
2024-03-17,SKU_0130,76,63,7.0,95
2024-03-24,SKU_0130,57,146,7.0,95
2024-03-31,SKU_0130,230,0,7.0,95
2024-04-07,SKU_0130,206,0,7.0,95
2024-04-14,SKU_0130,148,0,7.0,95
2024-04-21,SKU_0130,107,0,7.0,95
2024-04-28,SKU_0130,96,0,7.0,95
2024-05-05,SKU_0130,73,120,7.0,95
2024-05-12,SKU_0130,173,0,7.0,95
2024-05-19,SKU_0130,124,0,7.0,95
2024-05-26,SKU_0130,122,0,7.0,95
2024-06-02,SKU_0130,117,0,7.0,95
2024-06-09,SKU_0130,115,0,7.0,95
2024-06-16,SKU_0130,106,0,7.0,95
2024-06-23,SKU_0130,99,0,7.0,95
2024-06-30,SKU_0130,95,0,7.0,95
2024-07-07,SKU_0130,95,0,7.0,95
2024-07-14,SKU_0130,77,143,7.0,95
2024-07-21,SKU_0130,126,0,7.0,95
2024-07-28,SKU_0130,94,57,7.0,95
2024-08-04,SKU_0130,90,143,7.0,95
2024-08-11,SKU_0130,226,0,7.0,95
2024-08-18,SKU_0130,176,0,7.0,95
2024-08-25,SKU_0130,151,0,7.0,95
2024-09-01,SKU_0130,136,0,7.0,95
2024-09-08,SKU_0130,124,0,7.0,95
2024-09-15,SKU_0130,94,112,7.0,95
2024-09-22,SKU_0130,151,0,7.0,95
2024-09-29,SKU_0130,144,0,7.0,95
2024-10-06,SKU_0130,113,0,7.0,95
2024-10-13,SKU_0130,98,0,7.0,95
2024-10-20,SKU_0130,222,0,7.0,95
2024-10-27,SKU_0130,179,0,7.0,95
2024-11-03,SKU_0130,163,0,7.0,95
2024-11-10,SKU_0130,132,0,7.0,95
2024-11-17,SKU_0130,119,0,7.0,95
2024-11-24,SKU_0130,87,173,7.0,95
2024-12-01,SKU_0130,64,61,7.0,95
2024-12-08,SKU_0130,118,0,7.0,95
2024-12-15,SKU_0130,96,0,7.0,95
2024-12-22,SKU_0130,247,0,7.0,95
2024-12-29,SKU_0130,206,0,7.0,95
2023-01-01,SKU_0131,312,0,7.0,64
2023-01-08,SKU_0131,280,0,7.0,64
2023-01-15,SKU_0131,232,0,7.0,64
2023-01-22,SKU_0131,209,0,7.0,64
2023-01-29,SKU_0131,198,0,7.0,64
2023-02-05,SKU_0131,157,0,7.0,64
2023-02-12,SKU_0131,117,0,7.0,64
2023-02-19,SKU_0131,82,0,7.0,64
2023-02-26,SKU_0131,66,0,7.0,64
2023-03-05,SKU_0131,227,0,7.0,64
2023-03-12,SKU_0131,193,0,7.0,64
2023-03-19,SKU_0131,163,0,7.0,64
2023-03-26,SKU_0131,163,0,7.0,64
2023-04-02,SKU_0131,124,0,7.0,64
2023-04-09,SKU_0131,123,0,7.0,64
2023-04-16,SKU_0131,97,0,7.0,64
2023-04-23,SKU_0131,75,0,7.0,64
2023-04-30,SKU_0131,243,0,7.0,64
2023-05-07,SKU_0131,220,0,7.0,64
2023-05-14,SKU_0131,196,0,7.0,64
2023-05-21,SKU_0131,191,0,7.0,64
2023-05-28,SKU_0131,170,0,7.0,64
2023-06-04,SKU_0131,130,0,7.0,64
2023-06-11,SKU_0131,129,0,7.0,64
2023-06-18,SKU_0131,102,0,7.0,64
2023-06-25,SKU_0131,95,0,7.0,64
2023-07-02,SKU_0131,92,0,7.0,64
2023-07-09,SKU_0131,91,0,7.0,64
2023-07-16,SKU_0131,82,0,7.0,64
2023-07-23,SKU_0131,70,0,7.0,64
2023-07-30,SKU_0131,133,0,7.0,64
2023-08-06,SKU_0131,115,0,7.0,64
2023-08-13,SKU_0131,82,0,7.0,64
2023-08-20,SKU_0131,81,0,7.0,64
2023-08-27,SKU_0131,72,0,7.0,64
2023-09-03,SKU_0131,71,0,7.0,64
2023-09-10,SKU_0131,229,0,7.0,64
2023-09-17,SKU_0131,174,0,7.0,64
2023-09-24,SKU_0131,136,0,7.0,64
2023-10-01,SKU_0131,112,0,7.0,64
2023-10-08,SKU_0131,87,0,7.0,64
2023-10-15,SKU_0131,79,0,7.0,64
2023-10-22,SKU_0131,71,0,7.0,64
2023-10-29,SKU_0131,153,0,7.0,64
2023-11-05,SKU_0131,147,0,7.0,64
2023-11-12,SKU_0131,141,0,7.0,64
2023-11-19,SKU_0131,118,0,7.0,64
2023-11-26,SKU_0131,103,0,7.0,64
2023-12-03,SKU_0131,75,0,7.0,64
2023-12-10,SKU_0131,73,0,7.0,64
2023-12-17,SKU_0131,73,0,7.0,64
2023-12-24,SKU_0131,234,0,7.0,64
2023-12-31,SKU_0131,217,0,7.0,64
2024-01-07,SKU_0131,203,0,7.0,64
2024-01-14,SKU_0131,147,0,7.0,64
2024-01-21,SKU_0131,107,0,7.0,64
2024-01-28,SKU_0131,97,0,7.0,64
2024-02-04,SKU_0131,71,0,7.0,64
2024-02-11,SKU_0131,61,106,7.0,64
2024-02-18,SKU_0131,137,0,7.0,64
2024-02-25,SKU_0131,100,0,7.0,64
2024-03-03,SKU_0131,98,0,7.0,64
2024-03-10,SKU_0131,88,0,7.0,64
2024-03-17,SKU_0131,68,0,7.0,64
2024-03-24,SKU_0131,68,0,7.0,64
2024-03-31,SKU_0131,67,0,7.0,64
2024-04-07,SKU_0131,54,199,7.0,64
2024-04-14,SKU_0131,147,0,7.0,64
2024-04-21,SKU_0131,131,0,7.0,64
2024-04-28,SKU_0131,95,0,7.0,64
2024-05-05,SKU_0131,94,0,7.0,64
2024-05-12,SKU_0131,78,0,7.0,64
2024-05-19,SKU_0131,70,0,7.0,64
2024-05-26,SKU_0131,159,0,7.0,64
2024-06-02,SKU_0131,120,0,7.0,64
2024-06-09,SKU_0131,101,0,7.0,64
2024-06-16,SKU_0131,98,0,7.0,64
2024-06-23,SKU_0131,77,0,7.0,64
2024-06-30,SKU_0131,213,0,7.0,64
2024-07-07,SKU_0131,165,0,7.0,64
2024-07-14,SKU_0131,134,0,7.0,64
2024-07-21,SKU_0131,122,0,7.0,64
2024-07-28,SKU_0131,122,0,7.0,64
2024-08-04,SKU_0131,114,0,7.0,64
2024-08-11,SKU_0131,95,0,7.0,64
2024-08-18,SKU_0131,75,0,7.0,64
2024-08-25,SKU_0131,70,0,7.0,64
2024-09-01,SKU_0131,51,118,7.0,64
2024-09-08,SKU_0131,49,102,7.0,64
2024-09-15,SKU_0131,173,0,7.0,64
2024-09-22,SKU_0131,122,0,7.0,64
2024-09-29,SKU_0131,92,0,7.0,64
2024-10-06,SKU_0131,70,0,7.0,64
2024-10-13,SKU_0131,67,0,7.0,64
2024-10-20,SKU_0131,117,0,7.0,64
2024-10-27,SKU_0131,115,0,7.0,64
2024-11-03,SKU_0131,86,0,7.0,64
2024-11-10,SKU_0131,71,0,7.0,64
2024-11-17,SKU_0131,69,0,7.0,64
2024-11-24,SKU_0131,56,185,7.0,64
2024-12-01,SKU_0131,49,74,7.0,64
2024-12-08,SKU_0131,240,0,7.0,64
2024-12-15,SKU_0131,175,0,7.0,64
2024-12-22,SKU_0131,157,0,7.0,64
2024-12-29,SKU_0131,116,0,7.0,64
2023-01-01,SKU_0132,164,0,28.0,50
2023-01-08,SKU_0132,147,0,28.0,50
2023-01-15,SKU_0132,117,0,28.0,50
2023-01-22,SKU_0132,88,0,28.0,50
2023-01-29,SKU_0132,79,0,28.0,50
2023-02-05,SKU_0132,67,0,28.0,50
2023-02-12,SKU_0132,61,0,28.0,50
2023-02-19,SKU_0132,58,0,28.0,50
2023-02-26,SKU_0132,58,0,28.0,50
2023-03-05,SKU_0132,47,142,28.0,50
2023-03-12,SKU_0132,192,0,28.0,50
2023-03-19,SKU_0132,172,0,28.0,50
2023-03-26,SKU_0132,140,0,28.0,50
2023-04-02,SKU_0132,129,0,28.0,50
2023-04-09,SKU_0132,115,0,28.0,50
2023-04-16,SKU_0132,111,0,28.0,50
2023-04-23,SKU_0132,82,0,28.0,50
2023-04-30,SKU_0132,71,0,28.0,50
2023-05-07,SKU_0132,71,0,28.0,50
2023-05-14,SKU_0132,60,0,28.0,50
2023-05-21,SKU_0132,58,0,28.0,50
2023-05-28,SKU_0132,221,0,28.0,50
2023-06-04,SKU_0132,217,0,28.0,50
2023-06-11,SKU_0132,191,0,28.0,50
2023-06-18,SKU_0132,163,0,28.0,50
2023-06-25,SKU_0132,135,0,28.0,50
2023-07-02,SKU_0132,103,0,28.0,50
2023-07-09,SKU_0132,78,0,28.0,50
2023-07-16,SKU_0132,60,0,28.0,50
2023-07-23,SKU_0132,245,0,28.0,50
2023-07-30,SKU_0132,186,0,28.0,50
2023-08-06,SKU_0132,165,0,28.0,50
2023-08-13,SKU_0132,151,0,28.0,50
2023-08-20,SKU_0132,137,0,28.0,50
2023-08-27,SKU_0132,118,0,28.0,50
2023-09-03,SKU_0132,103,0,28.0,50
2023-09-10,SKU_0132,75,0,28.0,50
2023-09-17,SKU_0132,62,0,28.0,50
2023-09-24,SKU_0132,53,0,28.0,50
2023-10-01,SKU_0132,53,0,28.0,50
2023-10-08,SKU_0132,50,0,28.0,50
2023-10-15,SKU_0132,238,0,28.0,50
2023-10-22,SKU_0132,225,0,28.0,50
2023-10-29,SKU_0132,166,0,28.0,50
2023-11-05,SKU_0132,140,0,28.0,50
2023-11-12,SKU_0132,122,0,28.0,50
2023-11-19,SKU_0132,113,0,28.0,50
2023-11-26,SKU_0132,86,0,28.0,50
2023-12-03,SKU_0132,76,0,28.0,50
2023-12-10,SKU_0132,55,0,28.0,50
2023-12-17,SKU_0132,206,0,28.0,50
2023-12-24,SKU_0132,176,0,28.0,50
2023-12-31,SKU_0132,130,0,28.0,50
2024-01-07,SKU_0132,91,0,28.0,50
2024-01-14,SKU_0132,80,0,28.0,50
2024-01-21,SKU_0132,63,0,28.0,50
2024-01-28,SKU_0132,63,0,28.0,50
2024-02-04,SKU_0132,61,0,28.0,50
2024-02-11,SKU_0132,57,0,28.0,50
2024-02-18,SKU_0132,54,0,28.0,50
2024-02-25,SKU_0132,178,0,28.0,50
2024-03-03,SKU_0132,141,0,28.0,50
2024-03-10,SKU_0132,133,0,28.0,50
2024-03-17,SKU_0132,121,0,28.0,50
2024-03-24,SKU_0132,87,0,28.0,50
2024-03-31,SKU_0132,72,0,28.0,50
2024-04-07,SKU_0132,71,0,28.0,50
2024-04-14,SKU_0132,53,0,28.0,50
2024-04-21,SKU_0132,41,111,28.0,50
2024-04-28,SKU_0132,184,0,28.0,50
2024-05-05,SKU_0132,156,0,28.0,50
2024-05-12,SKU_0132,136,0,28.0,50
2024-05-19,SKU_0132,106,0,28.0,50
2024-05-26,SKU_0132,94,0,28.0,50
2024-06-02,SKU_0132,76,0,28.0,50
2024-06-09,SKU_0132,71,0,28.0,50
2024-06-16,SKU_0132,70,0,28.0,50
2024-06-23,SKU_0132,58,0,28.0,50
2024-06-30,SKU_0132,44,115,28.0,50
2024-07-07,SKU_0132,157,0,28.0,50
2024-07-14,SKU_0132,148,0,28.0,50
2024-07-21,SKU_0132,110,0,28.0,50
2024-07-28,SKU_0132,107,0,28.0,50
2024-08-04,SKU_0132,81,0,28.0,50
2024-08-11,SKU_0132,69,0,28.0,50
2024-08-18,SKU_0132,64,0,28.0,50
2024-08-25,SKU_0132,58,0,28.0,50
2024-09-01,SKU_0132,102,0,28.0,50
2024-09-08,SKU_0132,89,0,28.0,50
2024-09-15,SKU_0132,88,0,28.0,50
2024-09-22,SKU_0132,70,0,28.0,50
2024-09-29,SKU_0132,66,0,28.0,50
2024-10-06,SKU_0132,50,0,28.0,50
2024-10-13,SKU_0132,188,0,28.0,50
2024-10-20,SKU_0132,161,0,28.0,50
2024-10-27,SKU_0132,149,0,28.0,50
2024-11-03,SKU_0132,109,0,28.0,50
2024-11-10,SKU_0132,77,0,28.0,50
2024-11-17,SKU_0132,59,0,28.0,50
2024-11-24,SKU_0132,171,0,28.0,50
2024-12-01,SKU_0132,127,0,28.0,50
2024-12-08,SKU_0132,100,0,28.0,50
2024-12-15,SKU_0132,71,0,28.0,50
2024-12-22,SKU_0132,62,0,28.0,50
2024-12-29,SKU_0132,62,0,28.0,50
2023-01-01,SKU_0133,130,0,21.0,94
2023-01-08,SKU_0133,94,0,21.0,94
2023-01-15,SKU_0133,163,0,21.0,94
2023-01-22,SKU_0133,142,0,21.0,94
2023-01-29,SKU_0133,142,0,21.0,94
2023-02-05,SKU_0133,129,0,21.0,94
2023-02-12,SKU_0133,102,0,21.0,94
2023-02-19,SKU_0133,97,0,21.0,94
2023-02-26,SKU_0133,72,133,21.0,94
2023-03-05,SKU_0133,54,135,21.0,94
2023-03-12,SKU_0133,248,0,21.0,94
2023-03-19,SKU_0133,245,0,21.0,94
2023-03-26,SKU_0133,178,0,21.0,94
2023-04-02,SKU_0133,153,0,21.0,94
2023-04-09,SKU_0133,137,0,21.0,94
2023-04-16,SKU_0133,120,0,21.0,94
2023-04-23,SKU_0133,112,0,21.0,94
2023-04-30,SKU_0133,82,139,21.0,94
2023-05-07,SKU_0133,77,186,21.0,94
2023-05-14,SKU_0133,204,0,21.0,94
2023-05-21,SKU_0133,157,0,21.0,94
2023-05-28,SKU_0133,129,0,21.0,94
2023-06-04,SKU_0133,97,0,21.0,94
2023-06-11,SKU_0133,217,0,21.0,94
2023-06-18,SKU_0133,214,0,21.0,94
2023-06-25,SKU_0133,155,0,21.0,94
2023-07-02,SKU_0133,118,0,21.0,94
2023-07-09,SKU_0133,149,0,21.0,94
2023-07-16,SKU_0133,136,0,21.0,94
2023-07-23,SKU_0133,133,0,21.0,94
2023-07-30,SKU_0133,121,0,21.0,94
2023-08-06,SKU_0133,100,0,21.0,94
2023-08-13,SKU_0133,96,0,21.0,94
2023-08-20,SKU_0133,216,0,21.0,94
2023-08-27,SKU_0133,203,0,21.0,94
2023-09-03,SKU_0133,171,0,21.0,94
2023-09-10,SKU_0133,121,0,21.0,94
2023-09-17,SKU_0133,111,0,21.0,94
2023-09-24,SKU_0133,87,189,21.0,94
2023-10-01,SKU_0133,82,123,21.0,94
2023-10-08,SKU_0133,68,112,21.0,94
2023-10-15,SKU_0133,49,196,21.0,94
2023-10-22,SKU_0133,39,82,21.0,94
2023-10-29,SKU_0133,34,188,21.0,94
2023-11-05,SKU_0133,32,121,21.0,94
2023-11-12,SKU_0133,122,0,21.0,94
2023-11-19,SKU_0133,202,0,21.0,94
2023-11-26,SKU_0133,163,0,21.0,94
2023-12-03,SKU_0133,159,0,21.0,94
2023-12-10,SKU_0133,123,0,21.0,94
2023-12-17,SKU_0133,88,178,21.0,94
2023-12-24,SKU_0133,168,0,21.0,94
2023-12-31,SKU_0133,129,0,21.0,94
2024-01-07,SKU_0133,102,0,21.0,94
2024-01-14,SKU_0133,78,195,21.0,94
2024-01-21,SKU_0133,249,0,21.0,94
2024-01-28,SKU_0133,233,0,21.0,94
2024-02-04,SKU_0133,177,0,21.0,94
2024-02-11,SKU_0133,177,0,21.0,94
2024-02-18,SKU_0133,155,0,21.0,94
2024-02-25,SKU_0133,142,0,21.0,94
2024-03-03,SKU_0133,134,0,21.0,94
2024-03-10,SKU_0133,113,0,21.0,94
2024-03-17,SKU_0133,110,0,21.0,94
2024-03-24,SKU_0133,91,155,21.0,94
2024-03-31,SKU_0133,72,130,21.0,94
2024-04-07,SKU_0133,177,0,21.0,94
2024-04-14,SKU_0133,175,0,21.0,94
2024-04-21,SKU_0133,124,0,21.0,94
2024-04-28,SKU_0133,115,0,21.0,94
2024-05-05,SKU_0133,149,0,21.0,94
2024-05-12,SKU_0133,144,0,21.0,94
2024-05-19,SKU_0133,102,0,21.0,94
2024-05-26,SKU_0133,222,0,21.0,94
2024-06-02,SKU_0133,162,0,21.0,94
2024-06-09,SKU_0133,159,0,21.0,94
2024-06-16,SKU_0133,122,0,21.0,94
2024-06-23,SKU_0133,110,0,21.0,94
2024-06-30,SKU_0133,131,0,21.0,94
2024-07-07,SKU_0133,125,0,21.0,94
2024-07-14,SKU_0133,99,0,21.0,94
2024-07-21,SKU_0133,236,0,21.0,94
2024-07-28,SKU_0133,177,0,21.0,94
2024-08-04,SKU_0133,151,0,21.0,94
2024-08-11,SKU_0133,123,0,21.0,94
2024-08-18,SKU_0133,94,0,21.0,94
2024-08-25,SKU_0133,213,0,21.0,94
2024-09-01,SKU_0133,168,0,21.0,94
2024-09-08,SKU_0133,123,0,21.0,94
2024-09-15,SKU_0133,106,0,21.0,94
2024-09-22,SKU_0133,94,0,21.0,94
2024-09-29,SKU_0133,94,0,21.0,94
2024-10-06,SKU_0133,69,84,21.0,94
2024-10-13,SKU_0133,259,0,21.0,94
2024-10-20,SKU_0133,186,0,21.0,94
2024-10-27,SKU_0133,179,0,21.0,94
2024-11-03,SKU_0133,139,0,21.0,94
2024-11-10,SKU_0133,138,0,21.0,94
2024-11-17,SKU_0133,100,0,21.0,94
2024-11-24,SKU_0133,76,185,21.0,94
2024-12-01,SKU_0133,218,0,21.0,94
2024-12-08,SKU_0133,199,0,21.0,94
2024-12-15,SKU_0133,195,0,21.0,94
2024-12-22,SKU_0133,169,0,21.0,94
2024-12-29,SKU_0133,167,0,21.0,94
2023-01-01,SKU_0134,306,0,28.0,96
2023-01-08,SKU_0134,266,0,28.0,96
2023-01-15,SKU_0134,240,0,28.0,96
2023-01-22,SKU_0134,229,0,28.0,96
2023-01-29,SKU_0134,193,0,28.0,96
2023-02-05,SKU_0134,182,0,28.0,96
2023-02-12,SKU_0134,136,0,28.0,96
2023-02-19,SKU_0134,126,0,28.0,96
2023-02-26,SKU_0134,114,0,28.0,96
2023-03-05,SKU_0134,284,0,28.0,96
2023-03-12,SKU_0134,244,0,28.0,96
2023-03-19,SKU_0134,204,0,28.0,96
2023-03-26,SKU_0134,185,0,28.0,96
2023-04-02,SKU_0134,165,0,28.0,96
2023-04-09,SKU_0134,165,0,28.0,96
2023-04-16,SKU_0134,120,0,28.0,96
2023-04-23,SKU_0134,115,0,28.0,96
2023-04-30,SKU_0134,113,0,28.0,96
2023-05-07,SKU_0134,101,0,28.0,96
2023-05-14,SKU_0134,84,164,28.0,96
2023-05-21,SKU_0134,64,138,28.0,96
2023-05-28,SKU_0134,195,0,28.0,96
2023-06-04,SKU_0134,182,0,28.0,96
2023-06-11,SKU_0134,165,0,28.0,96
2023-06-18,SKU_0134,121,0,28.0,96
2023-06-25,SKU_0134,91,124,28.0,96
2023-07-02,SKU_0134,213,0,28.0,96
2023-07-09,SKU_0134,179,0,28.0,96
2023-07-16,SKU_0134,159,0,28.0,96
2023-07-23,SKU_0134,135,0,28.0,96
2023-07-30,SKU_0134,111,0,28.0,96
2023-08-06,SKU_0134,104,0,28.0,96
2023-08-13,SKU_0134,198,0,28.0,96
2023-08-20,SKU_0134,192,0,28.0,96
2023-08-27,SKU_0134,161,0,28.0,96
2023-09-03,SKU_0134,155,0,28.0,96
2023-09-10,SKU_0134,110,0,28.0,96
2023-09-17,SKU_0134,104,0,28.0,96
2023-09-24,SKU_0134,101,0,28.0,96
2023-10-01,SKU_0134,71,67,28.0,96
2023-10-08,SKU_0134,230,0,28.0,96
2023-10-15,SKU_0134,180,0,28.0,96
2023-10-22,SKU_0134,131,0,28.0,96
2023-10-29,SKU_0134,122,0,28.0,96
2023-11-05,SKU_0134,192,0,28.0,96
2023-11-12,SKU_0134,154,0,28.0,96
2023-11-19,SKU_0134,124,0,28.0,96
2023-11-26,SKU_0134,101,0,28.0,96
2023-12-03,SKU_0134,192,0,28.0,96
2023-12-10,SKU_0134,186,0,28.0,96
2023-12-17,SKU_0134,146,0,28.0,96
2023-12-24,SKU_0134,128,0,28.0,96
2023-12-31,SKU_0134,104,0,28.0,96
2024-01-07,SKU_0134,89,166,28.0,96
2024-01-14,SKU_0134,82,181,28.0,96
2024-01-21,SKU_0134,265,0,28.0,96
2024-01-28,SKU_0134,242,0,28.0,96
2024-02-04,SKU_0134,234,0,28.0,96
2024-02-11,SKU_0134,194,0,28.0,96
2024-02-18,SKU_0134,151,0,28.0,96
2024-02-25,SKU_0134,128,0,28.0,96
2024-03-03,SKU_0134,112,0,28.0,96
2024-03-10,SKU_0134,268,0,28.0,96
2024-03-17,SKU_0134,225,0,28.0,96
2024-03-24,SKU_0134,159,0,28.0,96
2024-03-31,SKU_0134,153,0,28.0,96
2024-04-07,SKU_0134,122,0,28.0,96
2024-04-14,SKU_0134,176,0,28.0,96
2024-04-21,SKU_0134,171,0,28.0,96
2024-04-28,SKU_0134,160,0,28.0,96
2024-05-05,SKU_0134,125,0,28.0,96
2024-05-12,SKU_0134,110,0,28.0,96
2024-05-19,SKU_0134,104,0,28.0,96
2024-05-26,SKU_0134,83,115,28.0,96
2024-06-02,SKU_0134,66,76,28.0,96
2024-06-09,SKU_0134,185,0,28.0,96
2024-06-16,SKU_0134,181,0,28.0,96
2024-06-23,SKU_0134,134,0,28.0,96
2024-06-30,SKU_0134,125,0,28.0,96
2024-07-07,SKU_0134,121,0,28.0,96
2024-07-14,SKU_0134,99,0,28.0,96
2024-07-21,SKU_0134,79,162,28.0,96
2024-07-28,SKU_0134,76,51,28.0,96
2024-08-04,SKU_0134,60,90,28.0,96
2024-08-11,SKU_0134,147,0,28.0,96
2024-08-18,SKU_0134,133,0,28.0,96
2024-08-25,SKU_0134,114,0,28.0,96
2024-09-01,SKU_0134,93,181,28.0,96
2024-09-08,SKU_0134,268,0,28.0,96
2024-09-15,SKU_0134,253,0,28.0,96
2024-09-22,SKU_0134,190,0,28.0,96
2024-09-29,SKU_0134,152,0,28.0,96
2024-10-06,SKU_0134,113,0,28.0,96
2024-10-13,SKU_0134,256,0,28.0,96
2024-10-20,SKU_0134,233,0,28.0,96
2024-10-27,SKU_0134,189,0,28.0,96
2024-11-03,SKU_0134,155,0,28.0,96
2024-11-10,SKU_0134,149,0,28.0,96
2024-11-17,SKU_0134,115,0,28.0,96
2024-11-24,SKU_0134,107,0,28.0,96
2024-12-01,SKU_0134,81,103,28.0,96
2024-12-08,SKU_0134,248,0,28.0,96
2024-12-15,SKU_0134,246,0,28.0,96
2024-12-22,SKU_0134,174,0,28.0,96
2024-12-29,SKU_0134,159,0,28.0,96
2023-01-01,SKU_0135,224,0,7.0,82
2023-01-08,SKU_0135,184,0,7.0,82
2023-01-15,SKU_0135,142,0,7.0,82
2023-01-22,SKU_0135,139,0,7.0,82
2023-01-29,SKU_0135,117,0,7.0,82
2023-02-05,SKU_0135,103,0,7.0,82
2023-02-12,SKU_0135,164,0,7.0,82
2023-02-19,SKU_0135,131,0,7.0,82
2023-02-26,SKU_0135,124,0,7.0,82
2023-03-05,SKU_0135,103,0,7.0,82
2023-03-12,SKU_0135,153,0,7.0,82
2023-03-19,SKU_0135,137,0,7.0,82
2023-03-26,SKU_0135,103,0,7.0,82
2023-04-02,SKU_0135,101,0,7.0,82
2023-04-09,SKU_0135,82,0,7.0,82
2023-04-16,SKU_0135,62,95,7.0,82
2023-04-23,SKU_0135,60,64,7.0,82
2023-04-30,SKU_0135,60,176,7.0,82
2023-05-07,SKU_0135,128,0,7.0,82
2023-05-14,SKU_0135,124,0,7.0,82
2023-05-21,SKU_0135,119,0,7.0,82
2023-05-28,SKU_0135,91,0,7.0,82
2023-06-04,SKU_0135,133,0,7.0,82
2023-06-11,SKU_0135,108,0,7.0,82
2023-06-18,SKU_0135,86,0,7.0,82
2023-06-25,SKU_0135,75,184,7.0,82
2023-07-02,SKU_0135,59,188,7.0,82
2023-07-09,SKU_0135,54,57,7.0,82
2023-07-16,SKU_0135,44,169,7.0,82
2023-07-23,SKU_0135,151,0,7.0,82
2023-07-30,SKU_0135,126,0,7.0,82
2023-08-06,SKU_0135,126,0,7.0,82
2023-08-13,SKU_0135,124,0,7.0,82
2023-08-20,SKU_0135,100,0,7.0,82
2023-08-27,SKU_0135,166,0,7.0,82
2023-09-03,SKU_0135,154,0,7.0,82
2023-09-10,SKU_0135,134,0,7.0,82
2023-09-17,SKU_0135,99,0,7.0,82
2023-09-24,SKU_0135,96,0,7.0,82
2023-10-01,SKU_0135,89,0,7.0,82
2023-10-08,SKU_0135,174,0,7.0,82
2023-10-15,SKU_0135,125,0,7.0,82
2023-10-22,SKU_0135,123,0,7.0,82
2023-10-29,SKU_0135,101,0,7.0,82
2023-11-05,SKU_0135,79,115,7.0,82
2023-11-12,SKU_0135,78,130,7.0,82
2023-11-19,SKU_0135,58,197,7.0,82
2023-11-26,SKU_0135,54,91,7.0,82
2023-12-03,SKU_0135,39,76,7.0,82
2023-12-10,SKU_0135,197,0,7.0,82
2023-12-17,SKU_0135,143,0,7.0,82
2023-12-24,SKU_0135,124,0,7.0,82
2023-12-31,SKU_0135,96,0,7.0,82
2024-01-07,SKU_0135,72,120,7.0,82
2024-01-14,SKU_0135,62,177,7.0,82
2024-01-21,SKU_0135,119,0,7.0,82
2024-01-28,SKU_0135,84,0,7.0,82
2024-02-04,SKU_0135,61,149,7.0,82
2024-02-11,SKU_0135,48,117,7.0,82
2024-02-18,SKU_0135,232,0,7.0,82
2024-02-25,SKU_0135,171,0,7.0,82
2024-03-03,SKU_0135,123,0,7.0,82
2024-03-10,SKU_0135,100,0,7.0,82
2024-03-17,SKU_0135,201,0,7.0,82
2024-03-24,SKU_0135,156,0,7.0,82
2024-03-31,SKU_0135,134,0,7.0,82
2024-04-07,SKU_0135,123,0,7.0,82
2024-04-14,SKU_0135,90,0,7.0,82
2024-04-21,SKU_0135,73,51,7.0,82
2024-04-28,SKU_0135,68,125,7.0,82
2024-05-05,SKU_0135,55,198,7.0,82
2024-05-12,SKU_0135,183,0,7.0,82
2024-05-19,SKU_0135,174,0,7.0,82
2024-05-26,SKU_0135,149,0,7.0,82
2024-06-02,SKU_0135,120,0,7.0,82
2024-06-09,SKU_0135,100,0,7.0,82
2024-06-16,SKU_0135,70,115,7.0,82
2024-06-23,SKU_0135,62,151,7.0,82
2024-06-30,SKU_0135,45,174,7.0,82
2024-07-07,SKU_0135,41,176,7.0,82
2024-07-14,SKU_0135,40,182,7.0,82
2024-07-21,SKU_0135,35,160,7.0,82
2024-07-28,SKU_0135,34,78,7.0,82
2024-08-04,SKU_0135,33,55,7.0,82
2024-08-11,SKU_0135,32,142,7.0,82
2024-08-18,SKU_0135,26,65,7.0,82
2024-08-25,SKU_0135,19,130,7.0,82
2024-09-01,SKU_0135,19,164,7.0,82
2024-09-08,SKU_0135,163,0,7.0,82
2024-09-15,SKU_0135,149,0,7.0,82
2024-09-22,SKU_0135,142,0,7.0,82
2024-09-29,SKU_0135,113,0,7.0,82
2024-10-06,SKU_0135,87,0,7.0,82
2024-10-13,SKU_0135,125,0,7.0,82
2024-10-20,SKU_0135,115,0,7.0,82
2024-10-27,SKU_0135,113,0,7.0,82
2024-11-03,SKU_0135,93,0,7.0,82
2024-11-10,SKU_0135,217,0,7.0,82
2024-11-17,SKU_0135,195,0,7.0,82
2024-11-24,SKU_0135,143,0,7.0,82
2024-12-01,SKU_0135,114,0,7.0,82
2024-12-08,SKU_0135,84,0,7.0,82
2024-12-15,SKU_0135,203,0,7.0,82
2024-12-22,SKU_0135,184,0,7.0,82
2024-12-29,SKU_0135,154,0,7.0,82
2023-01-01,SKU_0136,316,0,21.0,38
2023-01-08,SKU_0136,298,0,21.0,38
2023-01-15,SKU_0136,293,0,21.0,38
2023-01-22,SKU_0136,240,0,21.0,38
2023-01-29,SKU_0136,239,0,21.0,38
2023-02-05,SKU_0136,202,0,21.0,38
2023-02-12,SKU_0136,179,0,21.0,38
2023-02-19,SKU_0136,175,0,21.0,38
2023-02-26,SKU_0136,170,0,21.0,38
2023-03-05,SKU_0136,150,0,21.0,38
2023-03-12,SKU_0136,145,0,21.0,38
2023-03-19,SKU_0136,125,0,21.0,38
2023-03-26,SKU_0136,120,0,21.0,38
2023-04-02,SKU_0136,110,0,21.0,38
2023-04-09,SKU_0136,84,0,21.0,38
2023-04-16,SKU_0136,71,0,21.0,38
2023-04-23,SKU_0136,67,0,21.0,38
2023-04-30,SKU_0136,49,0,21.0,38
2023-05-07,SKU_0136,48,0,21.0,38
2023-05-14,SKU_0136,43,0,21.0,38
2023-05-21,SKU_0136,43,0,21.0,38
2023-05-28,SKU_0136,103,0,21.0,38
2023-06-04,SKU_0136,74,0,21.0,38
2023-06-11,SKU_0136,63,0,21.0,38
2023-06-18,SKU_0136,48,0,21.0,38
2023-06-25,SKU_0136,48,0,21.0,38
2023-07-02,SKU_0136,114,0,21.0,38
2023-07-09,SKU_0136,113,0,21.0,38
2023-07-16,SKU_0136,101,0,21.0,38
2023-07-23,SKU_0136,72,0,21.0,38
2023-07-30,SKU_0136,63,0,21.0,38
2023-08-06,SKU_0136,62,0,21.0,38
2023-08-13,SKU_0136,61,0,21.0,38
2023-08-20,SKU_0136,50,0,21.0,38
2023-08-27,SKU_0136,35,187,21.0,38
2023-09-03,SKU_0136,35,193,21.0,38
2023-09-10,SKU_0136,94,0,21.0,38
2023-09-17,SKU_0136,72,0,21.0,38
2023-09-24,SKU_0136,54,0,21.0,38
2023-10-01,SKU_0136,50,0,21.0,38
2023-10-08,SKU_0136,37,78,21.0,38
2023-10-15,SKU_0136,173,0,21.0,38
2023-10-22,SKU_0136,136,0,21.0,38
2023-10-29,SKU_0136,103,0,21.0,38
2023-11-05,SKU_0136,73,0,21.0,38
2023-11-12,SKU_0136,56,0,21.0,38
2023-11-19,SKU_0136,47,0,21.0,38
2023-11-26,SKU_0136,46,0,21.0,38
2023-12-03,SKU_0136,38,0,21.0,38
2023-12-10,SKU_0136,138,0,21.0,38
2023-12-17,SKU_0136,117,0,21.0,38
2023-12-24,SKU_0136,110,0,21.0,38
2023-12-31,SKU_0136,102,0,21.0,38
2024-01-07,SKU_0136,91,0,21.0,38
2024-01-14,SKU_0136,77,0,21.0,38
2024-01-21,SKU_0136,65,0,21.0,38
2024-01-28,SKU_0136,61,0,21.0,38
2024-02-04,SKU_0136,52,0,21.0,38
2024-02-11,SKU_0136,47,0,21.0,38
2024-02-18,SKU_0136,148,0,21.0,38
2024-02-25,SKU_0136,130,0,21.0,38
2024-03-03,SKU_0136,92,0,21.0,38
2024-03-10,SKU_0136,78,0,21.0,38
2024-03-17,SKU_0136,74,0,21.0,38
2024-03-24,SKU_0136,60,0,21.0,38
2024-03-31,SKU_0136,56,0,21.0,38
2024-04-07,SKU_0136,51,0,21.0,38
2024-04-14,SKU_0136,42,0,21.0,38
2024-04-21,SKU_0136,36,56,21.0,38
2024-04-28,SKU_0136,212,0,21.0,38
2024-05-05,SKU_0136,209,0,21.0,38
2024-05-12,SKU_0136,205,0,21.0,38
2024-05-19,SKU_0136,176,0,21.0,38
2024-05-26,SKU_0136,159,0,21.0,38
2024-06-02,SKU_0136,115,0,21.0,38
2024-06-09,SKU_0136,88,0,21.0,38
2024-06-16,SKU_0136,63,0,21.0,38
2024-06-23,SKU_0136,55,0,21.0,38
2024-06-30,SKU_0136,41,0,21.0,38
2024-07-07,SKU_0136,168,0,21.0,38
2024-07-14,SKU_0136,145,0,21.0,38
2024-07-21,SKU_0136,121,0,21.0,38
2024-07-28,SKU_0136,91,0,21.0,38
2024-08-04,SKU_0136,81,0,21.0,38
2024-08-11,SKU_0136,61,0,21.0,38
2024-08-18,SKU_0136,54,0,21.0,38
2024-08-25,SKU_0136,41,0,21.0,38
2024-09-01,SKU_0136,32,196,21.0,38
2024-09-08,SKU_0136,30,94,21.0,38
2024-09-15,SKU_0136,101,0,21.0,38
2024-09-22,SKU_0136,92,0,21.0,38
2024-09-29,SKU_0136,82,0,21.0,38
2024-10-06,SKU_0136,69,0,21.0,38
2024-10-13,SKU_0136,67,0,21.0,38
2024-10-20,SKU_0136,61,0,21.0,38
2024-10-27,SKU_0136,43,0,21.0,38
2024-11-03,SKU_0136,31,102,21.0,38
2024-11-10,SKU_0136,226,0,21.0,38
2024-11-17,SKU_0136,169,0,21.0,38
2024-11-24,SKU_0136,140,0,21.0,38
2024-12-01,SKU_0136,138,0,21.0,38
2024-12-08,SKU_0136,114,0,21.0,38
2024-12-15,SKU_0136,80,0,21.0,38
2024-12-22,SKU_0136,63,0,21.0,38
2024-12-29,SKU_0136,57,0,21.0,38
2023-01-01,SKU_0137,119,0,14.0,21
2023-01-08,SKU_0137,84,0,14.0,21
2023-01-15,SKU_0137,64,0,14.0,21
2023-01-22,SKU_0137,49,0,14.0,21
2023-01-29,SKU_0137,43,0,14.0,21
2023-02-05,SKU_0137,31,0,14.0,21
2023-02-12,SKU_0137,30,0,14.0,21
2023-02-19,SKU_0137,28,0,14.0,21
2023-02-26,SKU_0137,23,0,14.0,21
2023-03-05,SKU_0137,18,60,14.0,21
2023-03-12,SKU_0137,105,0,14.0,21
2023-03-19,SKU_0137,81,0,14.0,21
2023-03-26,SKU_0137,60,0,14.0,21
2023-04-02,SKU_0137,57,0,14.0,21
2023-04-09,SKU_0137,49,0,14.0,21
2023-04-16,SKU_0137,36,0,14.0,21
2023-04-23,SKU_0137,26,0,14.0,21
2023-04-30,SKU_0137,196,0,14.0,21
2023-05-07,SKU_0137,159,0,14.0,21
2023-05-14,SKU_0137,148,0,14.0,21
2023-05-21,SKU_0137,126,0,14.0,21
2023-05-28,SKU_0137,94,0,14.0,21
2023-06-04,SKU_0137,86,0,14.0,21
2023-06-11,SKU_0137,86,0,14.0,21
2023-06-18,SKU_0137,71,0,14.0,21
2023-06-25,SKU_0137,58,0,14.0,21
2023-07-02,SKU_0137,44,0,14.0,21
2023-07-09,SKU_0137,36,0,14.0,21
2023-07-16,SKU_0137,26,0,14.0,21
2023-07-23,SKU_0137,26,0,14.0,21
2023-07-30,SKU_0137,133,0,14.0,21
2023-08-06,SKU_0137,107,0,14.0,21
2023-08-13,SKU_0137,103,0,14.0,21
2023-08-20,SKU_0137,103,0,14.0,21
2023-08-27,SKU_0137,76,0,14.0,21
2023-09-03,SKU_0137,75,0,14.0,21
2023-09-10,SKU_0137,68,0,14.0,21
2023-09-17,SKU_0137,50,0,14.0,21
2023-09-24,SKU_0137,39,0,14.0,21
2023-10-01,SKU_0137,31,0,14.0,21
2023-10-08,SKU_0137,23,0,14.0,21
2023-10-15,SKU_0137,23,0,14.0,21
2023-10-22,SKU_0137,218,0,14.0,21
2023-10-29,SKU_0137,215,0,14.0,21
2023-11-05,SKU_0137,168,0,14.0,21
2023-11-12,SKU_0137,142,0,14.0,21
2023-11-19,SKU_0137,120,0,14.0,21
2023-11-26,SKU_0137,89,0,14.0,21
2023-12-03,SKU_0137,70,0,14.0,21
2023-12-10,SKU_0137,55,0,14.0,21
2023-12-17,SKU_0137,39,0,14.0,21
2023-12-24,SKU_0137,30,0,14.0,21
2023-12-31,SKU_0137,30,0,14.0,21
2024-01-07,SKU_0137,26,0,14.0,21
2024-01-14,SKU_0137,153,0,14.0,21
2024-01-21,SKU_0137,130,0,14.0,21
2024-01-28,SKU_0137,97,0,14.0,21
2024-02-04,SKU_0137,85,0,14.0,21
2024-02-11,SKU_0137,74,0,14.0,21
2024-02-18,SKU_0137,59,0,14.0,21
2024-02-25,SKU_0137,44,0,14.0,21
2024-03-03,SKU_0137,33,0,14.0,21
2024-03-10,SKU_0137,26,0,14.0,21
2024-03-17,SKU_0137,26,0,14.0,21
2024-03-24,SKU_0137,26,0,14.0,21
2024-03-31,SKU_0137,22,0,14.0,21
2024-04-07,SKU_0137,183,0,14.0,21
2024-04-14,SKU_0137,142,0,14.0,21
2024-04-21,SKU_0137,135,0,14.0,21
2024-04-28,SKU_0137,102,0,14.0,21
2024-05-05,SKU_0137,75,0,14.0,21
2024-05-12,SKU_0137,72,0,14.0,21
2024-05-19,SKU_0137,62,0,14.0,21
2024-05-26,SKU_0137,51,0,14.0,21
2024-06-02,SKU_0137,39,0,14.0,21
2024-06-09,SKU_0137,37,0,14.0,21
2024-06-16,SKU_0137,31,0,14.0,21
2024-06-23,SKU_0137,24,0,14.0,21
2024-06-30,SKU_0137,17,134,14.0,21
2024-07-07,SKU_0137,14,137,14.0,21
2024-07-14,SKU_0137,149,0,14.0,21
2024-07-21,SKU_0137,128,0,14.0,21
2024-07-28,SKU_0137,96,0,14.0,21
2024-08-04,SKU_0137,83,0,14.0,21
2024-08-11,SKU_0137,74,0,14.0,21
2024-08-18,SKU_0137,72,0,14.0,21
2024-08-25,SKU_0137,57,0,14.0,21
2024-09-01,SKU_0137,48,0,14.0,21
2024-09-08,SKU_0137,44,0,14.0,21
2024-09-15,SKU_0137,44,0,14.0,21
2024-09-22,SKU_0137,32,0,14.0,21
2024-09-29,SKU_0137,29,0,14.0,21
2024-10-06,SKU_0137,23,0,14.0,21
2024-10-13,SKU_0137,18,101,14.0,21
2024-10-20,SKU_0137,142,0,14.0,21
2024-10-27,SKU_0137,134,0,14.0,21
2024-11-03,SKU_0137,99,0,14.0,21
2024-11-10,SKU_0137,86,0,14.0,21
2024-11-17,SKU_0137,73,0,14.0,21
2024-11-24,SKU_0137,67,0,14.0,21
2024-12-01,SKU_0137,56,0,14.0,21
2024-12-08,SKU_0137,47,0,14.0,21
2024-12-15,SKU_0137,47,0,14.0,21
2024-12-22,SKU_0137,46,0,14.0,21
2024-12-29,SKU_0137,40,0,14.0,21
2023-01-01,SKU_0138,425,0,21.0,97
2023-01-08,SKU_0138,415,0,21.0,97
2023-01-15,SKU_0138,402,0,21.0,97
2023-01-22,SKU_0138,391,0,21.0,97
2023-01-29,SKU_0138,344,0,21.0,97
2023-02-05,SKU_0138,316,0,21.0,97
2023-02-12,SKU_0138,223,0,21.0,97
2023-02-19,SKU_0138,160,0,21.0,97
2023-02-26,SKU_0138,123,0,21.0,97
2023-03-05,SKU_0138,253,0,21.0,97
2023-03-12,SKU_0138,207,0,21.0,97
2023-03-19,SKU_0138,207,0,21.0,97
2023-03-26,SKU_0138,147,0,21.0,97
2023-04-02,SKU_0138,130,0,21.0,97
2023-04-09,SKU_0138,108,0,21.0,97
2023-04-16,SKU_0138,79,169,21.0,97
2023-04-23,SKU_0138,71,136,21.0,97
2023-04-30,SKU_0138,196,0,21.0,97
2023-05-07,SKU_0138,145,0,21.0,97
2023-05-14,SKU_0138,119,0,21.0,97
2023-05-21,SKU_0138,86,71,21.0,97
2023-05-28,SKU_0138,65,138,21.0,97
2023-06-04,SKU_0138,116,0,21.0,97
2023-06-11,SKU_0138,115,0,21.0,97
2023-06-18,SKU_0138,215,0,21.0,97
2023-06-25,SKU_0138,185,0,21.0,97
2023-07-02,SKU_0138,134,0,21.0,97
2023-07-09,SKU_0138,113,0,21.0,97
2023-07-16,SKU_0138,266,0,21.0,97
2023-07-23,SKU_0138,263,0,21.0,97
2023-07-30,SKU_0138,210,0,21.0,97
2023-08-06,SKU_0138,199,0,21.0,97
2023-08-13,SKU_0138,142,0,21.0,97
2023-08-20,SKU_0138,108,0,21.0,97
2023-08-27,SKU_0138,102,0,21.0,97
2023-09-03,SKU_0138,75,141,21.0,97
2023-09-10,SKU_0138,69,52,21.0,97
2023-09-17,SKU_0138,171,0,21.0,97
2023-09-24,SKU_0138,138,0,21.0,97
2023-10-01,SKU_0138,119,0,21.0,97
2023-10-08,SKU_0138,104,0,21.0,97
2023-10-15,SKU_0138,260,0,21.0,97
2023-10-22,SKU_0138,193,0,21.0,97
2023-10-29,SKU_0138,141,0,21.0,97
2023-11-05,SKU_0138,125,0,21.0,97
2023-11-12,SKU_0138,99,0,21.0,97
2023-11-19,SKU_0138,94,178,21.0,97
2023-11-26,SKU_0138,75,146,21.0,97
2023-12-03,SKU_0138,70,134,21.0,97
2023-12-10,SKU_0138,69,134,21.0,97
2023-12-17,SKU_0138,56,87,21.0,97
2023-12-24,SKU_0138,51,57,21.0,97
2023-12-31,SKU_0138,206,0,21.0,97
2024-01-07,SKU_0138,145,0,21.0,97
2024-01-14,SKU_0138,108,0,21.0,97
2024-01-21,SKU_0138,228,0,21.0,97
2024-01-28,SKU_0138,171,0,21.0,97
2024-02-04,SKU_0138,132,0,21.0,97
2024-02-11,SKU_0138,118,0,21.0,97
2024-02-18,SKU_0138,86,91,21.0,97
2024-02-25,SKU_0138,86,114,21.0,97
2024-03-03,SKU_0138,175,0,21.0,97
2024-03-10,SKU_0138,151,0,21.0,97
2024-03-17,SKU_0138,109,0,21.0,97
2024-03-24,SKU_0138,199,0,21.0,97
2024-03-31,SKU_0138,198,0,21.0,97
2024-04-07,SKU_0138,147,0,21.0,97
2024-04-14,SKU_0138,107,0,21.0,97
2024-04-21,SKU_0138,229,0,21.0,97
2024-04-28,SKU_0138,219,0,21.0,97
2024-05-05,SKU_0138,185,0,21.0,97
2024-05-12,SKU_0138,165,0,21.0,97
2024-05-19,SKU_0138,137,0,21.0,97
2024-05-26,SKU_0138,116,0,21.0,97
2024-06-02,SKU_0138,109,0,21.0,97
2024-06-09,SKU_0138,262,0,21.0,97
2024-06-16,SKU_0138,195,0,21.0,97
2024-06-23,SKU_0138,191,0,21.0,97
2024-06-30,SKU_0138,168,0,21.0,97
2024-07-07,SKU_0138,125,0,21.0,97
2024-07-14,SKU_0138,103,0,21.0,97
2024-07-21,SKU_0138,146,0,21.0,97
2024-07-28,SKU_0138,123,0,21.0,97
2024-08-04,SKU_0138,239,0,21.0,97
2024-08-11,SKU_0138,217,0,21.0,97
2024-08-18,SKU_0138,208,0,21.0,97
2024-08-25,SKU_0138,179,0,21.0,97
2024-09-01,SKU_0138,131,0,21.0,97
2024-09-08,SKU_0138,101,0,21.0,97
2024-09-15,SKU_0138,101,0,21.0,97
2024-09-22,SKU_0138,80,76,21.0,97
2024-09-29,SKU_0138,64,179,21.0,97
2024-10-06,SKU_0138,64,128,21.0,97
2024-10-13,SKU_0138,142,0,21.0,97
2024-10-20,SKU_0138,126,0,21.0,97
2024-10-27,SKU_0138,193,0,21.0,97
2024-11-03,SKU_0138,160,0,21.0,97
2024-11-10,SKU_0138,147,0,21.0,97
2024-11-17,SKU_0138,122,0,21.0,97
2024-11-24,SKU_0138,117,0,21.0,97
2024-12-01,SKU_0138,102,0,21.0,97
2024-12-08,SKU_0138,155,0,21.0,97
2024-12-15,SKU_0138,147,0,21.0,97
2024-12-22,SKU_0138,126,0,21.0,97
2024-12-29,SKU_0138,101,0,21.0,97
2023-01-01,SKU_0139,63,168,21.0,72
2023-01-08,SKU_0139,254,0,21.0,72
2023-01-15,SKU_0139,190,0,21.0,72
2023-01-22,SKU_0139,170,0,21.0,72
2023-01-29,SKU_0139,167,0,21.0,72
2023-02-05,SKU_0139,122,0,21.0,72
2023-02-12,SKU_0139,101,0,21.0,72
2023-02-19,SKU_0139,79,0,21.0,72
2023-02-26,SKU_0139,58,113,21.0,72
2023-03-05,SKU_0139,48,166,21.0,72
2023-03-12,SKU_0139,38,103,21.0,72
2023-03-19,SKU_0139,38,79,21.0,72
2023-03-26,SKU_0139,219,0,21.0,72
2023-04-02,SKU_0139,171,0,21.0,72
2023-04-09,SKU_0139,131,0,21.0,72
2023-04-16,SKU_0139,97,0,21.0,72
2023-04-23,SKU_0139,85,0,21.0,72
2023-04-30,SKU_0139,74,0,21.0,72
2023-05-07,SKU_0139,143,0,21.0,72
2023-05-14,SKU_0139,110,0,21.0,72
2023-05-21,SKU_0139,110,0,21.0,72
2023-05-28,SKU_0139,109,0,21.0,72
2023-06-04,SKU_0139,78,0,21.0,72
2023-06-11,SKU_0139,65,198,21.0,72
2023-06-18,SKU_0139,46,136,21.0,72
2023-06-25,SKU_0139,34,145,21.0,72
2023-07-02,SKU_0139,227,0,21.0,72
2023-07-09,SKU_0139,190,0,21.0,72
2023-07-16,SKU_0139,166,0,21.0,72
2023-07-23,SKU_0139,138,0,21.0,72
2023-07-30,SKU_0139,127,0,21.0,72
2023-08-06,SKU_0139,97,0,21.0,72
2023-08-13,SKU_0139,86,0,21.0,72
2023-08-20,SKU_0139,67,146,21.0,72
2023-08-27,SKU_0139,59,72,21.0,72
2023-09-03,SKU_0139,180,0,21.0,72
2023-09-10,SKU_0139,128,0,21.0,72
2023-09-17,SKU_0139,93,0,21.0,72
2023-09-24,SKU_0139,76,0,21.0,72
2023-10-01,SKU_0139,58,94,21.0,72
2023-10-08,SKU_0139,187,0,21.0,72
2023-10-15,SKU_0139,155,0,21.0,72
2023-10-22,SKU_0139,114,0,21.0,72
2023-10-29,SKU_0139,109,0,21.0,72
2023-11-05,SKU_0139,94,0,21.0,72
2023-11-12,SKU_0139,82,0,21.0,72
2023-11-19,SKU_0139,58,86,21.0,72
2023-11-26,SKU_0139,218,0,21.0,72
2023-12-03,SKU_0139,207,0,21.0,72
2023-12-10,SKU_0139,181,0,21.0,72
2023-12-17,SKU_0139,154,0,21.0,72
2023-12-24,SKU_0139,130,0,21.0,72
2023-12-31,SKU_0139,117,0,21.0,72
2024-01-07,SKU_0139,83,0,21.0,72
2024-01-14,SKU_0139,223,0,21.0,72
2024-01-21,SKU_0139,207,0,21.0,72
2024-01-28,SKU_0139,181,0,21.0,72
2024-02-04,SKU_0139,142,0,21.0,72
2024-02-11,SKU_0139,124,0,21.0,72
2024-02-18,SKU_0139,94,0,21.0,72
2024-02-25,SKU_0139,74,0,21.0,72
2024-03-03,SKU_0139,72,0,21.0,72
2024-03-10,SKU_0139,247,0,21.0,72
2024-03-17,SKU_0139,200,0,21.0,72
2024-03-24,SKU_0139,160,0,21.0,72
2024-03-31,SKU_0139,114,0,21.0,72
2024-04-07,SKU_0139,103,0,21.0,72
2024-04-14,SKU_0139,87,0,21.0,72
2024-04-21,SKU_0139,81,0,21.0,72
2024-04-28,SKU_0139,61,72,21.0,72
2024-05-05,SKU_0139,201,0,21.0,72
2024-05-12,SKU_0139,171,0,21.0,72
2024-05-19,SKU_0139,138,0,21.0,72
2024-05-26,SKU_0139,138,0,21.0,72
2024-06-02,SKU_0139,121,0,21.0,72
2024-06-09,SKU_0139,113,0,21.0,72
2024-06-16,SKU_0139,113,0,21.0,72
2024-06-23,SKU_0139,86,0,21.0,72
2024-06-30,SKU_0139,71,184,21.0,72
2024-07-07,SKU_0139,53,58,21.0,72
2024-07-14,SKU_0139,133,0,21.0,72
2024-07-21,SKU_0139,118,0,21.0,72
2024-07-28,SKU_0139,113,0,21.0,72
2024-08-04,SKU_0139,89,0,21.0,72
2024-08-11,SKU_0139,85,0,21.0,72
2024-08-18,SKU_0139,69,77,21.0,72
2024-08-25,SKU_0139,206,0,21.0,72
2024-09-01,SKU_0139,179,0,21.0,72
2024-09-08,SKU_0139,155,0,21.0,72
2024-09-15,SKU_0139,110,0,21.0,72
2024-09-22,SKU_0139,86,0,21.0,72
2024-09-29,SKU_0139,66,119,21.0,72
2024-10-06,SKU_0139,54,173,21.0,72
2024-10-13,SKU_0139,43,144,21.0,72
2024-10-20,SKU_0139,97,0,21.0,72
2024-10-27,SKU_0139,155,0,21.0,72
2024-11-03,SKU_0139,112,0,21.0,72
2024-11-10,SKU_0139,97,0,21.0,72
2024-11-17,SKU_0139,229,0,21.0,72
2024-11-24,SKU_0139,189,0,21.0,72
2024-12-01,SKU_0139,166,0,21.0,72
2024-12-08,SKU_0139,119,0,21.0,72
2024-12-15,SKU_0139,104,0,21.0,72
2024-12-22,SKU_0139,93,0,21.0,72
2024-12-29,SKU_0139,225,0,21.0,72
2023-01-01,SKU_0140,143,0,14.0,41
2023-01-08,SKU_0140,133,0,14.0,41
2023-01-15,SKU_0140,95,0,14.0,41
2023-01-22,SKU_0140,86,0,14.0,41
2023-01-29,SKU_0140,63,0,14.0,41
2023-02-05,SKU_0140,60,0,14.0,41
2023-02-12,SKU_0140,58,0,14.0,41
2023-02-19,SKU_0140,42,0,14.0,41
2023-02-26,SKU_0140,32,113,14.0,41
2023-03-05,SKU_0140,29,106,14.0,41
2023-03-12,SKU_0140,21,53,14.0,41
2023-03-19,SKU_0140,20,79,14.0,41
2023-03-26,SKU_0140,176,0,14.0,41
2023-04-02,SKU_0140,156,0,14.0,41
2023-04-09,SKU_0140,154,0,14.0,41
2023-04-16,SKU_0140,145,0,14.0,41
2023-04-23,SKU_0140,134,0,14.0,41
2023-04-30,SKU_0140,100,0,14.0,41
2023-05-07,SKU_0140,99,0,14.0,41
2023-05-14,SKU_0140,88,0,14.0,41
2023-05-21,SKU_0140,88,0,14.0,41
2023-05-28,SKU_0140,68,0,14.0,41
2023-06-04,SKU_0140,65,0,14.0,41
2023-06-11,SKU_0140,48,0,14.0,41
2023-06-18,SKU_0140,121,0,14.0,41
2023-06-25,SKU_0140,103,0,14.0,41
2023-07-02,SKU_0140,89,0,14.0,41
2023-07-09,SKU_0140,65,0,14.0,41
2023-07-16,SKU_0140,49,0,14.0,41
2023-07-23,SKU_0140,44,0,14.0,41
2023-07-30,SKU_0140,41,0,14.0,41
2023-08-06,SKU_0140,214,0,14.0,41
2023-08-13,SKU_0140,152,0,14.0,41
2023-08-20,SKU_0140,138,0,14.0,41
2023-08-27,SKU_0140,127,0,14.0,41
2023-09-03,SKU_0140,103,0,14.0,41
2023-09-10,SKU_0140,94,0,14.0,41
2023-09-17,SKU_0140,80,0,14.0,41
2023-09-24,SKU_0140,72,0,14.0,41
2023-10-01,SKU_0140,54,0,14.0,41
2023-10-08,SKU_0140,41,0,14.0,41
2023-10-15,SKU_0140,34,113,14.0,41
2023-10-22,SKU_0140,169,0,14.0,41
2023-10-29,SKU_0140,126,0,14.0,41
2023-11-05,SKU_0140,103,0,14.0,41
2023-11-12,SKU_0140,82,0,14.0,41
2023-11-19,SKU_0140,74,0,14.0,41
2023-11-26,SKU_0140,55,0,14.0,41
2023-12-03,SKU_0140,45,0,14.0,41
2023-12-10,SKU_0140,138,0,14.0,41
2023-12-17,SKU_0140,132,0,14.0,41
2023-12-24,SKU_0140,115,0,14.0,41
2023-12-31,SKU_0140,81,0,14.0,41
2024-01-07,SKU_0140,61,0,14.0,41
2024-01-14,SKU_0140,59,0,14.0,41
2024-01-21,SKU_0140,45,0,14.0,41
2024-01-28,SKU_0140,198,0,14.0,41
2024-02-04,SKU_0140,155,0,14.0,41
2024-02-11,SKU_0140,125,0,14.0,41
2024-02-18,SKU_0140,123,0,14.0,41
2024-02-25,SKU_0140,108,0,14.0,41
2024-03-03,SKU_0140,81,0,14.0,41
2024-03-10,SKU_0140,62,0,14.0,41
2024-03-17,SKU_0140,61,0,14.0,41
2024-03-24,SKU_0140,57,0,14.0,41
2024-03-31,SKU_0140,44,0,14.0,41
2024-04-07,SKU_0140,44,0,14.0,41
2024-04-14,SKU_0140,44,0,14.0,41
2024-04-21,SKU_0140,200,0,14.0,41
2024-04-28,SKU_0140,174,0,14.0,41
2024-05-05,SKU_0140,167,0,14.0,41
2024-05-12,SKU_0140,128,0,14.0,41
2024-05-19,SKU_0140,118,0,14.0,41
2024-05-26,SKU_0140,112,0,14.0,41
2024-06-02,SKU_0140,101,0,14.0,41
2024-06-09,SKU_0140,96,0,14.0,41
2024-06-16,SKU_0140,92,0,14.0,41
2024-06-23,SKU_0140,76,0,14.0,41
2024-06-30,SKU_0140,64,0,14.0,41
2024-07-07,SKU_0140,50,0,14.0,41
2024-07-14,SKU_0140,127,0,14.0,41
2024-07-21,SKU_0140,125,0,14.0,41
2024-07-28,SKU_0140,104,0,14.0,41
2024-08-04,SKU_0140,89,0,14.0,41
2024-08-11,SKU_0140,73,0,14.0,41
2024-08-18,SKU_0140,57,0,14.0,41
2024-08-25,SKU_0140,113,0,14.0,41
2024-09-01,SKU_0140,96,0,14.0,41
2024-09-08,SKU_0140,92,0,14.0,41
2024-09-15,SKU_0140,90,0,14.0,41
2024-09-22,SKU_0140,70,0,14.0,41
2024-09-29,SKU_0140,66,0,14.0,41
2024-10-06,SKU_0140,61,0,14.0,41
2024-10-13,SKU_0140,58,0,14.0,41
2024-10-20,SKU_0140,53,0,14.0,41
2024-10-27,SKU_0140,46,0,14.0,41
2024-11-03,SKU_0140,43,0,14.0,41
2024-11-10,SKU_0140,125,0,14.0,41
2024-11-17,SKU_0140,105,0,14.0,41
2024-11-24,SKU_0140,96,0,14.0,41
2024-12-01,SKU_0140,77,0,14.0,41
2024-12-08,SKU_0140,61,0,14.0,41
2024-12-15,SKU_0140,59,0,14.0,41
2024-12-22,SKU_0140,55,0,14.0,41
2024-12-29,SKU_0140,44,0,14.0,41
2023-01-01,SKU_0141,446,0,21.0,64
2023-01-08,SKU_0141,386,0,21.0,64
2023-01-15,SKU_0141,303,0,21.0,64
2023-01-22,SKU_0141,272,0,21.0,64
2023-01-29,SKU_0141,201,0,21.0,64
2023-02-05,SKU_0141,141,0,21.0,64
2023-02-12,SKU_0141,131,0,21.0,64
2023-02-19,SKU_0141,120,0,21.0,64
2023-02-26,SKU_0141,100,0,21.0,64
2023-03-05,SKU_0141,96,0,21.0,64
2023-03-12,SKU_0141,94,0,21.0,64
2023-03-19,SKU_0141,81,0,21.0,64
2023-03-26,SKU_0141,79,0,21.0,64
2023-04-02,SKU_0141,158,0,21.0,64
2023-04-09,SKU_0141,145,0,21.0,64
2023-04-16,SKU_0141,107,0,21.0,64
2023-04-23,SKU_0141,97,0,21.0,64
2023-04-30,SKU_0141,96,0,21.0,64
2023-05-07,SKU_0141,92,0,21.0,64
2023-05-14,SKU_0141,80,0,21.0,64
2023-05-21,SKU_0141,70,0,21.0,64
2023-05-28,SKU_0141,145,0,21.0,64
2023-06-04,SKU_0141,128,0,21.0,64
2023-06-11,SKU_0141,109,0,21.0,64
2023-06-18,SKU_0141,83,0,21.0,64
2023-06-25,SKU_0141,71,0,21.0,64
2023-07-02,SKU_0141,68,0,21.0,64
2023-07-09,SKU_0141,59,93,21.0,64
2023-07-16,SKU_0141,51,118,21.0,64
2023-07-23,SKU_0141,37,126,21.0,64
2023-07-30,SKU_0141,134,0,21.0,64
2023-08-06,SKU_0141,110,0,21.0,64
2023-08-13,SKU_0141,109,0,21.0,64
2023-08-20,SKU_0141,77,0,21.0,64
2023-08-27,SKU_0141,63,174,21.0,64
2023-09-03,SKU_0141,50,65,21.0,64
2023-09-10,SKU_0141,40,186,21.0,64
2023-09-17,SKU_0141,29,105,21.0,64
2023-09-24,SKU_0141,28,105,21.0,64
2023-10-01,SKU_0141,208,0,21.0,64
2023-10-08,SKU_0141,207,0,21.0,64
2023-10-15,SKU_0141,185,0,21.0,64
2023-10-22,SKU_0141,160,0,21.0,64
2023-10-29,SKU_0141,157,0,21.0,64
2023-11-05,SKU_0141,144,0,21.0,64
2023-11-12,SKU_0141,119,0,21.0,64
2023-11-19,SKU_0141,111,0,21.0,64
2023-11-26,SKU_0141,106,0,21.0,64
2023-12-03,SKU_0141,105,0,21.0,64
2023-12-10,SKU_0141,74,0,21.0,64
2023-12-17,SKU_0141,66,0,21.0,64
2023-12-24,SKU_0141,64,0,21.0,64
2023-12-31,SKU_0141,46,171,21.0,64
2024-01-07,SKU_0141,39,192,21.0,64
2024-01-14,SKU_0141,161,0,21.0,64
2024-01-21,SKU_0141,145,0,21.0,64
2024-01-28,SKU_0141,145,0,21.0,64
2024-02-04,SKU_0141,103,0,21.0,64
2024-02-11,SKU_0141,102,0,21.0,64
2024-02-18,SKU_0141,99,0,21.0,64
2024-02-25,SKU_0141,71,0,21.0,64
2024-03-03,SKU_0141,70,0,21.0,64
2024-03-10,SKU_0141,53,134,21.0,64
2024-03-17,SKU_0141,46,85,21.0,64
2024-03-24,SKU_0141,118,0,21.0,64
2024-03-31,SKU_0141,110,0,21.0,64
2024-04-07,SKU_0141,82,0,21.0,64
2024-04-14,SKU_0141,69,0,21.0,64
2024-04-21,SKU_0141,66,0,21.0,64
2024-04-28,SKU_0141,54,67,21.0,64
2024-05-05,SKU_0141,50,141,21.0,64
2024-05-12,SKU_0141,40,61,21.0,64
2024-05-19,SKU_0141,29,146,21.0,64
2024-05-26,SKU_0141,28,144,21.0,64
2024-06-02,SKU_0141,23,193,21.0,64
2024-06-09,SKU_0141,21,166,21.0,64
2024-06-16,SKU_0141,17,117,21.0,64
2024-06-23,SKU_0141,12,194,21.0,64
2024-06-30,SKU_0141,66,0,21.0,64
2024-07-07,SKU_0141,62,163,21.0,64
2024-07-14,SKU_0141,255,0,21.0,64
2024-07-21,SKU_0141,241,0,21.0,64
2024-07-28,SKU_0141,169,0,21.0,64
2024-08-04,SKU_0141,159,0,21.0,64
2024-08-11,SKU_0141,153,0,21.0,64
2024-08-18,SKU_0141,149,0,21.0,64
2024-08-25,SKU_0141,138,0,21.0,64
2024-09-01,SKU_0141,122,0,21.0,64
2024-09-08,SKU_0141,115,0,21.0,64
2024-09-15,SKU_0141,93,0,21.0,64
2024-09-22,SKU_0141,91,0,21.0,64
2024-09-29,SKU_0141,74,0,21.0,64
2024-10-06,SKU_0141,63,172,21.0,64
2024-10-13,SKU_0141,59,137,21.0,64
2024-10-20,SKU_0141,48,140,21.0,64
2024-10-27,SKU_0141,148,0,21.0,64
2024-11-03,SKU_0141,140,0,21.0,64
2024-11-10,SKU_0141,113,0,21.0,64
2024-11-17,SKU_0141,108,0,21.0,64
2024-11-24,SKU_0141,93,0,21.0,64
2024-12-01,SKU_0141,89,0,21.0,64
2024-12-08,SKU_0141,82,0,21.0,64
2024-12-15,SKU_0141,68,0,21.0,64
2024-12-22,SKU_0141,51,148,21.0,64
2024-12-29,SKU_0141,188,0,21.0,64
2023-01-01,SKU_0142,286,0,21.0,97
2023-01-08,SKU_0142,215,0,21.0,97
2023-01-15,SKU_0142,214,0,21.0,97
2023-01-22,SKU_0142,201,0,21.0,97
2023-01-29,SKU_0142,157,0,21.0,97
2023-02-05,SKU_0142,126,0,21.0,97
2023-02-12,SKU_0142,111,0,21.0,97
2023-02-19,SKU_0142,100,0,21.0,97
2023-02-26,SKU_0142,273,0,21.0,97
2023-03-05,SKU_0142,266,0,21.0,97
2023-03-12,SKU_0142,221,0,21.0,97
2023-03-19,SKU_0142,163,0,21.0,97
2023-03-26,SKU_0142,128,0,21.0,97
2023-04-02,SKU_0142,111,0,21.0,97
2023-04-09,SKU_0142,93,183,21.0,97
2023-04-16,SKU_0142,127,0,21.0,97
2023-04-23,SKU_0142,114,0,21.0,97
2023-04-30,SKU_0142,182,0,21.0,97
2023-05-07,SKU_0142,170,0,21.0,97
2023-05-14,SKU_0142,138,0,21.0,97
2023-05-21,SKU_0142,129,0,21.0,97
2023-05-28,SKU_0142,127,0,21.0,97
2023-06-04,SKU_0142,101,0,21.0,97
2023-06-11,SKU_0142,252,0,21.0,97
2023-06-18,SKU_0142,215,0,21.0,97
2023-06-25,SKU_0142,193,0,21.0,97
2023-07-02,SKU_0142,146,0,21.0,97
2023-07-09,SKU_0142,132,0,21.0,97
2023-07-16,SKU_0142,93,179,21.0,97
2023-07-23,SKU_0142,174,0,21.0,97
2023-07-30,SKU_0142,145,0,21.0,97
2023-08-06,SKU_0142,117,0,21.0,97
2023-08-13,SKU_0142,82,79,21.0,97
2023-08-20,SKU_0142,137,0,21.0,97
2023-08-27,SKU_0142,150,0,21.0,97
2023-09-03,SKU_0142,108,0,21.0,97
2023-09-10,SKU_0142,205,0,21.0,97
2023-09-17,SKU_0142,145,0,21.0,97
2023-09-24,SKU_0142,140,0,21.0,97
2023-10-01,SKU_0142,112,0,21.0,97
2023-10-08,SKU_0142,134,0,21.0,97
2023-10-15,SKU_0142,131,0,21.0,97
2023-10-22,SKU_0142,116,0,21.0,97
2023-10-29,SKU_0142,104,0,21.0,97
2023-11-05,SKU_0142,81,82,21.0,97
2023-11-12,SKU_0142,76,124,21.0,97
2023-11-19,SKU_0142,179,0,21.0,97
2023-11-26,SKU_0142,156,0,21.0,97
2023-12-03,SKU_0142,111,0,21.0,97
2023-12-10,SKU_0142,95,74,21.0,97
2023-12-17,SKU_0142,240,0,21.0,97
2023-12-24,SKU_0142,180,0,21.0,97
2023-12-31,SKU_0142,176,0,21.0,97
2024-01-07,SKU_0142,165,0,21.0,97
2024-01-14,SKU_0142,160,0,21.0,97
2024-01-21,SKU_0142,135,0,21.0,97
2024-01-28,SKU_0142,125,0,21.0,97
2024-02-04,SKU_0142,94,163,21.0,97
2024-02-11,SKU_0142,230,0,21.0,97
2024-02-18,SKU_0142,193,0,21.0,97
2024-02-25,SKU_0142,170,0,21.0,97
2024-03-03,SKU_0142,144,0,21.0,97
2024-03-10,SKU_0142,122,0,21.0,97
2024-03-17,SKU_0142,104,0,21.0,97
2024-03-24,SKU_0142,84,66,21.0,97
2024-03-31,SKU_0142,130,0,21.0,97
2024-04-07,SKU_0142,93,131,21.0,97
2024-04-14,SKU_0142,226,0,21.0,97
2024-04-21,SKU_0142,181,0,21.0,97
2024-04-28,SKU_0142,160,0,21.0,97
2024-05-05,SKU_0142,153,0,21.0,97
2024-05-12,SKU_0142,127,0,21.0,97
2024-05-19,SKU_0142,101,0,21.0,97
2024-05-26,SKU_0142,98,0,21.0,97
2024-06-02,SKU_0142,259,0,21.0,97
2024-06-09,SKU_0142,232,0,21.0,97
2024-06-16,SKU_0142,177,0,21.0,97
2024-06-23,SKU_0142,167,0,21.0,97
2024-06-30,SKU_0142,157,0,21.0,97
2024-07-07,SKU_0142,157,0,21.0,97
2024-07-14,SKU_0142,118,0,21.0,97
2024-07-21,SKU_0142,114,0,21.0,97
2024-07-28,SKU_0142,112,0,21.0,97
2024-08-04,SKU_0142,80,104,21.0,97
2024-08-11,SKU_0142,214,0,21.0,97
2024-08-18,SKU_0142,193,0,21.0,97
2024-08-25,SKU_0142,180,0,21.0,97
2024-09-01,SKU_0142,151,0,21.0,97
2024-09-08,SKU_0142,117,0,21.0,97
2024-09-15,SKU_0142,245,0,21.0,97
2024-09-22,SKU_0142,189,0,21.0,97
2024-09-29,SKU_0142,151,0,21.0,97
2024-10-06,SKU_0142,122,0,21.0,97
2024-10-13,SKU_0142,97,0,21.0,97
2024-10-20,SKU_0142,74,69,21.0,97
2024-10-27,SKU_0142,52,190,21.0,97
2024-11-03,SKU_0142,109,0,21.0,97
2024-11-10,SKU_0142,101,0,21.0,97
2024-11-17,SKU_0142,97,0,21.0,97
2024-11-24,SKU_0142,69,50,21.0,97
2024-12-01,SKU_0142,205,0,21.0,97
2024-12-08,SKU_0142,168,0,21.0,97
2024-12-15,SKU_0142,121,0,21.0,97
2024-12-22,SKU_0142,92,164,21.0,97
2024-12-29,SKU_0142,147,0,21.0,97
2023-01-01,SKU_0143,131,0,28.0,67
2023-01-08,SKU_0143,97,0,28.0,67
2023-01-15,SKU_0143,93,0,28.0,67
2023-01-22,SKU_0143,69,0,28.0,67
2023-01-29,SKU_0143,66,167,28.0,67
2023-02-05,SKU_0143,55,138,28.0,67
2023-02-12,SKU_0143,119,0,28.0,67
2023-02-19,SKU_0143,84,0,28.0,67
2023-02-26,SKU_0143,72,0,28.0,67
2023-03-05,SKU_0143,157,0,28.0,67
2023-03-12,SKU_0143,117,0,28.0,67
2023-03-19,SKU_0143,89,0,28.0,67
2023-03-26,SKU_0143,65,76,28.0,67
2023-04-02,SKU_0143,110,0,28.0,67
2023-04-09,SKU_0143,108,0,28.0,67
2023-04-16,SKU_0143,104,0,28.0,67
2023-04-23,SKU_0143,86,0,28.0,67
2023-04-30,SKU_0143,72,0,28.0,67
2023-05-07,SKU_0143,64,99,28.0,67
2023-05-14,SKU_0143,45,140,28.0,67
2023-05-21,SKU_0143,39,178,28.0,67
2023-05-28,SKU_0143,193,0,28.0,67
2023-06-04,SKU_0143,165,0,28.0,67
2023-06-11,SKU_0143,138,0,28.0,67
2023-06-18,SKU_0143,108,0,28.0,67
2023-06-25,SKU_0143,105,0,28.0,67
2023-07-02,SKU_0143,98,0,28.0,67
2023-07-09,SKU_0143,88,0,28.0,67
2023-07-16,SKU_0143,78,0,28.0,67
2023-07-23,SKU_0143,56,100,28.0,67
2023-07-30,SKU_0143,109,0,28.0,67
2023-08-06,SKU_0143,98,0,28.0,67
2023-08-13,SKU_0143,73,0,28.0,67
2023-08-20,SKU_0143,224,0,28.0,67
2023-08-27,SKU_0143,214,0,28.0,67
2023-09-03,SKU_0143,187,0,28.0,67
2023-09-10,SKU_0143,141,0,28.0,67
2023-09-17,SKU_0143,131,0,28.0,67
2023-09-24,SKU_0143,106,0,28.0,67
2023-10-01,SKU_0143,93,0,28.0,67
2023-10-08,SKU_0143,93,0,28.0,67
2023-10-15,SKU_0143,92,0,28.0,67
2023-10-22,SKU_0143,70,0,28.0,67
2023-10-29,SKU_0143,52,197,28.0,67
2023-11-05,SKU_0143,154,0,28.0,67
2023-11-12,SKU_0143,145,0,28.0,67
2023-11-19,SKU_0143,103,0,28.0,67
2023-11-26,SKU_0143,87,0,28.0,67
2023-12-03,SKU_0143,177,0,28.0,67
2023-12-10,SKU_0143,145,0,28.0,67
2023-12-17,SKU_0143,118,0,28.0,67
2023-12-24,SKU_0143,110,0,28.0,67
2023-12-31,SKU_0143,77,0,28.0,67
2024-01-07,SKU_0143,72,0,28.0,67
2024-01-14,SKU_0143,55,141,28.0,67
2024-01-21,SKU_0143,45,75,28.0,67
2024-01-28,SKU_0143,222,0,28.0,67
2024-02-04,SKU_0143,215,0,28.0,67
2024-02-11,SKU_0143,213,0,28.0,67
2024-02-18,SKU_0143,171,0,28.0,67
2024-02-25,SKU_0143,155,0,28.0,67
2024-03-03,SKU_0143,149,0,28.0,67
2024-03-10,SKU_0143,121,0,28.0,67
2024-03-17,SKU_0143,90,0,28.0,67
2024-03-24,SKU_0143,77,0,28.0,67
2024-03-31,SKU_0143,66,198,28.0,67
2024-04-07,SKU_0143,167,0,28.0,67
2024-04-14,SKU_0143,145,0,28.0,67
2024-04-21,SKU_0143,106,0,28.0,67
2024-04-28,SKU_0143,102,0,28.0,67
2024-05-05,SKU_0143,77,0,28.0,67
2024-05-12,SKU_0143,59,113,28.0,67
2024-05-19,SKU_0143,167,0,28.0,67
2024-05-26,SKU_0143,128,0,28.0,67
2024-06-02,SKU_0143,117,0,28.0,67
2024-06-09,SKU_0143,105,0,28.0,67
2024-06-16,SKU_0143,82,0,28.0,67
2024-06-23,SKU_0143,197,0,28.0,67
2024-06-30,SKU_0143,185,0,28.0,67
2024-07-07,SKU_0143,135,0,28.0,67
2024-07-14,SKU_0143,98,0,28.0,67
2024-07-21,SKU_0143,81,0,28.0,67
2024-07-28,SKU_0143,69,0,28.0,67
2024-08-04,SKU_0143,55,194,28.0,67
2024-08-11,SKU_0143,103,0,28.0,67
2024-08-18,SKU_0143,75,0,28.0,67
2024-08-25,SKU_0143,62,109,28.0,67
2024-09-01,SKU_0143,46,66,28.0,67
2024-09-08,SKU_0143,203,0,28.0,67
2024-09-15,SKU_0143,182,0,28.0,67
2024-09-22,SKU_0143,156,0,28.0,67
2024-09-29,SKU_0143,155,0,28.0,67
2024-10-06,SKU_0143,148,0,28.0,67
2024-10-13,SKU_0143,141,0,28.0,67
2024-10-20,SKU_0143,116,0,28.0,67
2024-10-27,SKU_0143,106,0,28.0,67
2024-11-03,SKU_0143,91,0,28.0,67
2024-11-10,SKU_0143,80,0,28.0,67
2024-11-17,SKU_0143,58,193,28.0,67
2024-11-24,SKU_0143,52,136,28.0,67
2024-12-01,SKU_0143,49,197,28.0,67
2024-12-08,SKU_0143,135,0,28.0,67
2024-12-15,SKU_0143,133,0,28.0,67
2024-12-22,SKU_0143,117,0,28.0,67
2024-12-29,SKU_0143,105,0,28.0,67
2023-01-01,SKU_0144,49,175,14.0,76
2023-01-08,SKU_0144,147,0,14.0,76
2023-01-15,SKU_0144,121,0,14.0,76
2023-01-22,SKU_0144,121,0,14.0,76
2023-01-29,SKU_0144,115,0,14.0,76
2023-02-05,SKU_0144,115,0,14.0,76
2023-02-12,SKU_0144,107,0,14.0,76
2023-02-19,SKU_0144,85,0,14.0,76
2023-02-26,SKU_0144,241,0,14.0,76
2023-03-05,SKU_0144,215,0,14.0,76
2023-03-12,SKU_0144,184,0,14.0,76
2023-03-19,SKU_0144,141,0,14.0,76
2023-03-26,SKU_0144,102,0,14.0,76
2023-04-02,SKU_0144,92,0,14.0,76
2023-04-09,SKU_0144,69,62,14.0,76
2023-04-16,SKU_0144,57,71,14.0,76
2023-04-23,SKU_0144,193,0,14.0,76
2023-04-30,SKU_0144,167,0,14.0,76
2023-05-07,SKU_0144,161,0,14.0,76
2023-05-14,SKU_0144,143,0,14.0,76
2023-05-21,SKU_0144,136,0,14.0,76
2023-05-28,SKU_0144,108,0,14.0,76
2023-06-04,SKU_0144,82,0,14.0,76
2023-06-11,SKU_0144,58,150,14.0,76
2023-06-18,SKU_0144,203,0,14.0,76
2023-06-25,SKU_0144,189,0,14.0,76
2023-07-02,SKU_0144,169,0,14.0,76
2023-07-09,SKU_0144,164,0,14.0,76
2023-07-16,SKU_0144,133,0,14.0,76
2023-07-23,SKU_0144,98,0,14.0,76
2023-07-30,SKU_0144,90,0,14.0,76
2023-08-06,SKU_0144,65,163,14.0,76
2023-08-13,SKU_0144,147,0,14.0,76
2023-08-20,SKU_0144,132,0,14.0,76
2023-08-27,SKU_0144,93,0,14.0,76
2023-09-03,SKU_0144,82,0,14.0,76
2023-09-10,SKU_0144,77,0,14.0,76
2023-09-17,SKU_0144,123,0,14.0,76
2023-09-24,SKU_0144,105,0,14.0,76
2023-10-01,SKU_0144,85,0,14.0,76
2023-10-08,SKU_0144,62,128,14.0,76
2023-10-15,SKU_0144,195,0,14.0,76
2023-10-22,SKU_0144,144,0,14.0,76
2023-10-29,SKU_0144,129,0,14.0,76
2023-11-05,SKU_0144,121,0,14.0,76
2023-11-12,SKU_0144,89,0,14.0,76
2023-11-19,SKU_0144,65,156,14.0,76
2023-11-26,SKU_0144,136,0,14.0,76
2023-12-03,SKU_0144,135,0,14.0,76
2023-12-10,SKU_0144,129,0,14.0,76
2023-12-17,SKU_0144,110,0,14.0,76
2023-12-24,SKU_0144,84,0,14.0,76
2023-12-31,SKU_0144,82,0,14.0,76
2024-01-07,SKU_0144,72,77,14.0,76
2024-01-14,SKU_0144,158,0,14.0,76
2024-01-21,SKU_0144,132,0,14.0,76
2024-01-28,SKU_0144,107,0,14.0,76
2024-02-04,SKU_0144,78,0,14.0,76
2024-02-11,SKU_0144,58,155,14.0,76
2024-02-18,SKU_0144,254,0,14.0,76
2024-02-25,SKU_0144,208,0,14.0,76
2024-03-03,SKU_0144,178,0,14.0,76
2024-03-10,SKU_0144,154,0,14.0,76
2024-03-17,SKU_0144,142,0,14.0,76
2024-03-24,SKU_0144,122,0,14.0,76
2024-03-31,SKU_0144,115,0,14.0,76
2024-04-07,SKU_0144,91,0,14.0,76
2024-04-14,SKU_0144,87,0,14.0,76
2024-04-21,SKU_0144,75,131,14.0,76
2024-04-28,SKU_0144,66,99,14.0,76
2024-05-05,SKU_0144,176,0,14.0,76
2024-05-12,SKU_0144,163,0,14.0,76
2024-05-19,SKU_0144,137,0,14.0,76
2024-05-26,SKU_0144,128,0,14.0,76
2024-06-02,SKU_0144,112,0,14.0,76
2024-06-09,SKU_0144,111,0,14.0,76
2024-06-16,SKU_0144,86,0,14.0,76
2024-06-23,SKU_0144,75,103,14.0,76
2024-06-30,SKU_0144,74,101,14.0,76
2024-07-07,SKU_0144,119,0,14.0,76
2024-07-14,SKU_0144,96,0,14.0,76
2024-07-21,SKU_0144,93,0,14.0,76
2024-07-28,SKU_0144,78,0,14.0,76
2024-08-04,SKU_0144,266,0,14.0,76
2024-08-11,SKU_0144,240,0,14.0,76
2024-08-18,SKU_0144,196,0,14.0,76
2024-08-25,SKU_0144,144,0,14.0,76
2024-09-01,SKU_0144,139,0,14.0,76
2024-09-08,SKU_0144,136,0,14.0,76
2024-09-15,SKU_0144,135,0,14.0,76
2024-09-22,SKU_0144,132,0,14.0,76
2024-09-29,SKU_0144,112,0,14.0,76
2024-10-06,SKU_0144,98,0,14.0,76
2024-10-13,SKU_0144,96,0,14.0,76
2024-10-20,SKU_0144,94,0,14.0,76
2024-10-27,SKU_0144,92,0,14.0,76
2024-11-03,SKU_0144,80,0,14.0,76
2024-11-10,SKU_0144,142,0,14.0,76
2024-11-17,SKU_0144,111,0,14.0,76
2024-11-24,SKU_0144,79,0,14.0,76
2024-12-01,SKU_0144,79,0,14.0,76
2024-12-08,SKU_0144,68,91,14.0,76
2024-12-15,SKU_0144,68,85,14.0,76
2024-12-22,SKU_0144,63,101,14.0,76
2024-12-29,SKU_0144,119,0,14.0,76
2023-01-01,SKU_0145,446,0,14.0,68
2023-01-08,SKU_0145,315,0,14.0,68
2023-01-15,SKU_0145,307,0,14.0,68
2023-01-22,SKU_0145,276,0,14.0,68
2023-01-29,SKU_0145,223,0,14.0,68
2023-02-05,SKU_0145,164,0,14.0,68
2023-02-12,SKU_0145,120,0,14.0,68
2023-02-19,SKU_0145,101,0,14.0,68
2023-02-26,SKU_0145,86,0,14.0,68
2023-03-05,SKU_0145,70,0,14.0,68
2023-03-12,SKU_0145,154,0,14.0,68
2023-03-19,SKU_0145,140,0,14.0,68
2023-03-26,SKU_0145,108,0,14.0,68
2023-04-02,SKU_0145,77,0,14.0,68
2023-04-09,SKU_0145,56,136,14.0,68
2023-04-16,SKU_0145,40,128,14.0,68
2023-04-23,SKU_0145,211,0,14.0,68
2023-04-30,SKU_0145,171,0,14.0,68
2023-05-07,SKU_0145,143,0,14.0,68
2023-05-14,SKU_0145,116,0,14.0,68
2023-05-21,SKU_0145,103,0,14.0,68
2023-05-28,SKU_0145,96,0,14.0,68
2023-06-04,SKU_0145,74,0,14.0,68
2023-06-11,SKU_0145,63,124,14.0,68
2023-06-18,SKU_0145,131,0,14.0,68
2023-06-25,SKU_0145,121,0,14.0,68
2023-07-02,SKU_0145,96,0,14.0,68
2023-07-09,SKU_0145,75,0,14.0,68
2023-07-16,SKU_0145,61,94,14.0,68
2023-07-23,SKU_0145,175,0,14.0,68
2023-07-30,SKU_0145,135,0,14.0,68
2023-08-06,SKU_0145,103,0,14.0,68
2023-08-13,SKU_0145,100,0,14.0,68
2023-08-20,SKU_0145,89,0,14.0,68
2023-08-27,SKU_0145,234,0,14.0,68
2023-09-03,SKU_0145,187,0,14.0,68
2023-09-10,SKU_0145,160,0,14.0,68
2023-09-17,SKU_0145,136,0,14.0,68
2023-09-24,SKU_0145,114,0,14.0,68
2023-10-01,SKU_0145,102,0,14.0,68
2023-10-08,SKU_0145,93,0,14.0,68
2023-10-15,SKU_0145,78,0,14.0,68
2023-10-22,SKU_0145,153,0,14.0,68
2023-10-29,SKU_0145,109,0,14.0,68
2023-11-05,SKU_0145,98,0,14.0,68
2023-11-12,SKU_0145,70,0,14.0,68
2023-11-19,SKU_0145,55,114,14.0,68
2023-11-26,SKU_0145,48,138,14.0,68
2023-12-03,SKU_0145,42,75,14.0,68
2023-12-10,SKU_0145,37,85,14.0,68
2023-12-17,SKU_0145,162,0,14.0,68
2023-12-24,SKU_0145,123,0,14.0,68
2023-12-31,SKU_0145,104,0,14.0,68
2024-01-07,SKU_0145,81,0,14.0,68
2024-01-14,SKU_0145,73,0,14.0,68
2024-01-21,SKU_0145,69,0,14.0,68
2024-01-28,SKU_0145,129,0,14.0,68
2024-02-04,SKU_0145,129,0,14.0,68
2024-02-11,SKU_0145,115,0,14.0,68
2024-02-18,SKU_0145,82,0,14.0,68
2024-02-25,SKU_0145,61,85,14.0,68
2024-03-03,SKU_0145,236,0,14.0,68
2024-03-10,SKU_0145,179,0,14.0,68
2024-03-17,SKU_0145,174,0,14.0,68
2024-03-24,SKU_0145,151,0,14.0,68
2024-03-31,SKU_0145,109,0,14.0,68
2024-04-07,SKU_0145,97,0,14.0,68
2024-04-14,SKU_0145,68,0,14.0,68
2024-04-21,SKU_0145,54,90,14.0,68
2024-04-28,SKU_0145,50,61,14.0,68
2024-05-05,SKU_0145,186,0,14.0,68
2024-05-12,SKU_0145,151,0,14.0,68
2024-05-19,SKU_0145,113,0,14.0,68
2024-05-26,SKU_0145,91,0,14.0,68
2024-06-02,SKU_0145,233,0,14.0,68
2024-06-09,SKU_0145,182,0,14.0,68
2024-06-16,SKU_0145,146,0,14.0,68
2024-06-23,SKU_0145,118,0,14.0,68
2024-06-30,SKU_0145,83,0,14.0,68
2024-07-07,SKU_0145,61,108,14.0,68
2024-07-14,SKU_0145,139,0,14.0,68
2024-07-21,SKU_0145,122,0,14.0,68
2024-07-28,SKU_0145,120,0,14.0,68
2024-08-04,SKU_0145,102,0,14.0,68
2024-08-11,SKU_0145,75,0,14.0,68
2024-08-18,SKU_0145,166,0,14.0,68
2024-08-25,SKU_0145,152,0,14.0,68
2024-09-01,SKU_0145,133,0,14.0,68
2024-09-08,SKU_0145,119,0,14.0,68
2024-09-15,SKU_0145,113,0,14.0,68
2024-09-22,SKU_0145,85,0,14.0,68
2024-09-29,SKU_0145,257,0,14.0,68
2024-10-06,SKU_0145,251,0,14.0,68
2024-10-13,SKU_0145,219,0,14.0,68
2024-10-20,SKU_0145,210,0,14.0,68
2024-10-27,SKU_0145,148,0,14.0,68
2024-11-03,SKU_0145,122,0,14.0,68
2024-11-10,SKU_0145,120,0,14.0,68
2024-11-17,SKU_0145,102,0,14.0,68
2024-11-24,SKU_0145,101,0,14.0,68
2024-12-01,SKU_0145,77,0,14.0,68
2024-12-08,SKU_0145,70,0,14.0,68
2024-12-15,SKU_0145,127,0,14.0,68
2024-12-22,SKU_0145,125,0,14.0,68
2024-12-29,SKU_0145,122,0,14.0,68
2023-01-01,SKU_0146,463,0,21.0,50
2023-01-08,SKU_0146,427,0,21.0,50
2023-01-15,SKU_0146,398,0,21.0,50
2023-01-22,SKU_0146,291,0,21.0,50
2023-01-29,SKU_0146,217,0,21.0,50
2023-02-05,SKU_0146,193,0,21.0,50
2023-02-12,SKU_0146,159,0,21.0,50
2023-02-19,SKU_0146,113,0,21.0,50
2023-02-26,SKU_0146,110,0,21.0,50
2023-03-05,SKU_0146,106,0,21.0,50
2023-03-12,SKU_0146,89,0,21.0,50
2023-03-19,SKU_0146,70,0,21.0,50
2023-03-26,SKU_0146,65,0,21.0,50
2023-04-02,SKU_0146,56,0,21.0,50
2023-04-09,SKU_0146,134,0,21.0,50
2023-04-16,SKU_0146,95,0,21.0,50
2023-04-23,SKU_0146,88,0,21.0,50
2023-04-30,SKU_0146,73,0,21.0,50
2023-05-07,SKU_0146,73,0,21.0,50
2023-05-14,SKU_0146,68,0,21.0,50
2023-05-21,SKU_0146,208,0,21.0,50
2023-05-28,SKU_0146,201,0,21.0,50
2023-06-04,SKU_0146,186,0,21.0,50
2023-06-11,SKU_0146,132,0,21.0,50
2023-06-18,SKU_0146,118,0,21.0,50
2023-06-25,SKU_0146,117,0,21.0,50
2023-07-02,SKU_0146,100,0,21.0,50
2023-07-09,SKU_0146,100,0,21.0,50
2023-07-16,SKU_0146,98,0,21.0,50
2023-07-23,SKU_0146,73,0,21.0,50
2023-07-30,SKU_0146,60,0,21.0,50
2023-08-06,SKU_0146,60,0,21.0,50
2023-08-13,SKU_0146,46,55,21.0,50
2023-08-20,SKU_0146,101,0,21.0,50
2023-08-27,SKU_0146,77,0,21.0,50
2023-09-03,SKU_0146,75,0,21.0,50
2023-09-10,SKU_0146,67,0,21.0,50
2023-09-17,SKU_0146,65,0,21.0,50
2023-09-24,SKU_0146,61,0,21.0,50
2023-10-01,SKU_0146,58,0,21.0,50
2023-10-08,SKU_0146,41,56,21.0,50
2023-10-15,SKU_0146,92,0,21.0,50
2023-10-22,SKU_0146,76,0,21.0,50
2023-10-29,SKU_0146,61,0,21.0,50
2023-11-05,SKU_0146,49,164,21.0,50
2023-11-12,SKU_0146,220,0,21.0,50
2023-11-19,SKU_0146,193,0,21.0,50
2023-11-26,SKU_0146,189,0,21.0,50
2023-12-03,SKU_0146,171,0,21.0,50
2023-12-10,SKU_0146,139,0,21.0,50
2023-12-17,SKU_0146,119,0,21.0,50
2023-12-24,SKU_0146,92,0,21.0,50
2023-12-31,SKU_0146,87,0,21.0,50
2024-01-07,SKU_0146,83,0,21.0,50
2024-01-14,SKU_0146,69,0,21.0,50
2024-01-21,SKU_0146,65,0,21.0,50
2024-01-28,SKU_0146,49,71,21.0,50
2024-02-04,SKU_0146,217,0,21.0,50
2024-02-11,SKU_0146,211,0,21.0,50
2024-02-18,SKU_0146,179,0,21.0,50
2024-02-25,SKU_0146,131,0,21.0,50
2024-03-03,SKU_0146,125,0,21.0,50
2024-03-10,SKU_0146,98,0,21.0,50
2024-03-17,SKU_0146,96,0,21.0,50
2024-03-24,SKU_0146,90,0,21.0,50
2024-03-31,SKU_0146,65,0,21.0,50
2024-04-07,SKU_0146,58,0,21.0,50
2024-04-14,SKU_0146,42,88,21.0,50
2024-04-21,SKU_0146,168,0,21.0,50
2024-04-28,SKU_0146,125,0,21.0,50
2024-05-05,SKU_0146,111,0,21.0,50
2024-05-12,SKU_0146,99,0,21.0,50
2024-05-19,SKU_0146,93,0,21.0,50
2024-05-26,SKU_0146,81,0,21.0,50
2024-06-02,SKU_0146,71,0,21.0,50
2024-06-09,SKU_0146,58,0,21.0,50
2024-06-16,SKU_0146,55,0,21.0,50
2024-06-23,SKU_0146,180,0,21.0,50
2024-06-30,SKU_0146,173,0,21.0,50
2024-07-07,SKU_0146,164,0,21.0,50
2024-07-14,SKU_0146,147,0,21.0,50
2024-07-21,SKU_0146,146,0,21.0,50
2024-07-28,SKU_0146,103,0,21.0,50
2024-08-04,SKU_0146,85,0,21.0,50
2024-08-11,SKU_0146,78,0,21.0,50
2024-08-18,SKU_0146,63,0,21.0,50
2024-08-25,SKU_0146,51,0,21.0,50
2024-09-01,SKU_0146,36,97,21.0,50
2024-09-08,SKU_0146,156,0,21.0,50
2024-09-15,SKU_0146,124,0,21.0,50
2024-09-22,SKU_0146,96,0,21.0,50
2024-09-29,SKU_0146,86,0,21.0,50
2024-10-06,SKU_0146,82,0,21.0,50
2024-10-13,SKU_0146,61,0,21.0,50
2024-10-20,SKU_0146,54,0,21.0,50
2024-10-27,SKU_0146,45,164,21.0,50
2024-11-03,SKU_0146,202,0,21.0,50
2024-11-10,SKU_0146,171,0,21.0,50
2024-11-17,SKU_0146,123,0,21.0,50
2024-11-24,SKU_0146,94,0,21.0,50
2024-12-01,SKU_0146,84,0,21.0,50
2024-12-08,SKU_0146,69,0,21.0,50
2024-12-15,SKU_0146,68,0,21.0,50
2024-12-22,SKU_0146,65,0,21.0,50
2024-12-29,SKU_0146,51,0,21.0,50
2023-01-01,SKU_0147,387,0,28.0,31
2023-01-08,SKU_0147,364,0,28.0,31
2023-01-15,SKU_0147,315,0,28.0,31
2023-01-22,SKU_0147,302,0,28.0,31
2023-01-29,SKU_0147,289,0,28.0,31
2023-02-05,SKU_0147,218,0,28.0,31
2023-02-12,SKU_0147,206,0,28.0,31
2023-02-19,SKU_0147,162,0,28.0,31
2023-02-26,SKU_0147,146,0,28.0,31
2023-03-05,SKU_0147,115,0,28.0,31
2023-03-12,SKU_0147,88,0,28.0,31
2023-03-19,SKU_0147,82,0,28.0,31
2023-03-26,SKU_0147,73,0,28.0,31
2023-04-02,SKU_0147,73,0,28.0,31
2023-04-09,SKU_0147,62,0,28.0,31
2023-04-16,SKU_0147,58,0,28.0,31
2023-04-23,SKU_0147,53,0,28.0,31
2023-04-30,SKU_0147,41,0,28.0,31
2023-05-07,SKU_0147,33,0,28.0,31
2023-05-14,SKU_0147,89,0,28.0,31
2023-05-21,SKU_0147,81,0,28.0,31
2023-05-28,SKU_0147,57,0,28.0,31
2023-06-04,SKU_0147,56,0,28.0,31
2023-06-11,SKU_0147,41,0,28.0,31
2023-06-18,SKU_0147,33,0,28.0,31
2023-06-25,SKU_0147,135,0,28.0,31
2023-07-02,SKU_0147,105,0,28.0,31
2023-07-09,SKU_0147,92,0,28.0,31
2023-07-16,SKU_0147,83,0,28.0,31
2023-07-23,SKU_0147,62,0,28.0,31
2023-07-30,SKU_0147,53,0,28.0,31
2023-08-06,SKU_0147,47,0,28.0,31
2023-08-13,SKU_0147,36,0,28.0,31
2023-08-20,SKU_0147,33,0,28.0,31
2023-08-27,SKU_0147,33,0,28.0,31
2023-09-03,SKU_0147,187,0,28.0,31
2023-09-10,SKU_0147,176,0,28.0,31
2023-09-17,SKU_0147,165,0,28.0,31
2023-09-24,SKU_0147,163,0,28.0,31
2023-10-01,SKU_0147,143,0,28.0,31
2023-10-08,SKU_0147,103,0,28.0,31
2023-10-15,SKU_0147,77,0,28.0,31
2023-10-22,SKU_0147,63,0,28.0,31
2023-10-29,SKU_0147,62,0,28.0,31
2023-11-05,SKU_0147,47,0,28.0,31
2023-11-12,SKU_0147,46,0,28.0,31
2023-11-19,SKU_0147,37,0,28.0,31
2023-11-26,SKU_0147,35,0,28.0,31
2023-12-03,SKU_0147,79,0,28.0,31
2023-12-10,SKU_0147,77,0,28.0,31
2023-12-17,SKU_0147,61,0,28.0,31
2023-12-24,SKU_0147,51,0,28.0,31
2023-12-31,SKU_0147,48,0,28.0,31
2024-01-07,SKU_0147,42,0,28.0,31
2024-01-14,SKU_0147,42,0,28.0,31
2024-01-21,SKU_0147,36,0,28.0,31
2024-01-28,SKU_0147,26,57,28.0,31
2024-02-04,SKU_0147,123,0,28.0,31
2024-02-11,SKU_0147,97,0,28.0,31
2024-02-18,SKU_0147,88,0,28.0,31
2024-02-25,SKU_0147,87,0,28.0,31
2024-03-03,SKU_0147,75,0,28.0,31
2024-03-10,SKU_0147,64,0,28.0,31
2024-03-17,SKU_0147,48,0,28.0,31
2024-03-24,SKU_0147,45,0,28.0,31
2024-03-31,SKU_0147,43,0,28.0,31
2024-04-07,SKU_0147,42,0,28.0,31
2024-04-14,SKU_0147,32,0,28.0,31
2024-04-21,SKU_0147,31,0,28.0,31
2024-04-28,SKU_0147,23,124,28.0,31
2024-05-05,SKU_0147,145,0,28.0,31
2024-05-12,SKU_0147,141,0,28.0,31
2024-05-19,SKU_0147,140,0,28.0,31
2024-05-26,SKU_0147,98,0,28.0,31
2024-06-02,SKU_0147,98,0,28.0,31
2024-06-09,SKU_0147,79,0,28.0,31
2024-06-16,SKU_0147,77,0,28.0,31
2024-06-23,SKU_0147,58,0,28.0,31
2024-06-30,SKU_0147,48,0,28.0,31
2024-07-07,SKU_0147,45,0,28.0,31
2024-07-14,SKU_0147,45,0,28.0,31
2024-07-21,SKU_0147,37,0,28.0,31
2024-07-28,SKU_0147,120,0,28.0,31
2024-08-04,SKU_0147,100,0,28.0,31
2024-08-11,SKU_0147,82,0,28.0,31
2024-08-18,SKU_0147,80,0,28.0,31
2024-08-25,SKU_0147,60,0,28.0,31
2024-09-01,SKU_0147,56,0,28.0,31
2024-09-08,SKU_0147,52,0,28.0,31
2024-09-15,SKU_0147,37,0,28.0,31
2024-09-22,SKU_0147,31,0,28.0,31
2024-09-29,SKU_0147,91,0,28.0,31
2024-10-06,SKU_0147,80,0,28.0,31
2024-10-13,SKU_0147,80,0,28.0,31
2024-10-20,SKU_0147,75,0,28.0,31
2024-10-27,SKU_0147,69,0,28.0,31
2024-11-03,SKU_0147,63,0,28.0,31
2024-11-10,SKU_0147,45,0,28.0,31
2024-11-17,SKU_0147,41,0,28.0,31
2024-11-24,SKU_0147,39,0,28.0,31
2024-12-01,SKU_0147,37,0,28.0,31
2024-12-08,SKU_0147,33,0,28.0,31
2024-12-15,SKU_0147,139,0,28.0,31
2024-12-22,SKU_0147,126,0,28.0,31
2024-12-29,SKU_0147,122,0,28.0,31
2023-01-01,SKU_0148,238,0,14.0,56
2023-01-08,SKU_0148,203,0,14.0,56
2023-01-15,SKU_0148,171,0,14.0,56
2023-01-22,SKU_0148,158,0,14.0,56
2023-01-29,SKU_0148,146,0,14.0,56
2023-02-05,SKU_0148,106,0,14.0,56
2023-02-12,SKU_0148,103,0,14.0,56
2023-02-19,SKU_0148,85,0,14.0,56
2023-02-26,SKU_0148,63,0,14.0,56
2023-03-05,SKU_0148,62,0,14.0,56
2023-03-12,SKU_0148,49,124,14.0,56
2023-03-19,SKU_0148,119,0,14.0,56
2023-03-26,SKU_0148,87,0,14.0,56
2023-04-02,SKU_0148,69,0,14.0,56
2023-04-09,SKU_0148,63,0,14.0,56
2023-04-16,SKU_0148,57,0,14.0,56
2023-04-23,SKU_0148,57,0,14.0,56
2023-04-30,SKU_0148,50,181,14.0,56
2023-05-07,SKU_0148,212,0,14.0,56
2023-05-14,SKU_0148,168,0,14.0,56
2023-05-21,SKU_0148,143,0,14.0,56
2023-05-28,SKU_0148,129,0,14.0,56
2023-06-04,SKU_0148,111,0,14.0,56
2023-06-11,SKU_0148,96,0,14.0,56
2023-06-18,SKU_0148,78,0,14.0,56
2023-06-25,SKU_0148,62,0,14.0,56
2023-07-02,SKU_0148,62,0,14.0,56
2023-07-09,SKU_0148,158,0,14.0,56
2023-07-16,SKU_0148,132,0,14.0,56
2023-07-23,SKU_0148,96,0,14.0,56
2023-07-30,SKU_0148,79,0,14.0,56
2023-08-06,SKU_0148,69,0,14.0,56
2023-08-13,SKU_0148,69,0,14.0,56
2023-08-20,SKU_0148,55,94,14.0,56
2023-08-27,SKU_0148,183,0,14.0,56
2023-09-03,SKU_0148,172,0,14.0,56
2023-09-10,SKU_0148,130,0,14.0,56
2023-09-17,SKU_0148,115,0,14.0,56
2023-09-24,SKU_0148,89,0,14.0,56
2023-10-01,SKU_0148,70,0,14.0,56
2023-10-08,SKU_0148,53,68,14.0,56
2023-10-15,SKU_0148,45,165,14.0,56
2023-10-22,SKU_0148,224,0,14.0,56
2023-10-29,SKU_0148,184,0,14.0,56
2023-11-05,SKU_0148,157,0,14.0,56
2023-11-12,SKU_0148,143,0,14.0,56
2023-11-19,SKU_0148,101,0,14.0,56
2023-11-26,SKU_0148,97,0,14.0,56
2023-12-03,SKU_0148,78,0,14.0,56
2023-12-10,SKU_0148,61,0,14.0,56
2023-12-17,SKU_0148,60,0,14.0,56
2023-12-24,SKU_0148,121,0,14.0,56
2023-12-31,SKU_0148,107,0,14.0,56
2024-01-07,SKU_0148,98,0,14.0,56
2024-01-14,SKU_0148,86,0,14.0,56
2024-01-21,SKU_0148,63,0,14.0,56
2024-01-28,SKU_0148,58,0,14.0,56
2024-02-04,SKU_0148,43,152,14.0,56
2024-02-11,SKU_0148,34,129,14.0,56
2024-02-18,SKU_0148,206,0,14.0,56
2024-02-25,SKU_0148,149,0,14.0,56
2024-03-03,SKU_0148,128,0,14.0,56
2024-03-10,SKU_0148,115,0,14.0,56
2024-03-17,SKU_0148,98,0,14.0,56
2024-03-24,SKU_0148,77,0,14.0,56
2024-03-31,SKU_0148,57,0,14.0,56
2024-04-07,SKU_0148,153,0,14.0,56
2024-04-14,SKU_0148,111,0,14.0,56
2024-04-21,SKU_0148,91,0,14.0,56
2024-04-28,SKU_0148,78,0,14.0,56
2024-05-05,SKU_0148,64,0,14.0,56
2024-05-12,SKU_0148,57,0,14.0,56
2024-05-19,SKU_0148,183,0,14.0,56
2024-05-26,SKU_0148,169,0,14.0,56
2024-06-02,SKU_0148,162,0,14.0,56
2024-06-09,SKU_0148,114,0,14.0,56
2024-06-16,SKU_0148,109,0,14.0,56
2024-06-23,SKU_0148,104,0,14.0,56
2024-06-30,SKU_0148,73,0,14.0,56
2024-07-07,SKU_0148,64,0,14.0,56
2024-07-14,SKU_0148,60,0,14.0,56
2024-07-21,SKU_0148,217,0,14.0,56
2024-07-28,SKU_0148,173,0,14.0,56
2024-08-04,SKU_0148,167,0,14.0,56
2024-08-11,SKU_0148,117,0,14.0,56
2024-08-18,SKU_0148,101,0,14.0,56
2024-08-25,SKU_0148,71,0,14.0,56
2024-09-01,SKU_0148,67,0,14.0,56
2024-09-08,SKU_0148,67,0,14.0,56
2024-09-15,SKU_0148,60,0,14.0,56
2024-09-22,SKU_0148,57,0,14.0,56
2024-09-29,SKU_0148,46,107,14.0,56
2024-10-06,SKU_0148,234,0,14.0,56
2024-10-13,SKU_0148,225,0,14.0,56
2024-10-20,SKU_0148,192,0,14.0,56
2024-10-27,SKU_0148,141,0,14.0,56
2024-11-03,SKU_0148,114,0,14.0,56
2024-11-10,SKU_0148,97,0,14.0,56
2024-11-17,SKU_0148,84,0,14.0,56
2024-11-24,SKU_0148,84,0,14.0,56
2024-12-01,SKU_0148,64,0,14.0,56
2024-12-08,SKU_0148,48,99,14.0,56
2024-12-15,SKU_0148,221,0,14.0,56
2024-12-22,SKU_0148,182,0,14.0,56
2024-12-29,SKU_0148,176,0,14.0,56
2023-01-01,SKU_0149,352,0,14.0,88
2023-01-08,SKU_0149,303,0,14.0,88
2023-01-15,SKU_0149,239,0,14.0,88
2023-01-22,SKU_0149,239,0,14.0,88
2023-01-29,SKU_0149,221,0,14.0,88
2023-02-05,SKU_0149,168,0,14.0,88
2023-02-12,SKU_0149,135,0,14.0,88
2023-02-19,SKU_0149,102,0,14.0,88
2023-02-26,SKU_0149,91,0,14.0,88
2023-03-05,SKU_0149,181,0,14.0,88
2023-03-12,SKU_0149,158,0,14.0,88
2023-03-19,SKU_0149,142,0,14.0,88
2023-03-26,SKU_0149,132,0,14.0,88
2023-04-02,SKU_0149,113,0,14.0,88
2023-04-09,SKU_0149,108,0,14.0,88
2023-04-16,SKU_0149,93,0,14.0,88
2023-04-23,SKU_0149,90,0,14.0,88
2023-04-30,SKU_0149,142,0,14.0,88
2023-05-07,SKU_0149,112,0,14.0,88
2023-05-14,SKU_0149,138,0,14.0,88
2023-05-21,SKU_0149,126,0,14.0,88
2023-05-28,SKU_0149,108,0,14.0,88
2023-06-04,SKU_0149,245,0,14.0,88
2023-06-11,SKU_0149,178,0,14.0,88
2023-06-18,SKU_0149,160,0,14.0,88
2023-06-25,SKU_0149,122,0,14.0,88
2023-07-02,SKU_0149,101,0,14.0,88
2023-07-09,SKU_0149,201,0,14.0,88
2023-07-16,SKU_0149,176,0,14.0,88
2023-07-23,SKU_0149,131,0,14.0,88
2023-07-30,SKU_0149,99,0,14.0,88
2023-08-06,SKU_0149,82,107,14.0,88
2023-08-13,SKU_0149,212,0,14.0,88
2023-08-20,SKU_0149,170,0,14.0,88
2023-08-27,SKU_0149,123,0,14.0,88
2023-09-03,SKU_0149,112,0,14.0,88
2023-09-10,SKU_0149,96,0,14.0,88
2023-09-17,SKU_0149,70,115,14.0,88
2023-09-24,SKU_0149,51,58,14.0,88
2023-10-01,SKU_0149,159,0,14.0,88
2023-10-08,SKU_0149,135,0,14.0,88
2023-10-15,SKU_0149,119,0,14.0,88
2023-10-22,SKU_0149,114,0,14.0,88
2023-10-29,SKU_0149,114,0,14.0,88
2023-11-05,SKU_0149,88,0,14.0,88
2023-11-12,SKU_0149,78,63,14.0,88
2023-11-19,SKU_0149,73,120,14.0,88
2023-11-26,SKU_0149,61,134,14.0,88
2023-12-03,SKU_0149,242,0,14.0,88
2023-12-10,SKU_0149,239,0,14.0,88
2023-12-17,SKU_0149,202,0,14.0,88
2023-12-24,SKU_0149,192,0,14.0,88
2023-12-31,SKU_0149,142,0,14.0,88
2024-01-07,SKU_0149,133,0,14.0,88
2024-01-14,SKU_0149,116,0,14.0,88
2024-01-21,SKU_0149,105,0,14.0,88
2024-01-28,SKU_0149,92,0,14.0,88
2024-02-04,SKU_0149,199,0,14.0,88
2024-02-11,SKU_0149,198,0,14.0,88
2024-02-18,SKU_0149,166,0,14.0,88
2024-02-25,SKU_0149,131,0,14.0,88
2024-03-03,SKU_0149,100,0,14.0,88
2024-03-10,SKU_0149,95,0,14.0,88
2024-03-17,SKU_0149,283,0,14.0,88
2024-03-24,SKU_0149,269,0,14.0,88
2024-03-31,SKU_0149,199,0,14.0,88
2024-04-07,SKU_0149,175,0,14.0,88
2024-04-14,SKU_0149,157,0,14.0,88
2024-04-21,SKU_0149,126,0,14.0,88
2024-04-28,SKU_0149,123,0,14.0,88
2024-05-05,SKU_0149,106,0,14.0,88
2024-05-12,SKU_0149,92,0,14.0,88
2024-05-19,SKU_0149,77,71,14.0,88
2024-05-26,SKU_0149,76,193,14.0,88
2024-06-02,SKU_0149,75,102,14.0,88
2024-06-09,SKU_0149,65,116,14.0,88
2024-06-16,SKU_0149,65,176,14.0,88
2024-06-23,SKU_0149,58,116,14.0,88
2024-06-30,SKU_0149,44,196,14.0,88
2024-07-07,SKU_0149,42,80,14.0,88
2024-07-14,SKU_0149,40,66,14.0,88
2024-07-21,SKU_0149,140,0,14.0,88
2024-07-28,SKU_0149,101,0,14.0,88
2024-08-04,SKU_0149,85,91,14.0,88
2024-08-11,SKU_0149,64,143,14.0,88
2024-08-18,SKU_0149,59,177,14.0,88
2024-08-25,SKU_0149,235,0,14.0,88
2024-09-01,SKU_0149,220,0,14.0,88
2024-09-08,SKU_0149,176,0,14.0,88
2024-09-15,SKU_0149,157,0,14.0,88
2024-09-22,SKU_0149,123,0,14.0,88
2024-09-29,SKU_0149,99,0,14.0,88
2024-10-06,SKU_0149,72,52,14.0,88
2024-10-13,SKU_0149,259,0,14.0,88
2024-10-20,SKU_0149,258,0,14.0,88
2024-10-27,SKU_0149,210,0,14.0,88
2024-11-03,SKU_0149,166,0,14.0,88
2024-11-10,SKU_0149,127,0,14.0,88
2024-11-17,SKU_0149,97,0,14.0,88
2024-11-24,SKU_0149,163,0,14.0,88
2024-12-01,SKU_0149,121,0,14.0,88
2024-12-08,SKU_0149,106,0,14.0,88
2024-12-15,SKU_0149,267,0,14.0,88
2024-12-22,SKU_0149,203,0,14.0,88
2024-12-29,SKU_0149,149,0,14.0,88
2023-01-01,SKU_0150,82,0,7.0,47
2023-01-08,SKU_0150,77,0,7.0,47
2023-01-15,SKU_0150,59,0,7.0,47
2023-01-22,SKU_0150,50,0,7.0,47
2023-01-29,SKU_0150,43,98,7.0,47
2023-02-05,SKU_0150,169,0,7.0,47
2023-02-12,SKU_0150,123,0,7.0,47
2023-02-19,SKU_0150,116,0,7.0,47
2023-02-26,SKU_0150,83,0,7.0,47
2023-03-05,SKU_0150,60,0,7.0,47
2023-03-12,SKU_0150,58,0,7.0,47
2023-03-19,SKU_0150,152,0,7.0,47
2023-03-26,SKU_0150,150,0,7.0,47
2023-04-02,SKU_0150,116,0,7.0,47
2023-04-09,SKU_0150,83,0,7.0,47
2023-04-16,SKU_0150,65,0,7.0,47
2023-04-23,SKU_0150,63,0,7.0,47
2023-04-30,SKU_0150,62,0,7.0,47
2023-05-07,SKU_0150,48,0,7.0,47
2023-05-14,SKU_0150,34,178,7.0,47
2023-05-21,SKU_0150,97,0,7.0,47
2023-05-28,SKU_0150,68,0,7.0,47
2023-06-04,SKU_0150,52,0,7.0,47
2023-06-11,SKU_0150,139,0,7.0,47
2023-06-18,SKU_0150,133,0,7.0,47
2023-06-25,SKU_0150,110,0,7.0,47
2023-07-02,SKU_0150,110,0,7.0,47
2023-07-09,SKU_0150,82,0,7.0,47
2023-07-16,SKU_0150,69,0,7.0,47
2023-07-23,SKU_0150,58,0,7.0,47
2023-07-30,SKU_0150,49,0,7.0,47
2023-08-06,SKU_0150,47,0,7.0,47
2023-08-13,SKU_0150,123,0,7.0,47
2023-08-20,SKU_0150,123,0,7.0,47
2023-08-27,SKU_0150,101,0,7.0,47
2023-09-03,SKU_0150,100,0,7.0,47
2023-09-10,SKU_0150,96,0,7.0,47
2023-09-17,SKU_0150,75,0,7.0,47
2023-09-24,SKU_0150,58,0,7.0,47
2023-10-01,SKU_0150,54,0,7.0,47
2023-10-08,SKU_0150,179,0,7.0,47
2023-10-15,SKU_0150,174,0,7.0,47
2023-10-22,SKU_0150,157,0,7.0,47
2023-10-29,SKU_0150,113,0,7.0,47
2023-11-05,SKU_0150,99,0,7.0,47
2023-11-12,SKU_0150,85,0,7.0,47
2023-11-19,SKU_0150,70,0,7.0,47
2023-11-26,SKU_0150,55,0,7.0,47
2023-12-03,SKU_0150,53,0,7.0,47
2023-12-10,SKU_0150,48,0,7.0,47
2023-12-17,SKU_0150,38,51,7.0,47
2023-12-24,SKU_0150,149,0,7.0,47
2023-12-31,SKU_0150,105,0,7.0,47
2024-01-07,SKU_0150,80,0,7.0,47
2024-01-14,SKU_0150,62,0,7.0,47
2024-01-21,SKU_0150,108,0,7.0,47
2024-01-28,SKU_0150,97,0,7.0,47
2024-02-04,SKU_0150,92,0,7.0,47
2024-02-11,SKU_0150,68,0,7.0,47
2024-02-18,SKU_0150,55,0,7.0,47
2024-02-25,SKU_0150,166,0,7.0,47
2024-03-03,SKU_0150,146,0,7.0,47
2024-03-10,SKU_0150,132,0,7.0,47
2024-03-17,SKU_0150,121,0,7.0,47
2024-03-24,SKU_0150,106,0,7.0,47
2024-03-31,SKU_0150,98,0,7.0,47
2024-04-07,SKU_0150,98,0,7.0,47
2024-04-14,SKU_0150,92,0,7.0,47
2024-04-21,SKU_0150,80,0,7.0,47
2024-04-28,SKU_0150,74,0,7.0,47
2024-05-05,SKU_0150,65,0,7.0,47
2024-05-12,SKU_0150,64,0,7.0,47
2024-05-19,SKU_0150,63,0,7.0,47
2024-05-26,SKU_0150,186,0,7.0,47
2024-06-02,SKU_0150,180,0,7.0,47
2024-06-09,SKU_0150,166,0,7.0,47
2024-06-16,SKU_0150,139,0,7.0,47
2024-06-23,SKU_0150,136,0,7.0,47
2024-06-30,SKU_0150,123,0,7.0,47
2024-07-07,SKU_0150,98,0,7.0,47
2024-07-14,SKU_0150,88,0,7.0,47
2024-07-21,SKU_0150,65,0,7.0,47
2024-07-28,SKU_0150,59,0,7.0,47
2024-08-04,SKU_0150,52,0,7.0,47
2024-08-11,SKU_0150,207,0,7.0,47
2024-08-18,SKU_0150,174,0,7.0,47
2024-08-25,SKU_0150,161,0,7.0,47
2024-09-01,SKU_0150,137,0,7.0,47
2024-09-08,SKU_0150,134,0,7.0,47
2024-09-15,SKU_0150,103,0,7.0,47
2024-09-22,SKU_0150,101,0,7.0,47
2024-09-29,SKU_0150,96,0,7.0,47
2024-10-06,SKU_0150,95,0,7.0,47
2024-10-13,SKU_0150,83,0,7.0,47
2024-10-20,SKU_0150,81,0,7.0,47
2024-10-27,SKU_0150,81,0,7.0,47
2024-11-03,SKU_0150,68,0,7.0,47
2024-11-10,SKU_0150,56,0,7.0,47
2024-11-17,SKU_0150,46,192,7.0,47
2024-11-24,SKU_0150,109,0,7.0,47
2024-12-01,SKU_0150,79,0,7.0,47
2024-12-08,SKU_0150,63,0,7.0,47
2024-12-15,SKU_0150,63,0,7.0,47
2024-12-22,SKU_0150,52,0,7.0,47
2024-12-29,SKU_0150,211,0,7.0,47
2023-01-01,SKU_0151,347,0,28.0,37
2023-01-08,SKU_0151,270,0,28.0,37
2023-01-15,SKU_0151,200,0,28.0,37
2023-01-22,SKU_0151,181,0,28.0,37
2023-01-29,SKU_0151,164,0,28.0,37
2023-02-05,SKU_0151,154,0,28.0,37
2023-02-12,SKU_0151,148,0,28.0,37
2023-02-19,SKU_0151,133,0,28.0,37
2023-02-26,SKU_0151,106,0,28.0,37
2023-03-05,SKU_0151,105,0,28.0,37
2023-03-12,SKU_0151,88,0,28.0,37
2023-03-19,SKU_0151,86,0,28.0,37
2023-03-26,SKU_0151,66,0,28.0,37
2023-04-02,SKU_0151,54,0,28.0,37
2023-04-09,SKU_0151,53,0,28.0,37
2023-04-16,SKU_0151,41,0,28.0,37
2023-04-23,SKU_0151,37,0,28.0,37
2023-04-30,SKU_0151,31,143,28.0,37
2023-05-07,SKU_0151,24,57,28.0,37
2023-05-14,SKU_0151,149,0,28.0,37
2023-05-21,SKU_0151,138,0,28.0,37
2023-05-28,SKU_0151,118,0,28.0,37
2023-06-04,SKU_0151,97,0,28.0,37
2023-06-11,SKU_0151,93,0,28.0,37
2023-06-18,SKU_0151,82,0,28.0,37
2023-06-25,SKU_0151,75,0,28.0,37
2023-07-02,SKU_0151,71,0,28.0,37
2023-07-09,SKU_0151,50,0,28.0,37
2023-07-16,SKU_0151,50,0,28.0,37
2023-07-23,SKU_0151,49,0,28.0,37
2023-07-30,SKU_0151,37,0,28.0,37
2023-08-06,SKU_0151,121,0,28.0,37
2023-08-13,SKU_0151,87,0,28.0,37
2023-08-20,SKU_0151,70,0,28.0,37
2023-08-27,SKU_0151,57,0,28.0,37
2023-09-03,SKU_0151,45,0,28.0,37
2023-09-10,SKU_0151,36,109,28.0,37
2023-09-17,SKU_0151,81,0,28.0,37
2023-09-24,SKU_0151,77,0,28.0,37
2023-10-01,SKU_0151,71,0,28.0,37
2023-10-08,SKU_0151,65,0,28.0,37
2023-10-15,SKU_0151,56,0,28.0,37
2023-10-22,SKU_0151,54,0,28.0,37
2023-10-29,SKU_0151,40,0,28.0,37
2023-11-05,SKU_0151,32,56,28.0,37
2023-11-12,SKU_0151,82,0,28.0,37
2023-11-19,SKU_0151,60,0,28.0,37
2023-11-26,SKU_0151,54,0,28.0,37
2023-12-03,SKU_0151,53,0,28.0,37
2023-12-10,SKU_0151,40,0,28.0,37
2023-12-17,SKU_0151,188,0,28.0,37
2023-12-24,SKU_0151,141,0,28.0,37
2023-12-31,SKU_0151,117,0,28.0,37
2024-01-07,SKU_0151,84,0,28.0,37
2024-01-14,SKU_0151,64,0,28.0,37
2024-01-21,SKU_0151,46,0,28.0,37
2024-01-28,SKU_0151,41,0,28.0,37
2024-02-04,SKU_0151,33,117,28.0,37
2024-02-11,SKU_0151,167,0,28.0,37
2024-02-18,SKU_0151,158,0,28.0,37
2024-02-25,SKU_0151,147,0,28.0,37
2024-03-03,SKU_0151,122,0,28.0,37
2024-03-10,SKU_0151,98,0,28.0,37
2024-03-17,SKU_0151,97,0,28.0,37
2024-03-24,SKU_0151,84,0,28.0,37
2024-03-31,SKU_0151,82,0,28.0,37
2024-04-07,SKU_0151,67,0,28.0,37
2024-04-14,SKU_0151,56,0,28.0,37
2024-04-21,SKU_0151,47,0,28.0,37
2024-04-28,SKU_0151,43,0,28.0,37
2024-05-05,SKU_0151,41,0,28.0,37
2024-05-12,SKU_0151,32,119,28.0,37
2024-05-19,SKU_0151,32,67,28.0,37
2024-05-26,SKU_0151,25,91,28.0,37
2024-06-02,SKU_0151,22,129,28.0,37
2024-06-09,SKU_0151,22,134,28.0,37
2024-06-16,SKU_0151,74,0,28.0,37
2024-06-23,SKU_0151,66,0,28.0,37
2024-06-30,SKU_0151,63,0,28.0,37
2024-07-07,SKU_0151,50,0,28.0,37
2024-07-14,SKU_0151,38,0,28.0,37
2024-07-21,SKU_0151,38,0,28.0,37
2024-07-28,SKU_0151,137,0,28.0,37
2024-08-04,SKU_0151,115,0,28.0,37
2024-08-11,SKU_0151,103,0,28.0,37
2024-08-18,SKU_0151,77,0,28.0,37
2024-08-25,SKU_0151,74,0,28.0,37
2024-09-01,SKU_0151,54,0,28.0,37
2024-09-08,SKU_0151,41,0,28.0,37
2024-09-15,SKU_0151,184,0,28.0,37
2024-09-22,SKU_0151,159,0,28.0,37
2024-09-29,SKU_0151,157,0,28.0,37
2024-10-06,SKU_0151,142,0,28.0,37
2024-10-13,SKU_0151,138,0,28.0,37
2024-10-20,SKU_0151,104,0,28.0,37
2024-10-27,SKU_0151,86,0,28.0,37
2024-11-03,SKU_0151,82,0,28.0,37
2024-11-10,SKU_0151,81,0,28.0,37
2024-11-17,SKU_0151,58,0,28.0,37
2024-11-24,SKU_0151,44,0,28.0,37
2024-12-01,SKU_0151,43,0,28.0,37
2024-12-08,SKU_0151,40,0,28.0,37
2024-12-15,SKU_0151,39,0,28.0,37
2024-12-22,SKU_0151,34,139,28.0,37
2024-12-29,SKU_0151,33,144,28.0,37
2023-01-01,SKU_0152,296,0,14.0,51
2023-01-08,SKU_0152,262,0,14.0,51
2023-01-15,SKU_0152,188,0,14.0,51
2023-01-22,SKU_0152,183,0,14.0,51
2023-01-29,SKU_0152,148,0,14.0,51
2023-02-05,SKU_0152,112,0,14.0,51
2023-02-12,SKU_0152,90,0,14.0,51
2023-02-19,SKU_0152,67,0,14.0,51
2023-02-26,SKU_0152,132,0,14.0,51
2023-03-05,SKU_0152,97,0,14.0,51
2023-03-12,SKU_0152,77,0,14.0,51
2023-03-19,SKU_0152,59,0,14.0,51
2023-03-26,SKU_0152,155,0,14.0,51
2023-04-02,SKU_0152,136,0,14.0,51
2023-04-09,SKU_0152,128,0,14.0,51
2023-04-16,SKU_0152,105,0,14.0,51
2023-04-23,SKU_0152,102,0,14.0,51
2023-04-30,SKU_0152,77,0,14.0,51
2023-05-07,SKU_0152,68,0,14.0,51
2023-05-14,SKU_0152,49,166,14.0,51
2023-05-21,SKU_0152,37,93,14.0,51
2023-05-28,SKU_0152,26,126,14.0,51
2023-06-04,SKU_0152,22,51,14.0,51
2023-06-11,SKU_0152,162,0,14.0,51
2023-06-18,SKU_0152,135,0,14.0,51
2023-06-25,SKU_0152,117,0,14.0,51
2023-07-02,SKU_0152,104,0,14.0,51
2023-07-09,SKU_0152,77,0,14.0,51
2023-07-16,SKU_0152,62,0,14.0,51
2023-07-23,SKU_0152,60,0,14.0,51
2023-07-30,SKU_0152,46,112,14.0,51
2023-08-06,SKU_0152,119,0,14.0,51
2023-08-13,SKU_0152,115,0,14.0,51
2023-08-20,SKU_0152,99,0,14.0,51
2023-08-27,SKU_0152,84,0,14.0,51
2023-09-03,SKU_0152,79,0,14.0,51
2023-09-10,SKU_0152,71,0,14.0,51
2023-09-17,SKU_0152,62,0,14.0,51
2023-09-24,SKU_0152,52,0,14.0,51
2023-10-01,SKU_0152,45,199,14.0,51
2023-10-08,SKU_0152,153,0,14.0,51
2023-10-15,SKU_0152,142,0,14.0,51
2023-10-22,SKU_0152,121,0,14.0,51
2023-10-29,SKU_0152,87,0,14.0,51
2023-11-05,SKU_0152,74,0,14.0,51
2023-11-12,SKU_0152,67,0,14.0,51
2023-11-19,SKU_0152,180,0,14.0,51
2023-11-26,SKU_0152,179,0,14.0,51
2023-12-03,SKU_0152,153,0,14.0,51
2023-12-10,SKU_0152,115,0,14.0,51
2023-12-17,SKU_0152,108,0,14.0,51
2023-12-24,SKU_0152,88,0,14.0,51
2023-12-31,SKU_0152,76,0,14.0,51
2024-01-07,SKU_0152,75,0,14.0,51
2024-01-14,SKU_0152,73,0,14.0,51
2024-01-21,SKU_0152,62,0,14.0,51
2024-01-28,SKU_0152,58,0,14.0,51
2024-02-04,SKU_0152,121,0,14.0,51
2024-02-11,SKU_0152,95,0,14.0,51
2024-02-18,SKU_0152,71,0,14.0,51
2024-02-25,SKU_0152,55,0,14.0,51
2024-03-03,SKU_0152,50,117,14.0,51
2024-03-10,SKU_0152,43,131,14.0,51
2024-03-17,SKU_0152,41,159,14.0,51
2024-03-24,SKU_0152,29,165,14.0,51
2024-03-31,SKU_0152,125,0,14.0,51
2024-04-07,SKU_0152,101,0,14.0,51
2024-04-14,SKU_0152,75,0,14.0,51
2024-04-21,SKU_0152,73,0,14.0,51
2024-04-28,SKU_0152,55,0,14.0,51
2024-05-05,SKU_0152,54,0,14.0,51
2024-05-12,SKU_0152,52,0,14.0,51
2024-05-19,SKU_0152,52,0,14.0,51
2024-05-26,SKU_0152,178,0,14.0,51
2024-06-02,SKU_0152,161,0,14.0,51
2024-06-09,SKU_0152,122,0,14.0,51
2024-06-16,SKU_0152,102,0,14.0,51
2024-06-23,SKU_0152,102,0,14.0,51
2024-06-30,SKU_0152,74,0,14.0,51
2024-07-07,SKU_0152,68,0,14.0,51
2024-07-14,SKU_0152,67,0,14.0,51
2024-07-21,SKU_0152,66,0,14.0,51
2024-07-28,SKU_0152,47,176,14.0,51
2024-08-04,SKU_0152,40,184,14.0,51
2024-08-11,SKU_0152,137,0,14.0,51
2024-08-18,SKU_0152,109,0,14.0,51
2024-08-25,SKU_0152,79,0,14.0,51
2024-09-01,SKU_0152,71,0,14.0,51
2024-09-08,SKU_0152,70,0,14.0,51
2024-09-15,SKU_0152,51,0,14.0,51
2024-09-22,SKU_0152,141,0,14.0,51
2024-09-29,SKU_0152,99,0,14.0,51
2024-10-06,SKU_0152,80,0,14.0,51
2024-10-13,SKU_0152,76,0,14.0,51
2024-10-20,SKU_0152,74,0,14.0,51
2024-10-27,SKU_0152,59,0,14.0,51
2024-11-03,SKU_0152,53,0,14.0,51
2024-11-10,SKU_0152,189,0,14.0,51
2024-11-17,SKU_0152,146,0,14.0,51
2024-11-24,SKU_0152,109,0,14.0,51
2024-12-01,SKU_0152,86,0,14.0,51
2024-12-08,SKU_0152,64,0,14.0,51
2024-12-15,SKU_0152,146,0,14.0,51
2024-12-22,SKU_0152,146,0,14.0,51
2024-12-29,SKU_0152,142,0,14.0,51
2023-01-01,SKU_0153,114,0,7.0,66
2023-01-08,SKU_0153,103,0,7.0,66
2023-01-15,SKU_0153,101,0,7.0,66
2023-01-22,SKU_0153,93,0,7.0,66
2023-01-29,SKU_0153,75,0,7.0,66
2023-02-05,SKU_0153,73,0,7.0,66
2023-02-12,SKU_0153,214,0,7.0,66
2023-02-19,SKU_0153,165,0,7.0,66
2023-02-26,SKU_0153,144,0,7.0,66
2023-03-05,SKU_0153,137,0,7.0,66
2023-03-12,SKU_0153,116,0,7.0,66
2023-03-19,SKU_0153,103,0,7.0,66
2023-03-26,SKU_0153,76,0,7.0,66
2023-04-02,SKU_0153,69,0,7.0,66
2023-04-09,SKU_0153,69,0,7.0,66
2023-04-16,SKU_0153,230,0,7.0,66
2023-04-23,SKU_0153,186,0,7.0,66
2023-04-30,SKU_0153,179,0,7.0,66
2023-05-07,SKU_0153,141,0,7.0,66
2023-05-14,SKU_0153,111,0,7.0,66
2023-05-21,SKU_0153,80,0,7.0,66
2023-05-28,SKU_0153,200,0,7.0,66
2023-06-04,SKU_0153,147,0,7.0,66
2023-06-11,SKU_0153,144,0,7.0,66
2023-06-18,SKU_0153,137,0,7.0,66
2023-06-25,SKU_0153,116,0,7.0,66
2023-07-02,SKU_0153,85,0,7.0,66
2023-07-09,SKU_0153,68,0,7.0,66
2023-07-16,SKU_0153,142,0,7.0,66
2023-07-23,SKU_0153,100,0,7.0,66
2023-07-30,SKU_0153,86,0,7.0,66
2023-08-06,SKU_0153,183,0,7.0,66
2023-08-13,SKU_0153,169,0,7.0,66
2023-08-20,SKU_0153,119,0,7.0,66
2023-08-27,SKU_0153,97,0,7.0,66
2023-09-03,SKU_0153,91,0,7.0,66
2023-09-10,SKU_0153,76,0,7.0,66
2023-09-17,SKU_0153,68,0,7.0,66
2023-09-24,SKU_0153,52,144,7.0,66
2023-10-01,SKU_0153,49,115,7.0,66
2023-10-08,SKU_0153,44,170,7.0,66
2023-10-15,SKU_0153,197,0,7.0,66
2023-10-22,SKU_0153,183,0,7.0,66
2023-10-29,SKU_0153,159,0,7.0,66
2023-11-05,SKU_0153,146,0,7.0,66
2023-11-12,SKU_0153,114,0,7.0,66
2023-11-19,SKU_0153,91,0,7.0,66
2023-11-26,SKU_0153,66,0,7.0,66
2023-12-03,SKU_0153,132,0,7.0,66
2023-12-10,SKU_0153,114,0,7.0,66
2023-12-17,SKU_0153,109,0,7.0,66
2023-12-24,SKU_0153,89,0,7.0,66
2023-12-31,SKU_0153,73,0,7.0,66
2024-01-07,SKU_0153,52,142,7.0,66
2024-01-14,SKU_0153,45,61,7.0,66
2024-01-21,SKU_0153,228,0,7.0,66
2024-01-28,SKU_0153,177,0,7.0,66
2024-02-04,SKU_0153,173,0,7.0,66
2024-02-11,SKU_0153,160,0,7.0,66
2024-02-18,SKU_0153,125,0,7.0,66
2024-02-25,SKU_0153,119,0,7.0,66
2024-03-03,SKU_0153,94,0,7.0,66
2024-03-10,SKU_0153,88,0,7.0,66
2024-03-17,SKU_0153,70,0,7.0,66
2024-03-24,SKU_0153,109,0,7.0,66
2024-03-31,SKU_0153,86,0,7.0,66
2024-04-07,SKU_0153,71,0,7.0,66
2024-04-14,SKU_0153,68,0,7.0,66
2024-04-21,SKU_0153,140,0,7.0,66
2024-04-28,SKU_0153,105,0,7.0,66
2024-05-05,SKU_0153,103,0,7.0,66
2024-05-12,SKU_0153,96,0,7.0,66
2024-05-19,SKU_0153,85,0,7.0,66
2024-05-26,SKU_0153,82,0,7.0,66
2024-06-02,SKU_0153,72,0,7.0,66
2024-06-09,SKU_0153,226,0,7.0,66
2024-06-16,SKU_0153,224,0,7.0,66
2024-06-23,SKU_0153,171,0,7.0,66
2024-06-30,SKU_0153,137,0,7.0,66
2024-07-07,SKU_0153,124,0,7.0,66
2024-07-14,SKU_0153,90,0,7.0,66
2024-07-21,SKU_0153,69,0,7.0,66
2024-07-28,SKU_0153,65,148,7.0,66
2024-08-04,SKU_0153,107,0,7.0,66
2024-08-11,SKU_0153,96,0,7.0,66
2024-08-18,SKU_0153,79,0,7.0,66
2024-08-25,SKU_0153,76,0,7.0,66
2024-09-01,SKU_0153,68,0,7.0,66
2024-09-08,SKU_0153,59,65,7.0,66
2024-09-15,SKU_0153,223,0,7.0,66
2024-09-22,SKU_0153,214,0,7.0,66
2024-09-29,SKU_0153,179,0,7.0,66
2024-10-06,SKU_0153,177,0,7.0,66
2024-10-13,SKU_0153,132,0,7.0,66
2024-10-20,SKU_0153,131,0,7.0,66
2024-10-27,SKU_0153,130,0,7.0,66
2024-11-03,SKU_0153,93,0,7.0,66
2024-11-10,SKU_0153,70,0,7.0,66
2024-11-17,SKU_0153,60,183,7.0,66
2024-11-24,SKU_0153,48,136,7.0,66
2024-12-01,SKU_0153,40,53,7.0,66
2024-12-08,SKU_0153,37,119,7.0,66
2024-12-15,SKU_0153,116,0,7.0,66
2024-12-22,SKU_0153,95,0,7.0,66
2024-12-29,SKU_0153,83,0,7.0,66
2023-01-01,SKU_0154,342,0,7.0,49
2023-01-08,SKU_0154,302,0,7.0,49
2023-01-15,SKU_0154,222,0,7.0,49
2023-01-22,SKU_0154,173,0,7.0,49
2023-01-29,SKU_0154,129,0,7.0,49
2023-02-05,SKU_0154,128,0,7.0,49
2023-02-12,SKU_0154,94,0,7.0,49
2023-02-19,SKU_0154,78,0,7.0,49
2023-02-26,SKU_0154,75,0,7.0,49
2023-03-05,SKU_0154,68,0,7.0,49
2023-03-12,SKU_0154,66,0,7.0,49
2023-03-19,SKU_0154,166,0,7.0,49
2023-03-26,SKU_0154,155,0,7.0,49
2023-04-02,SKU_0154,109,0,7.0,49
2023-04-09,SKU_0154,104,0,7.0,49
2023-04-16,SKU_0154,83,0,7.0,49
2023-04-23,SKU_0154,64,0,7.0,49
2023-04-30,SKU_0154,61,0,7.0,49
2023-05-07,SKU_0154,57,0,7.0,49
2023-05-14,SKU_0154,54,0,7.0,49
2023-05-21,SKU_0154,39,138,7.0,49
2023-05-28,SKU_0154,30,154,7.0,49
2023-06-04,SKU_0154,219,0,7.0,49
2023-06-11,SKU_0154,216,0,7.0,49
2023-06-18,SKU_0154,172,0,7.0,49
2023-06-25,SKU_0154,131,0,7.0,49
2023-07-02,SKU_0154,100,0,7.0,49
2023-07-09,SKU_0154,98,0,7.0,49
2023-07-16,SKU_0154,90,0,7.0,49
2023-07-23,SKU_0154,78,0,7.0,49
2023-07-30,SKU_0154,69,0,7.0,49
2023-08-06,SKU_0154,54,0,7.0,49
2023-08-13,SKU_0154,54,0,7.0,49
2023-08-20,SKU_0154,51,0,7.0,49
2023-08-27,SKU_0154,51,0,7.0,49
2023-09-03,SKU_0154,219,0,7.0,49
2023-09-10,SKU_0154,158,0,7.0,49
2023-09-17,SKU_0154,128,0,7.0,49
2023-09-24,SKU_0154,107,0,7.0,49
2023-10-01,SKU_0154,89,0,7.0,49
2023-10-08,SKU_0154,79,0,7.0,49
2023-10-15,SKU_0154,73,0,7.0,49
2023-10-22,SKU_0154,69,0,7.0,49
2023-10-29,SKU_0154,61,0,7.0,49
2023-11-05,SKU_0154,49,0,7.0,49
2023-11-12,SKU_0154,124,0,7.0,49
2023-11-19,SKU_0154,120,0,7.0,49
2023-11-26,SKU_0154,90,0,7.0,49
2023-12-03,SKU_0154,81,0,7.0,49
2023-12-10,SKU_0154,74,0,7.0,49
2023-12-17,SKU_0154,69,0,7.0,49
2023-12-24,SKU_0154,50,0,7.0,49
2023-12-31,SKU_0154,110,0,7.0,49
2024-01-07,SKU_0154,91,0,7.0,49
2024-01-14,SKU_0154,75,0,7.0,49
2024-01-21,SKU_0154,64,0,7.0,49
2024-01-28,SKU_0154,62,0,7.0,49
2024-02-04,SKU_0154,146,0,7.0,49
2024-02-11,SKU_0154,104,0,7.0,49
2024-02-18,SKU_0154,74,0,7.0,49
2024-02-25,SKU_0154,63,0,7.0,49
2024-03-03,SKU_0154,46,72,7.0,49
2024-03-10,SKU_0154,34,158,7.0,49
2024-03-17,SKU_0154,77,0,7.0,49
2024-03-24,SKU_0154,61,0,7.0,49
2024-03-31,SKU_0154,48,100,7.0,49
2024-04-07,SKU_0154,142,0,7.0,49
2024-04-14,SKU_0154,115,0,7.0,49
2024-04-21,SKU_0154,83,0,7.0,49
2024-04-28,SKU_0154,76,0,7.0,49
2024-05-05,SKU_0154,68,0,7.0,49
2024-05-12,SKU_0154,55,0,7.0,49
2024-05-19,SKU_0154,173,0,7.0,49
2024-05-26,SKU_0154,137,0,7.0,49
2024-06-02,SKU_0154,127,0,7.0,49
2024-06-09,SKU_0154,114,0,7.0,49
2024-06-16,SKU_0154,80,0,7.0,49
2024-06-23,SKU_0154,65,0,7.0,49
2024-06-30,SKU_0154,56,0,7.0,49
2024-07-07,SKU_0154,144,0,7.0,49
2024-07-14,SKU_0154,111,0,7.0,49
2024-07-21,SKU_0154,108,0,7.0,49
2024-07-28,SKU_0154,106,0,7.0,49
2024-08-04,SKU_0154,85,0,7.0,49
2024-08-11,SKU_0154,74,0,7.0,49
2024-08-18,SKU_0154,54,0,7.0,49
2024-08-25,SKU_0154,43,67,7.0,49
2024-09-01,SKU_0154,159,0,7.0,49
2024-09-08,SKU_0154,133,0,7.0,49
2024-09-15,SKU_0154,94,0,7.0,49
2024-09-22,SKU_0154,90,0,7.0,49
2024-09-29,SKU_0154,70,0,7.0,49
2024-10-06,SKU_0154,58,0,7.0,49
2024-10-13,SKU_0154,101,0,7.0,49
2024-10-20,SKU_0154,87,0,7.0,49
2024-10-27,SKU_0154,85,0,7.0,49
2024-11-03,SKU_0154,68,0,7.0,49
2024-11-10,SKU_0154,68,0,7.0,49
2024-11-17,SKU_0154,50,0,7.0,49
2024-11-24,SKU_0154,95,0,7.0,49
2024-12-01,SKU_0154,72,0,7.0,49
2024-12-08,SKU_0154,58,0,7.0,49
2024-12-15,SKU_0154,58,0,7.0,49
2024-12-22,SKU_0154,56,0,7.0,49
2024-12-29,SKU_0154,51,0,7.0,49
2023-01-01,SKU_0155,313,0,21.0,23
2023-01-08,SKU_0155,247,0,21.0,23
2023-01-15,SKU_0155,183,0,21.0,23
2023-01-22,SKU_0155,137,0,21.0,23
2023-01-29,SKU_0155,130,0,21.0,23
2023-02-05,SKU_0155,122,0,21.0,23
2023-02-12,SKU_0155,117,0,21.0,23
2023-02-19,SKU_0155,94,0,21.0,23
2023-02-26,SKU_0155,72,0,21.0,23
2023-03-05,SKU_0155,62,0,21.0,23
2023-03-12,SKU_0155,50,0,21.0,23
2023-03-19,SKU_0155,43,0,21.0,23
2023-03-26,SKU_0155,31,0,21.0,23
2023-04-02,SKU_0155,24,0,21.0,23
2023-04-09,SKU_0155,23,0,21.0,23
2023-04-16,SKU_0155,19,118,21.0,23
2023-04-23,SKU_0155,18,135,21.0,23
2023-04-30,SKU_0155,14,54,21.0,23
2023-05-07,SKU_0155,10,114,21.0,23
2023-05-14,SKU_0155,101,0,21.0,23
2023-05-21,SKU_0155,89,0,21.0,23
2023-05-28,SKU_0155,81,0,21.0,23
2023-06-04,SKU_0155,77,0,21.0,23
2023-06-11,SKU_0155,57,0,21.0,23
2023-06-18,SKU_0155,51,0,21.0,23
2023-06-25,SKU_0155,42,0,21.0,23
2023-07-02,SKU_0155,42,0,21.0,23
2023-07-09,SKU_0155,41,0,21.0,23
2023-07-16,SKU_0155,33,0,21.0,23
2023-07-23,SKU_0155,27,0,21.0,23
2023-07-30,SKU_0155,19,102,21.0,23
2023-08-06,SKU_0155,18,106,21.0,23
2023-08-13,SKU_0155,108,0,21.0,23
2023-08-20,SKU_0155,92,0,21.0,23
2023-08-27,SKU_0155,76,0,21.0,23
2023-09-03,SKU_0155,71,0,21.0,23
2023-09-10,SKU_0155,67,0,21.0,23
2023-09-17,SKU_0155,54,0,21.0,23
2023-09-24,SKU_0155,51,0,21.0,23
2023-10-01,SKU_0155,37,0,21.0,23
2023-10-08,SKU_0155,31,0,21.0,23
2023-10-15,SKU_0155,29,0,21.0,23
2023-10-22,SKU_0155,27,0,21.0,23
2023-10-29,SKU_0155,26,0,21.0,23
2023-11-05,SKU_0155,24,0,21.0,23
2023-11-12,SKU_0155,122,0,21.0,23
2023-11-19,SKU_0155,98,0,21.0,23
2023-11-26,SKU_0155,76,0,21.0,23
2023-12-03,SKU_0155,62,0,21.0,23
2023-12-10,SKU_0155,50,0,21.0,23
2023-12-17,SKU_0155,36,0,21.0,23
2023-12-24,SKU_0155,27,0,21.0,23
2023-12-31,SKU_0155,27,0,21.0,23
2024-01-07,SKU_0155,26,0,21.0,23
2024-01-14,SKU_0155,23,0,21.0,23
2024-01-21,SKU_0155,21,154,21.0,23
2024-01-28,SKU_0155,69,0,21.0,23
2024-02-04,SKU_0155,49,0,21.0,23
2024-02-11,SKU_0155,40,0,21.0,23
2024-02-18,SKU_0155,40,0,21.0,23
2024-02-25,SKU_0155,30,0,21.0,23
2024-03-03,SKU_0155,211,0,21.0,23
2024-03-10,SKU_0155,152,0,21.0,23
2024-03-17,SKU_0155,133,0,21.0,23
2024-03-24,SKU_0155,118,0,21.0,23
2024-03-31,SKU_0155,102,0,21.0,23
2024-04-07,SKU_0155,94,0,21.0,23
2024-04-14,SKU_0155,71,0,21.0,23
2024-04-21,SKU_0155,66,0,21.0,23
2024-04-28,SKU_0155,61,0,21.0,23
2024-05-05,SKU_0155,59,0,21.0,23
2024-05-12,SKU_0155,48,0,21.0,23
2024-05-19,SKU_0155,43,0,21.0,23
2024-05-26,SKU_0155,43,0,21.0,23
2024-06-02,SKU_0155,31,0,21.0,23
2024-06-09,SKU_0155,29,0,21.0,23
2024-06-16,SKU_0155,172,0,21.0,23
2024-06-23,SKU_0155,123,0,21.0,23
2024-06-30,SKU_0155,113,0,21.0,23
2024-07-07,SKU_0155,91,0,21.0,23
2024-07-14,SKU_0155,72,0,21.0,23
2024-07-21,SKU_0155,61,0,21.0,23
2024-07-28,SKU_0155,45,0,21.0,23
2024-08-04,SKU_0155,40,0,21.0,23
2024-08-11,SKU_0155,40,0,21.0,23
2024-08-18,SKU_0155,28,0,21.0,23
2024-08-25,SKU_0155,28,0,21.0,23
2024-09-01,SKU_0155,20,114,21.0,23
2024-09-08,SKU_0155,16,173,21.0,23
2024-09-15,SKU_0155,14,113,21.0,23
2024-09-22,SKU_0155,13,162,21.0,23
2024-09-29,SKU_0155,10,53,21.0,23
2024-10-06,SKU_0155,168,0,21.0,23
2024-10-13,SKU_0155,165,0,21.0,23
2024-10-20,SKU_0155,161,0,21.0,23
2024-10-27,SKU_0155,115,0,21.0,23
2024-11-03,SKU_0155,111,0,21.0,23
2024-11-10,SKU_0155,82,0,21.0,23
2024-11-17,SKU_0155,79,0,21.0,23
2024-11-24,SKU_0155,70,0,21.0,23
2024-12-01,SKU_0155,67,0,21.0,23
2024-12-08,SKU_0155,49,0,21.0,23
2024-12-15,SKU_0155,36,0,21.0,23
2024-12-22,SKU_0155,35,0,21.0,23
2024-12-29,SKU_0155,27,0,21.0,23
2023-01-01,SKU_0156,282,0,14.0,96
2023-01-08,SKU_0156,272,0,14.0,96
2023-01-15,SKU_0156,242,0,14.0,96
2023-01-22,SKU_0156,194,0,14.0,96
2023-01-29,SKU_0156,164,0,14.0,96
2023-02-05,SKU_0156,153,0,14.0,96
2023-02-12,SKU_0156,150,0,14.0,96
2023-02-19,SKU_0156,147,0,14.0,96
2023-02-26,SKU_0156,146,0,14.0,96
2023-03-05,SKU_0156,146,0,14.0,96
2023-03-12,SKU_0156,116,0,14.0,96
2023-03-19,SKU_0156,111,0,14.0,96
2023-03-26,SKU_0156,89,141,14.0,96
2023-04-02,SKU_0156,65,161,14.0,96
2023-04-09,SKU_0156,50,81,14.0,96
2023-04-16,SKU_0156,135,0,14.0,96
2023-04-23,SKU_0156,112,0,14.0,96
2023-04-30,SKU_0156,246,0,14.0,96
2023-05-07,SKU_0156,233,0,14.0,96
2023-05-14,SKU_0156,193,0,14.0,96
2023-05-21,SKU_0156,136,0,14.0,96
2023-05-28,SKU_0156,128,0,14.0,96
2023-06-04,SKU_0156,103,0,14.0,96
2023-06-11,SKU_0156,98,0,14.0,96
2023-06-18,SKU_0156,98,0,14.0,96
2023-06-25,SKU_0156,240,0,14.0,96
2023-07-02,SKU_0156,168,0,14.0,96
2023-07-09,SKU_0156,129,0,14.0,96
2023-07-16,SKU_0156,116,0,14.0,96
2023-07-23,SKU_0156,93,79,14.0,96
2023-07-30,SKU_0156,92,115,14.0,96
2023-08-06,SKU_0156,83,155,14.0,96
2023-08-13,SKU_0156,184,0,14.0,96
2023-08-20,SKU_0156,174,0,14.0,96
2023-08-27,SKU_0156,128,0,14.0,96
2023-09-03,SKU_0156,115,0,14.0,96
2023-09-10,SKU_0156,114,0,14.0,96
2023-09-17,SKU_0156,113,0,14.0,96
2023-09-24,SKU_0156,101,0,14.0,96
2023-10-01,SKU_0156,156,0,14.0,96
2023-10-08,SKU_0156,142,0,14.0,96
2023-10-15,SKU_0156,132,0,14.0,96
2023-10-22,SKU_0156,125,0,14.0,96
2023-10-29,SKU_0156,112,0,14.0,96
2023-11-05,SKU_0156,86,168,14.0,96
2023-11-12,SKU_0156,191,0,14.0,96
2023-11-19,SKU_0156,139,0,14.0,96
2023-11-26,SKU_0156,122,0,14.0,96
2023-12-03,SKU_0156,116,0,14.0,96
2023-12-10,SKU_0156,114,0,14.0,96
2023-12-17,SKU_0156,99,0,14.0,96
2023-12-24,SKU_0156,265,0,14.0,96
2023-12-31,SKU_0156,247,0,14.0,96
2024-01-07,SKU_0156,221,0,14.0,96
2024-01-14,SKU_0156,194,0,14.0,96
2024-01-21,SKU_0156,177,0,14.0,96
2024-01-28,SKU_0156,143,0,14.0,96
2024-02-04,SKU_0156,102,0,14.0,96
2024-02-11,SKU_0156,170,0,14.0,96
2024-02-18,SKU_0156,140,0,14.0,96
2024-02-25,SKU_0156,122,0,14.0,96
2024-03-03,SKU_0156,122,0,14.0,96
2024-03-10,SKU_0156,116,0,14.0,96
2024-03-17,SKU_0156,100,0,14.0,96
2024-03-24,SKU_0156,92,182,14.0,96
2024-03-31,SKU_0156,260,0,14.0,96
2024-04-07,SKU_0156,249,0,14.0,96
2024-04-14,SKU_0156,215,0,14.0,96
2024-04-21,SKU_0156,187,0,14.0,96
2024-04-28,SKU_0156,160,0,14.0,96
2024-05-05,SKU_0156,123,0,14.0,96
2024-05-12,SKU_0156,104,0,14.0,96
2024-05-19,SKU_0156,197,0,14.0,96
2024-05-26,SKU_0156,143,0,14.0,96
2024-06-02,SKU_0156,125,0,14.0,96
2024-06-09,SKU_0156,105,0,14.0,96
2024-06-16,SKU_0156,188,0,14.0,96
2024-06-23,SKU_0156,133,0,14.0,96
2024-06-30,SKU_0156,118,0,14.0,96
2024-07-07,SKU_0156,105,0,14.0,96
2024-07-14,SKU_0156,76,94,14.0,96
2024-07-21,SKU_0156,235,0,14.0,96
2024-07-28,SKU_0156,171,0,14.0,96
2024-08-04,SKU_0156,133,0,14.0,96
2024-08-11,SKU_0156,110,0,14.0,96
2024-08-18,SKU_0156,81,167,14.0,96
2024-08-25,SKU_0156,72,179,14.0,96
2024-09-01,SKU_0156,67,80,14.0,96
2024-09-08,SKU_0156,63,114,14.0,96
2024-09-15,SKU_0156,56,98,14.0,96
2024-09-22,SKU_0156,54,196,14.0,96
2024-09-29,SKU_0156,226,0,14.0,96
2024-10-06,SKU_0156,162,0,14.0,96
2024-10-13,SKU_0156,161,0,14.0,96
2024-10-20,SKU_0156,135,0,14.0,96
2024-10-27,SKU_0156,103,0,14.0,96
2024-11-03,SKU_0156,76,195,14.0,96
2024-11-10,SKU_0156,63,54,14.0,96
2024-11-17,SKU_0156,58,70,14.0,96
2024-11-24,SKU_0156,143,0,14.0,96
2024-12-01,SKU_0156,142,0,14.0,96
2024-12-08,SKU_0156,134,0,14.0,96
2024-12-15,SKU_0156,122,0,14.0,96
2024-12-22,SKU_0156,120,0,14.0,96
2024-12-29,SKU_0156,104,0,14.0,96
2023-01-01,SKU_0157,274,0,28.0,79
2023-01-08,SKU_0157,265,0,28.0,79
2023-01-15,SKU_0157,243,0,28.0,79
2023-01-22,SKU_0157,208,0,28.0,79
2023-01-29,SKU_0157,150,0,28.0,79
2023-02-05,SKU_0157,123,0,28.0,79
2023-02-12,SKU_0157,106,0,28.0,79
2023-02-19,SKU_0157,82,0,28.0,79
2023-02-26,SKU_0157,72,138,28.0,79
2023-03-05,SKU_0157,174,0,28.0,79
2023-03-12,SKU_0157,156,0,28.0,79
2023-03-19,SKU_0157,117,0,28.0,79
2023-03-26,SKU_0157,88,0,28.0,79
2023-04-02,SKU_0157,72,52,28.0,79
2023-04-09,SKU_0157,69,90,28.0,79
2023-04-16,SKU_0157,59,178,28.0,79
2023-04-23,SKU_0157,117,0,28.0,79
2023-04-30,SKU_0157,107,0,28.0,79
2023-05-07,SKU_0157,105,0,28.0,79
2023-05-14,SKU_0157,90,0,28.0,79
2023-05-21,SKU_0157,89,0,28.0,79
2023-05-28,SKU_0157,148,0,28.0,79
2023-06-04,SKU_0157,134,0,28.0,79
2023-06-11,SKU_0157,119,0,28.0,79
2023-06-18,SKU_0157,94,0,28.0,79
2023-06-25,SKU_0157,89,0,28.0,79
2023-07-02,SKU_0157,67,72,28.0,79
2023-07-09,SKU_0157,173,0,28.0,79
2023-07-16,SKU_0157,140,0,28.0,79
2023-07-23,SKU_0157,131,0,28.0,79
2023-07-30,SKU_0157,126,0,28.0,79
2023-08-06,SKU_0157,100,0,28.0,79
2023-08-13,SKU_0157,88,0,28.0,79
2023-08-20,SKU_0157,67,163,28.0,79
2023-08-27,SKU_0157,65,60,28.0,79
2023-09-03,SKU_0157,208,0,28.0,79
2023-09-10,SKU_0157,175,0,28.0,79
2023-09-17,SKU_0157,164,0,28.0,79
2023-09-24,SKU_0157,115,0,28.0,79
2023-10-01,SKU_0157,95,0,28.0,79
2023-10-08,SKU_0157,89,0,28.0,79
2023-10-15,SKU_0157,139,0,28.0,79
2023-10-22,SKU_0157,118,0,28.0,79
2023-10-29,SKU_0157,114,0,28.0,79
2023-11-05,SKU_0157,83,0,28.0,79
2023-11-12,SKU_0157,63,85,28.0,79
2023-11-19,SKU_0157,59,61,28.0,79
2023-11-26,SKU_0157,50,194,28.0,79
2023-12-03,SKU_0157,247,0,28.0,79
2023-12-10,SKU_0157,210,0,28.0,79
2023-12-17,SKU_0157,190,0,28.0,79
2023-12-24,SKU_0157,138,0,28.0,79
2023-12-31,SKU_0157,126,0,28.0,79
2024-01-07,SKU_0157,91,0,28.0,79
2024-01-14,SKU_0157,66,61,28.0,79
2024-01-21,SKU_0157,50,61,28.0,79
2024-01-28,SKU_0157,38,119,28.0,79
2024-02-04,SKU_0157,35,198,28.0,79
2024-02-11,SKU_0157,32,89,28.0,79
2024-02-18,SKU_0157,204,0,28.0,79
2024-02-25,SKU_0157,184,0,28.0,79
2024-03-03,SKU_0157,149,0,28.0,79
2024-03-10,SKU_0157,140,0,28.0,79
2024-03-17,SKU_0157,131,0,28.0,79
2024-03-24,SKU_0157,109,0,28.0,79
2024-03-31,SKU_0157,100,0,28.0,79
2024-04-07,SKU_0157,98,0,28.0,79
2024-04-14,SKU_0157,85,0,28.0,79
2024-04-21,SKU_0157,82,0,28.0,79
2024-04-28,SKU_0157,81,0,28.0,79
2024-05-05,SKU_0157,167,0,28.0,79
2024-05-12,SKU_0157,151,0,28.0,79
2024-05-19,SKU_0157,138,0,28.0,79
2024-05-26,SKU_0157,101,0,28.0,79
2024-06-02,SKU_0157,143,0,28.0,79
2024-06-09,SKU_0157,101,0,28.0,79
2024-06-16,SKU_0157,84,0,28.0,79
2024-06-23,SKU_0157,81,0,28.0,79
2024-06-30,SKU_0157,71,154,28.0,79
2024-07-07,SKU_0157,51,134,28.0,79
2024-07-14,SKU_0157,42,145,28.0,79
2024-07-21,SKU_0157,36,67,28.0,79
2024-07-28,SKU_0157,33,74,28.0,79
2024-08-04,SKU_0157,119,0,28.0,79
2024-08-11,SKU_0157,99,0,28.0,79
2024-08-18,SKU_0157,99,0,28.0,79
2024-08-25,SKU_0157,93,0,28.0,79
2024-09-01,SKU_0157,87,0,28.0,79
2024-09-08,SKU_0157,262,0,28.0,79
2024-09-15,SKU_0157,197,0,28.0,79
2024-09-22,SKU_0157,187,0,28.0,79
2024-09-29,SKU_0157,149,0,28.0,79
2024-10-06,SKU_0157,131,0,28.0,79
2024-10-13,SKU_0157,104,0,28.0,79
2024-10-20,SKU_0157,92,0,28.0,79
2024-10-27,SKU_0157,79,0,28.0,79
2024-11-03,SKU_0157,77,94,28.0,79
2024-11-10,SKU_0157,269,0,28.0,79
2024-11-17,SKU_0157,246,0,28.0,79
2024-11-24,SKU_0157,223,0,28.0,79
2024-12-01,SKU_0157,176,0,28.0,79
2024-12-08,SKU_0157,136,0,28.0,79
2024-12-15,SKU_0157,103,0,28.0,79
2024-12-22,SKU_0157,94,0,28.0,79
2024-12-29,SKU_0157,90,0,28.0,79
2023-01-01,SKU_0158,311,0,21.0,84
2023-01-08,SKU_0158,266,0,21.0,84
2023-01-15,SKU_0158,222,0,21.0,84
2023-01-22,SKU_0158,176,0,21.0,84
2023-01-29,SKU_0158,166,0,21.0,84
2023-02-05,SKU_0158,162,0,21.0,84
2023-02-12,SKU_0158,136,0,21.0,84
2023-02-19,SKU_0158,128,0,21.0,84
2023-02-26,SKU_0158,106,0,21.0,84
2023-03-05,SKU_0158,84,0,21.0,84
2023-03-12,SKU_0158,208,0,21.0,84
2023-03-19,SKU_0158,191,0,21.0,84
2023-03-26,SKU_0158,137,0,21.0,84
2023-04-02,SKU_0158,105,0,21.0,84
2023-04-09,SKU_0158,103,0,21.0,84
2023-04-16,SKU_0158,93,0,21.0,84
2023-04-23,SKU_0158,88,0,21.0,84
2023-04-30,SKU_0158,86,0,21.0,84
2023-05-07,SKU_0158,74,75,21.0,84
2023-05-14,SKU_0158,262,0,21.0,84
2023-05-21,SKU_0158,250,0,21.0,84
2023-05-28,SKU_0158,220,0,21.0,84
2023-06-04,SKU_0158,186,0,21.0,84
2023-06-11,SKU_0158,166,0,21.0,84
2023-06-18,SKU_0158,125,0,21.0,84
2023-06-25,SKU_0158,89,0,21.0,84
2023-07-02,SKU_0158,89,0,21.0,84
2023-07-09,SKU_0158,71,104,21.0,84
2023-07-16,SKU_0158,69,122,21.0,84
2023-07-23,SKU_0158,55,152,21.0,84
2023-07-30,SKU_0158,250,0,21.0,84
2023-08-06,SKU_0158,190,0,21.0,84
2023-08-13,SKU_0158,159,0,21.0,84
2023-08-20,SKU_0158,119,0,21.0,84
2023-08-27,SKU_0158,114,0,21.0,84
2023-09-03,SKU_0158,169,0,21.0,84
2023-09-10,SKU_0158,133,0,21.0,84
2023-09-17,SKU_0158,120,0,21.0,84
2023-09-24,SKU_0158,104,0,21.0,84
2023-10-01,SKU_0158,157,0,21.0,84
2023-10-08,SKU_0158,130,0,21.0,84
2023-10-15,SKU_0158,120,0,21.0,84
2023-10-22,SKU_0158,98,0,21.0,84
2023-10-29,SKU_0158,82,153,21.0,84
2023-11-05,SKU_0158,70,128,21.0,84
2023-11-12,SKU_0158,186,0,21.0,84
2023-11-19,SKU_0158,152,0,21.0,84
2023-11-26,SKU_0158,143,0,21.0,84
2023-12-03,SKU_0158,140,0,21.0,84
2023-12-10,SKU_0158,113,0,21.0,84
2023-12-17,SKU_0158,109,0,21.0,84
2023-12-24,SKU_0158,89,0,21.0,84
2023-12-31,SKU_0158,278,0,21.0,84
2024-01-07,SKU_0158,261,0,21.0,84
2024-01-14,SKU_0158,187,0,21.0,84
2024-01-21,SKU_0158,148,0,21.0,84
2024-01-28,SKU_0158,105,0,21.0,84
2024-02-04,SKU_0158,88,0,21.0,84
2024-02-11,SKU_0158,71,141,21.0,84
2024-02-18,SKU_0158,185,0,21.0,84
2024-02-25,SKU_0158,154,0,21.0,84
2024-03-03,SKU_0158,129,0,21.0,84
2024-03-10,SKU_0158,91,0,21.0,84
2024-03-17,SKU_0158,88,0,21.0,84
2024-03-24,SKU_0158,73,149,21.0,84
2024-03-31,SKU_0158,154,0,21.0,84
2024-04-07,SKU_0158,132,0,21.0,84
2024-04-14,SKU_0158,101,0,21.0,84
2024-04-21,SKU_0158,95,0,21.0,84
2024-04-28,SKU_0158,94,0,21.0,84
2024-05-05,SKU_0158,68,91,21.0,84
2024-05-12,SKU_0158,240,0,21.0,84
2024-05-19,SKU_0158,240,0,21.0,84
2024-05-26,SKU_0158,239,0,21.0,84
2024-06-02,SKU_0158,232,0,21.0,84
2024-06-09,SKU_0158,226,0,21.0,84
2024-06-16,SKU_0158,207,0,21.0,84
2024-06-23,SKU_0158,206,0,21.0,84
2024-06-30,SKU_0158,147,0,21.0,84
2024-07-07,SKU_0158,125,0,21.0,84
2024-07-14,SKU_0158,88,0,21.0,84
2024-07-21,SKU_0158,131,0,21.0,84
2024-07-28,SKU_0158,121,0,21.0,84
2024-08-04,SKU_0158,118,0,21.0,84
2024-08-11,SKU_0158,99,0,21.0,84
2024-08-18,SKU_0158,90,0,21.0,84
2024-08-25,SKU_0158,84,0,21.0,84
2024-09-01,SKU_0158,64,161,21.0,84
2024-09-08,SKU_0158,54,133,21.0,84
2024-09-15,SKU_0158,49,88,21.0,84
2024-09-22,SKU_0158,125,0,21.0,84
2024-09-29,SKU_0158,89,0,21.0,84
2024-10-06,SKU_0158,88,0,21.0,84
2024-10-13,SKU_0158,235,0,21.0,84
2024-10-20,SKU_0158,197,0,21.0,84
2024-10-27,SKU_0158,168,0,21.0,84
2024-11-03,SKU_0158,155,0,21.0,84
2024-11-10,SKU_0158,149,0,21.0,84
2024-11-17,SKU_0158,142,0,21.0,84
2024-11-24,SKU_0158,127,0,21.0,84
2024-12-01,SKU_0158,105,0,21.0,84
2024-12-08,SKU_0158,98,0,21.0,84
2024-12-15,SKU_0158,90,0,21.0,84
2024-12-22,SKU_0158,213,0,21.0,84
2024-12-29,SKU_0158,181,0,21.0,84
2023-01-01,SKU_0159,159,0,7.0,87
2023-01-08,SKU_0159,116,0,7.0,87
2023-01-15,SKU_0159,105,0,7.0,87
2023-01-22,SKU_0159,103,0,7.0,87
2023-01-29,SKU_0159,81,164,7.0,87
2023-02-05,SKU_0159,60,197,7.0,87
2023-02-12,SKU_0159,51,88,7.0,87
2023-02-19,SKU_0159,165,0,7.0,87
2023-02-26,SKU_0159,147,0,7.0,87
2023-03-05,SKU_0159,120,0,7.0,87
2023-03-12,SKU_0159,99,0,7.0,87
2023-03-19,SKU_0159,91,0,7.0,87
2023-03-26,SKU_0159,225,0,7.0,87
2023-04-02,SKU_0159,216,0,7.0,87
2023-04-09,SKU_0159,208,0,7.0,87
2023-04-16,SKU_0159,179,0,7.0,87
2023-04-23,SKU_0159,130,0,7.0,87
2023-04-30,SKU_0159,108,0,7.0,87
2023-05-07,SKU_0159,93,0,7.0,87
2023-05-14,SKU_0159,215,0,7.0,87
2023-05-21,SKU_0159,163,0,7.0,87
2023-05-28,SKU_0159,143,0,7.0,87
2023-06-04,SKU_0159,129,0,7.0,87
2023-06-11,SKU_0159,96,0,7.0,87
2023-06-18,SKU_0159,88,0,7.0,87
2023-06-25,SKU_0159,88,0,7.0,87
2023-07-02,SKU_0159,134,0,7.0,87
2023-07-09,SKU_0159,133,0,7.0,87
2023-07-16,SKU_0159,114,0,7.0,87
2023-07-23,SKU_0159,99,0,7.0,87
2023-07-30,SKU_0159,87,0,7.0,87
2023-08-06,SKU_0159,61,155,7.0,87
2023-08-13,SKU_0159,51,133,7.0,87
2023-08-20,SKU_0159,48,132,7.0,87
2023-08-27,SKU_0159,39,88,7.0,87
2023-09-03,SKU_0159,88,0,7.0,87
2023-09-10,SKU_0159,83,175,7.0,87
2023-09-17,SKU_0159,144,0,7.0,87
2023-09-24,SKU_0159,117,0,7.0,87
2023-10-01,SKU_0159,86,184,7.0,87
2023-10-08,SKU_0159,71,168,7.0,87
2023-10-15,SKU_0159,66,91,7.0,87
2023-10-22,SKU_0159,239,0,7.0,87
2023-10-29,SKU_0159,202,0,7.0,87
2023-11-05,SKU_0159,163,0,7.0,87
2023-11-12,SKU_0159,162,0,7.0,87
2023-11-19,SKU_0159,162,0,7.0,87
2023-11-26,SKU_0159,135,0,7.0,87
2023-12-03,SKU_0159,111,0,7.0,87
2023-12-10,SKU_0159,97,0,7.0,87
2023-12-17,SKU_0159,91,0,7.0,87
2023-12-24,SKU_0159,266,0,7.0,87
2023-12-31,SKU_0159,214,0,7.0,87
2024-01-07,SKU_0159,160,0,7.0,87
2024-01-14,SKU_0159,134,0,7.0,87
2024-01-21,SKU_0159,107,0,7.0,87
2024-01-28,SKU_0159,80,149,7.0,87
2024-02-04,SKU_0159,67,142,7.0,87
2024-02-11,SKU_0159,58,98,7.0,87
2024-02-18,SKU_0159,236,0,7.0,87
2024-02-25,SKU_0159,211,0,7.0,87
2024-03-03,SKU_0159,181,0,7.0,87
2024-03-10,SKU_0159,178,0,7.0,87
2024-03-17,SKU_0159,154,0,7.0,87
2024-03-24,SKU_0159,110,0,7.0,87
2024-03-31,SKU_0159,247,0,7.0,87
2024-04-07,SKU_0159,236,0,7.0,87
2024-04-14,SKU_0159,179,0,7.0,87
2024-04-21,SKU_0159,164,0,7.0,87
2024-04-28,SKU_0159,147,0,7.0,87
2024-05-05,SKU_0159,128,0,7.0,87
2024-05-12,SKU_0159,123,0,7.0,87
2024-05-19,SKU_0159,115,0,7.0,87
2024-05-26,SKU_0159,93,0,7.0,87
2024-06-02,SKU_0159,81,115,7.0,87
2024-06-09,SKU_0159,81,190,7.0,87
2024-06-16,SKU_0159,137,0,7.0,87
2024-06-23,SKU_0159,120,0,7.0,87
2024-06-30,SKU_0159,87,0,7.0,87
2024-07-07,SKU_0159,80,72,7.0,87
2024-07-14,SKU_0159,61,150,7.0,87
2024-07-21,SKU_0159,52,137,7.0,87
2024-07-28,SKU_0159,168,0,7.0,87
2024-08-04,SKU_0159,165,0,7.0,87
2024-08-11,SKU_0159,136,0,7.0,87
2024-08-18,SKU_0159,114,0,7.0,87
2024-08-25,SKU_0159,106,0,7.0,87
2024-09-01,SKU_0159,261,0,7.0,87
2024-09-08,SKU_0159,256,0,7.0,87
2024-09-15,SKU_0159,211,0,7.0,87
2024-09-22,SKU_0159,190,0,7.0,87
2024-09-29,SKU_0159,152,0,7.0,87
2024-10-06,SKU_0159,134,0,7.0,87
2024-10-13,SKU_0159,133,0,7.0,87
2024-10-20,SKU_0159,103,0,7.0,87
2024-10-27,SKU_0159,203,0,7.0,87
2024-11-03,SKU_0159,154,0,7.0,87
2024-11-10,SKU_0159,112,0,7.0,87
2024-11-17,SKU_0159,108,0,7.0,87
2024-11-24,SKU_0159,134,0,7.0,87
2024-12-01,SKU_0159,124,0,7.0,87
2024-12-08,SKU_0159,110,0,7.0,87
2024-12-15,SKU_0159,101,0,7.0,87
2024-12-22,SKU_0159,221,0,7.0,87
2024-12-29,SKU_0159,221,0,7.0,87
2023-01-01,SKU_0160,183,0,7.0,66
2023-01-08,SKU_0160,135,0,7.0,66
2023-01-15,SKU_0160,126,0,7.0,66
2023-01-22,SKU_0160,108,0,7.0,66
2023-01-29,SKU_0160,79,0,7.0,66
2023-02-05,SKU_0160,79,0,7.0,66
2023-02-12,SKU_0160,68,0,7.0,66
2023-02-19,SKU_0160,65,62,7.0,66
2023-02-26,SKU_0160,170,0,7.0,66
2023-03-05,SKU_0160,122,0,7.0,66
2023-03-12,SKU_0160,122,0,7.0,66
2023-03-19,SKU_0160,107,0,7.0,66
2023-03-26,SKU_0160,76,0,7.0,66
2023-04-02,SKU_0160,215,0,7.0,66
2023-04-09,SKU_0160,192,0,7.0,66
2023-04-16,SKU_0160,172,0,7.0,66
2023-04-23,SKU_0160,156,0,7.0,66
2023-04-30,SKU_0160,137,0,7.0,66
2023-05-07,SKU_0160,117,0,7.0,66
2023-05-14,SKU_0160,96,0,7.0,66
2023-05-21,SKU_0160,74,0,7.0,66
2023-05-28,SKU_0160,133,0,7.0,66
2023-06-04,SKU_0160,130,0,7.0,66
2023-06-11,SKU_0160,128,0,7.0,66
2023-06-18,SKU_0160,94,0,7.0,66
2023-06-25,SKU_0160,85,0,7.0,66
2023-07-02,SKU_0160,61,176,7.0,66
2023-07-09,SKU_0160,54,182,7.0,66
2023-07-16,SKU_0160,236,0,7.0,66
2023-07-23,SKU_0160,185,0,7.0,66
2023-07-30,SKU_0160,141,0,7.0,66
2023-08-06,SKU_0160,100,0,7.0,66
2023-08-13,SKU_0160,75,0,7.0,66
2023-08-20,SKU_0160,64,62,7.0,66
2023-08-27,SKU_0160,111,0,7.0,66
2023-09-03,SKU_0160,78,0,7.0,66
2023-09-10,SKU_0160,157,0,7.0,66
2023-09-17,SKU_0160,153,0,7.0,66
2023-09-24,SKU_0160,124,0,7.0,66
2023-10-01,SKU_0160,98,0,7.0,66
2023-10-08,SKU_0160,81,0,7.0,66
2023-10-15,SKU_0160,188,0,7.0,66
2023-10-22,SKU_0160,149,0,7.0,66
2023-10-29,SKU_0160,121,0,7.0,66
2023-11-05,SKU_0160,87,0,7.0,66
2023-11-12,SKU_0160,66,0,7.0,66
2023-11-19,SKU_0160,51,103,7.0,66
2023-11-26,SKU_0160,40,119,7.0,66
2023-12-03,SKU_0160,29,132,7.0,66
2023-12-10,SKU_0160,159,0,7.0,66
2023-12-17,SKU_0160,138,0,7.0,66
2023-12-24,SKU_0160,128,0,7.0,66
2023-12-31,SKU_0160,118,0,7.0,66
2024-01-07,SKU_0160,86,0,7.0,66
2024-01-14,SKU_0160,84,0,7.0,66
2024-01-21,SKU_0160,70,0,7.0,66
2024-01-28,SKU_0160,67,0,7.0,66
2024-02-04,SKU_0160,165,0,7.0,66
2024-02-11,SKU_0160,137,0,7.0,66
2024-02-18,SKU_0160,135,0,7.0,66
2024-02-25,SKU_0160,101,0,7.0,66
2024-03-03,SKU_0160,77,0,7.0,66
2024-03-10,SKU_0160,67,0,7.0,66
2024-03-17,SKU_0160,51,190,7.0,66
2024-03-24,SKU_0160,41,100,7.0,66
2024-03-31,SKU_0160,220,0,7.0,66
2024-04-07,SKU_0160,214,0,7.0,66
2024-04-14,SKU_0160,182,0,7.0,66
2024-04-21,SKU_0160,151,0,7.0,66
2024-04-28,SKU_0160,107,0,7.0,66
2024-05-05,SKU_0160,76,0,7.0,66
2024-05-12,SKU_0160,69,0,7.0,66
2024-05-19,SKU_0160,189,0,7.0,66
2024-05-26,SKU_0160,188,0,7.0,66
2024-06-02,SKU_0160,157,0,7.0,66
2024-06-09,SKU_0160,110,0,7.0,66
2024-06-16,SKU_0160,100,0,7.0,66
2024-06-23,SKU_0160,70,0,7.0,66
2024-06-30,SKU_0160,222,0,7.0,66
2024-07-07,SKU_0160,197,0,7.0,66
2024-07-14,SKU_0160,182,0,7.0,66
2024-07-21,SKU_0160,137,0,7.0,66
2024-07-28,SKU_0160,110,0,7.0,66
2024-08-04,SKU_0160,100,0,7.0,66
2024-08-11,SKU_0160,84,0,7.0,66
2024-08-18,SKU_0160,73,0,7.0,66
2024-08-25,SKU_0160,52,108,7.0,66
2024-09-01,SKU_0160,161,0,7.0,66
2024-09-08,SKU_0160,156,0,7.0,66
2024-09-15,SKU_0160,117,0,7.0,66
2024-09-22,SKU_0160,105,0,7.0,66
2024-09-29,SKU_0160,96,0,7.0,66
2024-10-06,SKU_0160,74,0,7.0,66
2024-10-13,SKU_0160,70,0,7.0,66
2024-10-20,SKU_0160,63,113,7.0,66
2024-10-27,SKU_0160,53,155,7.0,66
2024-11-03,SKU_0160,136,0,7.0,66
2024-11-10,SKU_0160,98,0,7.0,66
2024-11-17,SKU_0160,81,0,7.0,66
2024-11-24,SKU_0160,183,0,7.0,66
2024-12-01,SKU_0160,183,0,7.0,66
2024-12-08,SKU_0160,136,0,7.0,66
2024-12-15,SKU_0160,98,0,7.0,66
2024-12-22,SKU_0160,87,0,7.0,66
2024-12-29,SKU_0160,86,0,7.0,66
2023-01-01,SKU_0161,229,0,28.0,70
2023-01-08,SKU_0161,213,0,28.0,70
2023-01-15,SKU_0161,158,0,28.0,70
2023-01-22,SKU_0161,128,0,28.0,70
2023-01-29,SKU_0161,124,0,28.0,70
2023-02-05,SKU_0161,99,0,28.0,70
2023-02-12,SKU_0161,85,0,28.0,70
2023-02-19,SKU_0161,83,0,28.0,70
2023-02-26,SKU_0161,207,0,28.0,70
2023-03-05,SKU_0161,146,0,28.0,70
2023-03-12,SKU_0161,115,0,28.0,70
2023-03-19,SKU_0161,112,0,28.0,70
2023-03-26,SKU_0161,112,0,28.0,70
2023-04-02,SKU_0161,105,0,28.0,70
2023-04-09,SKU_0161,102,0,28.0,70
2023-04-16,SKU_0161,86,0,28.0,70
2023-04-23,SKU_0161,148,0,28.0,70
2023-04-30,SKU_0161,128,0,28.0,70
2023-05-07,SKU_0161,93,0,28.0,70
2023-05-14,SKU_0161,83,0,28.0,70
2023-05-21,SKU_0161,64,137,28.0,70
2023-05-28,SKU_0161,45,98,28.0,70
2023-06-04,SKU_0161,181,0,28.0,70
2023-06-11,SKU_0161,149,0,28.0,70
2023-06-18,SKU_0161,143,0,28.0,70
2023-06-25,SKU_0161,110,0,28.0,70
2023-07-02,SKU_0161,107,0,28.0,70
2023-07-09,SKU_0161,88,0,28.0,70
2023-07-16,SKU_0161,77,0,28.0,70
2023-07-23,SKU_0161,77,0,28.0,70
2023-07-30,SKU_0161,66,131,28.0,70
2023-08-06,SKU_0161,64,147,28.0,70
2023-08-13,SKU_0161,110,0,28.0,70
2023-08-20,SKU_0161,95,0,28.0,70
2023-08-27,SKU_0161,75,0,28.0,70
2023-09-03,SKU_0161,69,69,28.0,70
2023-09-10,SKU_0161,155,0,28.0,70
2023-09-17,SKU_0161,138,0,28.0,70
2023-09-24,SKU_0161,98,0,28.0,70
2023-10-01,SKU_0161,78,0,28.0,70
2023-10-08,SKU_0161,77,0,28.0,70
2023-10-15,SKU_0161,67,196,28.0,70
2023-10-22,SKU_0161,67,134,28.0,70
2023-10-29,SKU_0161,108,0,28.0,70
2023-11-05,SKU_0161,104,0,28.0,70
2023-11-12,SKU_0161,97,0,28.0,70
2023-11-19,SKU_0161,96,0,28.0,70
2023-11-26,SKU_0161,74,0,28.0,70
2023-12-03,SKU_0161,66,76,28.0,70
2023-12-10,SKU_0161,129,0,28.0,70
2023-12-17,SKU_0161,129,0,28.0,70
2023-12-24,SKU_0161,118,0,28.0,70
2023-12-31,SKU_0161,95,0,28.0,70
2024-01-07,SKU_0161,158,0,28.0,70
2024-01-14,SKU_0161,135,0,28.0,70
2024-01-21,SKU_0161,113,0,28.0,70
2024-01-28,SKU_0161,85,0,28.0,70
2024-02-04,SKU_0161,80,0,28.0,70
2024-02-11,SKU_0161,77,0,28.0,70
2024-02-18,SKU_0161,64,191,28.0,70
2024-02-25,SKU_0161,47,127,28.0,70
2024-03-03,SKU_0161,150,0,28.0,70
2024-03-10,SKU_0161,128,0,28.0,70
2024-03-17,SKU_0161,93,0,28.0,70
2024-03-24,SKU_0161,86,0,28.0,70
2024-03-31,SKU_0161,75,0,28.0,70
2024-04-07,SKU_0161,156,0,28.0,70
2024-04-14,SKU_0161,147,0,28.0,70
2024-04-21,SKU_0161,132,0,28.0,70
2024-04-28,SKU_0161,116,0,28.0,70
2024-05-05,SKU_0161,88,0,28.0,70
2024-05-12,SKU_0161,78,0,28.0,70
2024-05-19,SKU_0161,76,0,28.0,70
2024-05-26,SKU_0161,65,181,28.0,70
2024-06-02,SKU_0161,59,115,28.0,70
2024-06-09,SKU_0161,52,171,28.0,70
2024-06-16,SKU_0161,119,0,28.0,70
2024-06-23,SKU_0161,98,0,28.0,70
2024-06-30,SKU_0161,72,0,28.0,70
2024-07-07,SKU_0161,115,0,28.0,70
2024-07-14,SKU_0161,85,0,28.0,70
2024-07-21,SKU_0161,218,0,28.0,70
2024-07-28,SKU_0161,196,0,28.0,70
2024-08-04,SKU_0161,138,0,28.0,70
2024-08-11,SKU_0161,114,0,28.0,70
2024-08-18,SKU_0161,108,0,28.0,70
2024-08-25,SKU_0161,88,0,28.0,70
2024-09-01,SKU_0161,76,0,28.0,70
2024-09-08,SKU_0161,73,0,28.0,70
2024-09-15,SKU_0161,57,127,28.0,70
2024-09-22,SKU_0161,213,0,28.0,70
2024-09-29,SKU_0161,160,0,28.0,70
2024-10-06,SKU_0161,141,0,28.0,70
2024-10-13,SKU_0161,125,0,28.0,70
2024-10-20,SKU_0161,109,0,28.0,70
2024-10-27,SKU_0161,106,0,28.0,70
2024-11-03,SKU_0161,84,0,28.0,70
2024-11-10,SKU_0161,74,0,28.0,70
2024-11-17,SKU_0161,74,0,28.0,70
2024-11-24,SKU_0161,73,0,28.0,70
2024-12-01,SKU_0161,107,0,28.0,70
2024-12-08,SKU_0161,89,0,28.0,70
2024-12-15,SKU_0161,77,0,28.0,70
2024-12-22,SKU_0161,74,0,28.0,70
2024-12-29,SKU_0161,228,0,28.0,70
2023-01-01,SKU_0162,263,0,21.0,72
2023-01-08,SKU_0162,250,0,21.0,72
2023-01-15,SKU_0162,247,0,21.0,72
2023-01-22,SKU_0162,227,0,21.0,72
2023-01-29,SKU_0162,223,0,21.0,72
2023-02-05,SKU_0162,193,0,21.0,72
2023-02-12,SKU_0162,193,0,21.0,72
2023-02-19,SKU_0162,172,0,21.0,72
2023-02-26,SKU_0162,153,0,21.0,72
2023-03-05,SKU_0162,150,0,21.0,72
2023-03-12,SKU_0162,134,0,21.0,72
2023-03-19,SKU_0162,96,0,21.0,72
2023-03-26,SKU_0162,91,0,21.0,72
2023-04-02,SKU_0162,75,0,21.0,72
2023-04-09,SKU_0162,53,141,21.0,72
2023-04-16,SKU_0162,200,0,21.0,72
2023-04-23,SKU_0162,187,0,21.0,72
2023-04-30,SKU_0162,180,0,21.0,72
2023-05-07,SKU_0162,158,0,21.0,72
2023-05-14,SKU_0162,112,0,21.0,72
2023-05-21,SKU_0162,82,0,21.0,72
2023-05-28,SKU_0162,67,169,21.0,72
2023-06-04,SKU_0162,129,0,21.0,72
2023-06-11,SKU_0162,127,0,21.0,72
2023-06-18,SKU_0162,106,0,21.0,72
2023-06-25,SKU_0162,83,0,21.0,72
2023-07-02,SKU_0162,73,0,21.0,72
2023-07-09,SKU_0162,61,121,21.0,72
2023-07-16,SKU_0162,48,86,21.0,72
2023-07-23,SKU_0162,163,0,21.0,72
2023-07-30,SKU_0162,154,0,21.0,72
2023-08-06,SKU_0162,153,0,21.0,72
2023-08-13,SKU_0162,143,0,21.0,72
2023-08-20,SKU_0162,106,0,21.0,72
2023-08-27,SKU_0162,92,0,21.0,72
2023-09-03,SKU_0162,86,0,21.0,72
2023-09-10,SKU_0162,163,0,21.0,72
2023-09-17,SKU_0162,151,0,21.0,72
2023-09-24,SKU_0162,108,0,21.0,72
2023-10-01,SKU_0162,84,0,21.0,72
2023-10-08,SKU_0162,78,0,21.0,72
2023-10-15,SKU_0162,76,0,21.0,72
2023-10-22,SKU_0162,232,0,21.0,72
2023-10-29,SKU_0162,221,0,21.0,72
2023-11-05,SKU_0162,200,0,21.0,72
2023-11-12,SKU_0162,175,0,21.0,72
2023-11-19,SKU_0162,153,0,21.0,72
2023-11-26,SKU_0162,117,0,21.0,72
2023-12-03,SKU_0162,99,0,21.0,72
2023-12-10,SKU_0162,75,0,21.0,72
2023-12-17,SKU_0162,53,149,21.0,72
2023-12-24,SKU_0162,45,141,21.0,72
2023-12-31,SKU_0162,118,0,21.0,72
2024-01-07,SKU_0162,118,0,21.0,72
2024-01-14,SKU_0162,99,0,21.0,72
2024-01-21,SKU_0162,81,0,21.0,72
2024-01-28,SKU_0162,188,0,21.0,72
2024-02-04,SKU_0162,166,0,21.0,72
2024-02-11,SKU_0162,131,0,21.0,72
2024-02-18,SKU_0162,106,0,21.0,72
2024-02-25,SKU_0162,88,0,21.0,72
2024-03-03,SKU_0162,71,136,21.0,72
2024-03-10,SKU_0162,111,0,21.0,72
2024-03-17,SKU_0162,105,0,21.0,72
2024-03-24,SKU_0162,103,0,21.0,72
2024-03-31,SKU_0162,103,0,21.0,72
2024-04-07,SKU_0162,102,0,21.0,72
2024-04-14,SKU_0162,74,0,21.0,72
2024-04-21,SKU_0162,72,0,21.0,72
2024-04-28,SKU_0162,64,146,21.0,72
2024-05-05,SKU_0162,184,0,21.0,72
2024-05-12,SKU_0162,132,0,21.0,72
2024-05-19,SKU_0162,124,0,21.0,72
2024-05-26,SKU_0162,103,0,21.0,72
2024-06-02,SKU_0162,76,0,21.0,72
2024-06-09,SKU_0162,58,198,21.0,72
2024-06-16,SKU_0162,121,0,21.0,72
2024-06-23,SKU_0162,107,0,21.0,72
2024-06-30,SKU_0162,97,0,21.0,72
2024-07-07,SKU_0162,94,0,21.0,72
2024-07-14,SKU_0162,72,0,21.0,72
2024-07-21,SKU_0162,72,0,21.0,72
2024-07-28,SKU_0162,237,0,21.0,72
2024-08-04,SKU_0162,192,0,21.0,72
2024-08-11,SKU_0162,151,0,21.0,72
2024-08-18,SKU_0162,149,0,21.0,72
2024-08-25,SKU_0162,134,0,21.0,72
2024-09-01,SKU_0162,97,0,21.0,72
2024-09-08,SKU_0162,73,0,21.0,72
2024-09-15,SKU_0162,188,0,21.0,72
2024-09-22,SKU_0162,169,0,21.0,72
2024-09-29,SKU_0162,119,0,21.0,72
2024-10-06,SKU_0162,105,0,21.0,72
2024-10-13,SKU_0162,92,0,21.0,72
2024-10-20,SKU_0162,67,152,21.0,72
2024-10-27,SKU_0162,186,0,21.0,72
2024-11-03,SKU_0162,156,0,21.0,72
2024-11-10,SKU_0162,147,0,21.0,72
2024-11-17,SKU_0162,117,0,21.0,72
2024-11-24,SKU_0162,111,0,21.0,72
2024-12-01,SKU_0162,108,0,21.0,72
2024-12-08,SKU_0162,84,0,21.0,72
2024-12-15,SKU_0162,81,0,21.0,72
2024-12-22,SKU_0162,66,142,21.0,72
2024-12-29,SKU_0162,215,0,21.0,72
2023-01-01,SKU_0163,249,0,28.0,30
2023-01-08,SKU_0163,183,0,28.0,30
2023-01-15,SKU_0163,158,0,28.0,30
2023-01-22,SKU_0163,145,0,28.0,30
2023-01-29,SKU_0163,117,0,28.0,30
2023-02-05,SKU_0163,111,0,28.0,30
2023-02-12,SKU_0163,97,0,28.0,30
2023-02-19,SKU_0163,70,0,28.0,30
2023-02-26,SKU_0163,63,0,28.0,30
2023-03-05,SKU_0163,48,0,28.0,30
2023-03-12,SKU_0163,45,0,28.0,30
2023-03-19,SKU_0163,44,0,28.0,30
2023-03-26,SKU_0163,40,0,28.0,30
2023-04-02,SKU_0163,32,0,28.0,30
2023-04-09,SKU_0163,27,87,28.0,30
2023-04-16,SKU_0163,222,0,28.0,30
2023-04-23,SKU_0163,204,0,28.0,30
2023-04-30,SKU_0163,145,0,28.0,30
2023-05-07,SKU_0163,119,0,28.0,30
2023-05-14,SKU_0163,94,0,28.0,30
2023-05-21,SKU_0163,83,0,28.0,30
2023-05-28,SKU_0163,74,0,28.0,30
2023-06-04,SKU_0163,65,0,28.0,30
2023-06-11,SKU_0163,63,0,28.0,30
2023-06-18,SKU_0163,57,0,28.0,30
2023-06-25,SKU_0163,48,0,28.0,30
2023-07-02,SKU_0163,41,0,28.0,30
2023-07-09,SKU_0163,37,0,28.0,30
2023-07-16,SKU_0163,35,0,28.0,30
2023-07-23,SKU_0163,32,0,28.0,30
2023-07-30,SKU_0163,32,0,28.0,30
2023-08-06,SKU_0163,30,0,28.0,30
2023-08-13,SKU_0163,30,0,28.0,30
2023-08-20,SKU_0163,25,123,28.0,30
2023-08-27,SKU_0163,25,144,28.0,30
2023-09-03,SKU_0163,195,0,28.0,30
2023-09-10,SKU_0163,150,0,28.0,30
2023-09-17,SKU_0163,111,0,28.0,30
2023-09-24,SKU_0163,90,0,28.0,30
2023-10-01,SKU_0163,79,0,28.0,30
2023-10-08,SKU_0163,75,0,28.0,30
2023-10-15,SKU_0163,53,0,28.0,30
2023-10-22,SKU_0163,53,0,28.0,30
2023-10-29,SKU_0163,51,0,28.0,30
2023-11-05,SKU_0163,43,0,28.0,30
2023-11-12,SKU_0163,41,0,28.0,30
2023-11-19,SKU_0163,84,0,28.0,30
2023-11-26,SKU_0163,72,0,28.0,30
2023-12-03,SKU_0163,56,0,28.0,30
2023-12-10,SKU_0163,42,0,28.0,30
2023-12-17,SKU_0163,40,0,28.0,30
2023-12-24,SKU_0163,28,188,28.0,30
2023-12-31,SKU_0163,110,0,28.0,30
2024-01-07,SKU_0163,100,0,28.0,30
2024-01-14,SKU_0163,81,0,28.0,30
2024-01-21,SKU_0163,73,0,28.0,30
2024-01-28,SKU_0163,52,0,28.0,30
2024-02-04,SKU_0163,41,0,28.0,30
2024-02-11,SKU_0163,98,0,28.0,30
2024-02-18,SKU_0163,90,0,28.0,30
2024-02-25,SKU_0163,66,0,28.0,30
2024-03-03,SKU_0163,63,0,28.0,30
2024-03-10,SKU_0163,57,0,28.0,30
2024-03-17,SKU_0163,48,0,28.0,30
2024-03-24,SKU_0163,42,0,28.0,30
2024-03-31,SKU_0163,39,0,28.0,30
2024-04-07,SKU_0163,39,0,28.0,30
2024-04-14,SKU_0163,31,0,28.0,30
2024-04-21,SKU_0163,171,0,28.0,30
2024-04-28,SKU_0163,143,0,28.0,30
2024-05-05,SKU_0163,109,0,28.0,30
2024-05-12,SKU_0163,108,0,28.0,30
2024-05-19,SKU_0163,91,0,28.0,30
2024-05-26,SKU_0163,91,0,28.0,30
2024-06-02,SKU_0163,68,0,28.0,30
2024-06-09,SKU_0163,67,0,28.0,30
2024-06-16,SKU_0163,56,0,28.0,30
2024-06-23,SKU_0163,48,0,28.0,30
2024-06-30,SKU_0163,41,0,28.0,30
2024-07-07,SKU_0163,39,0,28.0,30
2024-07-14,SKU_0163,38,0,28.0,30
2024-07-21,SKU_0163,31,0,28.0,30
2024-07-28,SKU_0163,113,0,28.0,30
2024-08-04,SKU_0163,106,0,28.0,30
2024-08-11,SKU_0163,76,0,28.0,30
2024-08-18,SKU_0163,74,0,28.0,30
2024-08-25,SKU_0163,56,0,28.0,30
2024-09-01,SKU_0163,50,0,28.0,30
2024-09-08,SKU_0163,43,0,28.0,30
2024-09-15,SKU_0163,41,0,28.0,30
2024-09-22,SKU_0163,34,0,28.0,30
2024-09-29,SKU_0163,28,72,28.0,30
2024-10-06,SKU_0163,27,90,28.0,30
2024-10-13,SKU_0163,150,0,28.0,30
2024-10-20,SKU_0163,150,0,28.0,30
2024-10-27,SKU_0163,132,0,28.0,30
2024-11-03,SKU_0163,124,0,28.0,30
2024-11-10,SKU_0163,92,0,28.0,30
2024-11-17,SKU_0163,73,0,28.0,30
2024-11-24,SKU_0163,68,0,28.0,30
2024-12-01,SKU_0163,54,0,28.0,30
2024-12-08,SKU_0163,41,0,28.0,30
2024-12-15,SKU_0163,37,0,28.0,30
2024-12-22,SKU_0163,32,0,28.0,30
2024-12-29,SKU_0163,27,130,28.0,30
2023-01-01,SKU_0164,389,0,7.0,98
2023-01-08,SKU_0164,324,0,7.0,98
2023-01-15,SKU_0164,308,0,7.0,98
2023-01-22,SKU_0164,246,0,7.0,98
2023-01-29,SKU_0164,177,0,7.0,98
2023-02-05,SKU_0164,154,0,7.0,98
2023-02-12,SKU_0164,145,0,7.0,98
2023-02-19,SKU_0164,112,0,7.0,98
2023-02-26,SKU_0164,192,0,7.0,98
2023-03-05,SKU_0164,157,0,7.0,98
2023-03-12,SKU_0164,149,0,7.0,98
2023-03-19,SKU_0164,134,0,7.0,98
2023-03-26,SKU_0164,102,0,7.0,98
2023-04-02,SKU_0164,79,158,7.0,98
2023-04-09,SKU_0164,153,0,7.0,98
2023-04-16,SKU_0164,134,0,7.0,98
2023-04-23,SKU_0164,103,0,7.0,98
2023-04-30,SKU_0164,260,0,7.0,98
2023-05-07,SKU_0164,214,0,7.0,98
2023-05-14,SKU_0164,186,0,7.0,98
2023-05-21,SKU_0164,174,0,7.0,98
2023-05-28,SKU_0164,143,0,7.0,98
2023-06-04,SKU_0164,135,0,7.0,98
2023-06-11,SKU_0164,109,0,7.0,98
2023-06-18,SKU_0164,231,0,7.0,98
2023-06-25,SKU_0164,181,0,7.0,98
2023-07-02,SKU_0164,134,0,7.0,98
2023-07-09,SKU_0164,112,0,7.0,98
2023-07-16,SKU_0164,95,135,7.0,98
2023-07-23,SKU_0164,82,145,7.0,98
2023-07-30,SKU_0164,142,0,7.0,98
2023-08-06,SKU_0164,114,0,7.0,98
2023-08-13,SKU_0164,183,0,7.0,98
2023-08-20,SKU_0164,176,0,7.0,98
2023-08-27,SKU_0164,148,0,7.0,98
2023-09-03,SKU_0164,119,0,7.0,98
2023-09-10,SKU_0164,225,0,7.0,98
2023-09-17,SKU_0164,187,0,7.0,98
2023-09-24,SKU_0164,135,0,7.0,98
2023-10-01,SKU_0164,98,0,7.0,98
2023-10-08,SKU_0164,69,172,7.0,98
2023-10-15,SKU_0164,62,54,7.0,98
2023-10-22,SKU_0164,47,121,7.0,98
2023-10-29,SKU_0164,37,81,7.0,98
2023-11-05,SKU_0164,194,0,7.0,98
2023-11-12,SKU_0164,157,0,7.0,98
2023-11-19,SKU_0164,116,0,7.0,98
2023-11-26,SKU_0164,98,0,7.0,98
2023-12-03,SKU_0164,84,172,7.0,98
2023-12-10,SKU_0164,136,0,7.0,98
2023-12-17,SKU_0164,105,0,7.0,98
2023-12-24,SKU_0164,105,0,7.0,98
2023-12-31,SKU_0164,98,0,7.0,98
2024-01-07,SKU_0164,71,117,7.0,98
2024-01-14,SKU_0164,165,0,7.0,98
2024-01-21,SKU_0164,150,0,7.0,98
2024-01-28,SKU_0164,142,0,7.0,98
2024-02-04,SKU_0164,132,0,7.0,98
2024-02-11,SKU_0164,103,0,7.0,98
2024-02-18,SKU_0164,74,141,7.0,98
2024-02-25,SKU_0164,115,0,7.0,98
2024-03-03,SKU_0164,84,195,7.0,98
2024-03-10,SKU_0164,65,66,7.0,98
2024-03-17,SKU_0164,52,79,7.0,98
2024-03-24,SKU_0164,46,162,7.0,98
2024-03-31,SKU_0164,38,195,7.0,98
2024-04-07,SKU_0164,132,0,7.0,98
2024-04-14,SKU_0164,130,0,7.0,98
2024-04-21,SKU_0164,102,0,7.0,98
2024-04-28,SKU_0164,98,0,7.0,98
2024-05-05,SKU_0164,80,191,7.0,98
2024-05-12,SKU_0164,77,160,7.0,98
2024-05-19,SKU_0164,73,54,7.0,98
2024-05-26,SKU_0164,188,0,7.0,98
2024-06-02,SKU_0164,155,0,7.0,98
2024-06-09,SKU_0164,153,0,7.0,98
2024-06-16,SKU_0164,111,0,7.0,98
2024-06-23,SKU_0164,239,0,7.0,98
2024-06-30,SKU_0164,193,0,7.0,98
2024-07-07,SKU_0164,190,0,7.0,98
2024-07-14,SKU_0164,144,0,7.0,98
2024-07-21,SKU_0164,120,0,7.0,98
2024-07-28,SKU_0164,183,0,7.0,98
2024-08-04,SKU_0164,174,0,7.0,98
2024-08-11,SKU_0164,170,0,7.0,98
2024-08-18,SKU_0164,122,0,7.0,98
2024-08-25,SKU_0164,109,0,7.0,98
2024-09-01,SKU_0164,163,0,7.0,98
2024-09-08,SKU_0164,122,0,7.0,98
2024-09-15,SKU_0164,103,0,7.0,98
2024-09-22,SKU_0164,172,0,7.0,98
2024-09-29,SKU_0164,171,0,7.0,98
2024-10-06,SKU_0164,159,0,7.0,98
2024-10-13,SKU_0164,127,0,7.0,98
2024-10-20,SKU_0164,110,0,7.0,98
2024-10-27,SKU_0164,193,0,7.0,98
2024-11-03,SKU_0164,170,0,7.0,98
2024-11-10,SKU_0164,142,0,7.0,98
2024-11-17,SKU_0164,138,0,7.0,98
2024-11-24,SKU_0164,100,0,7.0,98
2024-12-01,SKU_0164,72,170,7.0,98
2024-12-08,SKU_0164,228,0,7.0,98
2024-12-15,SKU_0164,204,0,7.0,98
2024-12-22,SKU_0164,163,0,7.0,98
2024-12-29,SKU_0164,151,0,7.0,98
2023-01-01,SKU_0165,223,0,28.0,39
2023-01-08,SKU_0165,195,0,28.0,39
2023-01-15,SKU_0165,167,0,28.0,39
2023-01-22,SKU_0165,148,0,28.0,39
2023-01-29,SKU_0165,105,0,28.0,39
2023-02-05,SKU_0165,87,0,28.0,39
2023-02-12,SKU_0165,82,0,28.0,39
2023-02-19,SKU_0165,73,0,28.0,39
2023-02-26,SKU_0165,63,0,28.0,39
2023-03-05,SKU_0165,59,0,28.0,39
2023-03-12,SKU_0165,52,0,28.0,39
2023-03-19,SKU_0165,50,0,28.0,39
2023-03-26,SKU_0165,49,0,28.0,39
2023-04-02,SKU_0165,35,132,28.0,39
2023-04-09,SKU_0165,168,0,28.0,39
2023-04-16,SKU_0165,149,0,28.0,39
2023-04-23,SKU_0165,136,0,28.0,39
2023-04-30,SKU_0165,107,0,28.0,39
2023-05-07,SKU_0165,98,0,28.0,39
2023-05-14,SKU_0165,77,0,28.0,39
2023-05-21,SKU_0165,63,0,28.0,39
2023-05-28,SKU_0165,55,0,28.0,39
2023-06-04,SKU_0165,55,0,28.0,39
2023-06-11,SKU_0165,49,0,28.0,39
2023-06-18,SKU_0165,40,0,28.0,39
2023-06-25,SKU_0165,38,194,28.0,39
2023-07-02,SKU_0165,33,98,28.0,39
2023-07-09,SKU_0165,28,140,28.0,39
2023-07-16,SKU_0165,192,0,28.0,39
2023-07-23,SKU_0165,145,0,28.0,39
2023-07-30,SKU_0165,126,0,28.0,39
2023-08-06,SKU_0165,124,0,28.0,39
2023-08-13,SKU_0165,92,0,28.0,39
2023-08-20,SKU_0165,79,0,28.0,39
2023-08-27,SKU_0165,79,0,28.0,39
2023-09-03,SKU_0165,63,0,28.0,39
2023-09-10,SKU_0165,45,0,28.0,39
2023-09-17,SKU_0165,39,0,28.0,39
2023-09-24,SKU_0165,111,0,28.0,39
2023-10-01,SKU_0165,109,0,28.0,39
2023-10-08,SKU_0165,103,0,28.0,39
2023-10-15,SKU_0165,76,0,28.0,39
2023-10-22,SKU_0165,73,0,28.0,39
2023-10-29,SKU_0165,52,0,28.0,39
2023-11-05,SKU_0165,120,0,28.0,39
2023-11-12,SKU_0165,99,0,28.0,39
2023-11-19,SKU_0165,89,0,28.0,39
2023-11-26,SKU_0165,76,0,28.0,39
2023-12-03,SKU_0165,61,0,28.0,39
2023-12-10,SKU_0165,54,0,28.0,39
2023-12-17,SKU_0165,42,0,28.0,39
2023-12-24,SKU_0165,39,0,28.0,39
2023-12-31,SKU_0165,38,103,28.0,39
2024-01-07,SKU_0165,221,0,28.0,39
2024-01-14,SKU_0165,201,0,28.0,39
2024-01-21,SKU_0165,145,0,28.0,39
2024-01-28,SKU_0165,131,0,28.0,39
2024-02-04,SKU_0165,95,0,28.0,39
2024-02-11,SKU_0165,90,0,28.0,39
2024-02-18,SKU_0165,77,0,28.0,39
2024-02-25,SKU_0165,58,0,28.0,39
2024-03-03,SKU_0165,51,0,28.0,39
2024-03-10,SKU_0165,50,0,28.0,39
2024-03-17,SKU_0165,39,0,28.0,39
2024-03-24,SKU_0165,32,129,28.0,39
2024-03-31,SKU_0165,32,91,28.0,39
2024-04-07,SKU_0165,109,0,28.0,39
2024-04-14,SKU_0165,93,0,28.0,39
2024-04-21,SKU_0165,80,0,28.0,39
2024-04-28,SKU_0165,67,0,28.0,39
2024-05-05,SKU_0165,67,0,28.0,39
2024-05-12,SKU_0165,64,0,28.0,39
2024-05-19,SKU_0165,54,0,28.0,39
2024-05-26,SKU_0165,48,0,28.0,39
2024-06-02,SKU_0165,46,0,28.0,39
2024-06-09,SKU_0165,201,0,28.0,39
2024-06-16,SKU_0165,148,0,28.0,39
2024-06-23,SKU_0165,137,0,28.0,39
2024-06-30,SKU_0165,104,0,28.0,39
2024-07-07,SKU_0165,78,0,28.0,39
2024-07-14,SKU_0165,72,0,28.0,39
2024-07-21,SKU_0165,61,0,28.0,39
2024-07-28,SKU_0165,55,0,28.0,39
2024-08-04,SKU_0165,51,0,28.0,39
2024-08-11,SKU_0165,90,0,28.0,39
2024-08-18,SKU_0165,75,0,28.0,39
2024-08-25,SKU_0165,56,0,28.0,39
2024-09-01,SKU_0165,51,0,28.0,39
2024-09-08,SKU_0165,44,0,28.0,39
2024-09-15,SKU_0165,41,0,28.0,39
2024-09-22,SKU_0165,29,76,28.0,39
2024-09-29,SKU_0165,24,143,28.0,39
2024-10-06,SKU_0165,190,0,28.0,39
2024-10-13,SKU_0165,145,0,28.0,39
2024-10-20,SKU_0165,127,0,28.0,39
2024-10-27,SKU_0165,126,0,28.0,39
2024-11-03,SKU_0165,96,0,28.0,39
2024-11-10,SKU_0165,93,0,28.0,39
2024-11-17,SKU_0165,79,0,28.0,39
2024-11-24,SKU_0165,57,0,28.0,39
2024-12-01,SKU_0165,50,0,28.0,39
2024-12-08,SKU_0165,36,60,28.0,39
2024-12-15,SKU_0165,28,101,28.0,39
2024-12-22,SKU_0165,24,80,28.0,39
2024-12-29,SKU_0165,21,76,28.0,39
2023-01-01,SKU_0166,357,0,7.0,24
2023-01-08,SKU_0166,321,0,7.0,24
2023-01-15,SKU_0166,241,0,7.0,24
2023-01-22,SKU_0166,231,0,7.0,24
2023-01-29,SKU_0166,204,0,7.0,24
2023-02-05,SKU_0166,200,0,7.0,24
2023-02-12,SKU_0166,142,0,7.0,24
2023-02-19,SKU_0166,132,0,7.0,24
2023-02-26,SKU_0166,94,0,7.0,24
2023-03-05,SKU_0166,79,0,7.0,24
2023-03-12,SKU_0166,76,0,7.0,24
2023-03-19,SKU_0166,73,0,7.0,24
2023-03-26,SKU_0166,71,0,7.0,24
2023-04-02,SKU_0166,57,0,7.0,24
2023-04-09,SKU_0166,45,0,7.0,24
2023-04-16,SKU_0166,35,0,7.0,24
2023-04-23,SKU_0166,30,0,7.0,24
2023-04-30,SKU_0166,23,114,7.0,24
2023-05-07,SKU_0166,21,111,7.0,24
2023-05-14,SKU_0166,15,170,7.0,24
2023-05-21,SKU_0166,146,0,7.0,24
2023-05-28,SKU_0166,138,0,7.0,24
2023-06-04,SKU_0166,136,0,7.0,24
2023-06-11,SKU_0166,96,0,7.0,24
2023-06-18,SKU_0166,87,0,7.0,24
2023-06-25,SKU_0166,85,0,7.0,24
2023-07-02,SKU_0166,66,0,7.0,24
2023-07-09,SKU_0166,64,0,7.0,24
2023-07-16,SKU_0166,61,0,7.0,24
2023-07-23,SKU_0166,59,0,7.0,24
2023-07-30,SKU_0166,51,0,7.0,24
2023-08-06,SKU_0166,39,0,7.0,24
2023-08-13,SKU_0166,30,0,7.0,24
2023-08-20,SKU_0166,155,0,7.0,24
2023-08-27,SKU_0166,128,0,7.0,24
2023-09-03,SKU_0166,108,0,7.0,24
2023-09-10,SKU_0166,84,0,7.0,24
2023-09-17,SKU_0166,62,0,7.0,24
2023-09-24,SKU_0166,57,0,7.0,24
2023-10-01,SKU_0166,46,0,7.0,24
2023-10-08,SKU_0166,40,0,7.0,24
2023-10-15,SKU_0166,33,0,7.0,24
2023-10-22,SKU_0166,25,0,7.0,24
2023-10-29,SKU_0166,19,111,7.0,24
2023-11-05,SKU_0166,19,119,7.0,24
2023-11-12,SKU_0166,105,0,7.0,24
2023-11-19,SKU_0166,103,0,7.0,24
2023-11-26,SKU_0166,87,0,7.0,24
2023-12-03,SKU_0166,65,0,7.0,24
2023-12-10,SKU_0166,58,0,7.0,24
2023-12-17,SKU_0166,52,0,7.0,24
2023-12-24,SKU_0166,38,0,7.0,24
2023-12-31,SKU_0166,36,0,7.0,24
2024-01-07,SKU_0166,26,0,7.0,24
2024-01-14,SKU_0166,186,0,7.0,24
2024-01-21,SKU_0166,152,0,7.0,24
2024-01-28,SKU_0166,121,0,7.0,24
2024-02-04,SKU_0166,108,0,7.0,24
2024-02-11,SKU_0166,101,0,7.0,24
2024-02-18,SKU_0166,85,0,7.0,24
2024-02-25,SKU_0166,72,0,7.0,24
2024-03-03,SKU_0166,62,0,7.0,24
2024-03-10,SKU_0166,52,0,7.0,24
2024-03-17,SKU_0166,51,0,7.0,24
2024-03-24,SKU_0166,40,0,7.0,24
2024-03-31,SKU_0166,28,0,7.0,24
2024-04-07,SKU_0166,22,189,7.0,24
2024-04-14,SKU_0166,22,126,7.0,24
2024-04-21,SKU_0166,202,0,7.0,24
2024-04-28,SKU_0166,145,0,7.0,24
2024-05-05,SKU_0166,113,0,7.0,24
2024-05-12,SKU_0166,90,0,7.0,24
2024-05-19,SKU_0166,81,0,7.0,24
2024-05-26,SKU_0166,59,0,7.0,24
2024-06-02,SKU_0166,43,0,7.0,24
2024-06-09,SKU_0166,34,0,7.0,24
2024-06-16,SKU_0166,25,0,7.0,24
2024-06-23,SKU_0166,24,0,7.0,24
2024-06-30,SKU_0166,22,79,7.0,24
2024-07-07,SKU_0166,189,0,7.0,24
2024-07-14,SKU_0166,151,0,7.0,24
2024-07-21,SKU_0166,108,0,7.0,24
2024-07-28,SKU_0166,82,0,7.0,24
2024-08-04,SKU_0166,78,0,7.0,24
2024-08-11,SKU_0166,72,0,7.0,24
2024-08-18,SKU_0166,59,0,7.0,24
2024-08-25,SKU_0166,59,0,7.0,24
2024-09-01,SKU_0166,43,0,7.0,24
2024-09-08,SKU_0166,41,0,7.0,24
2024-09-15,SKU_0166,39,0,7.0,24
2024-09-22,SKU_0166,28,0,7.0,24
2024-09-29,SKU_0166,24,0,7.0,24
2024-10-06,SKU_0166,222,0,7.0,24
2024-10-13,SKU_0166,196,0,7.0,24
2024-10-20,SKU_0166,156,0,7.0,24
2024-10-27,SKU_0166,152,0,7.0,24
2024-11-03,SKU_0166,146,0,7.0,24
2024-11-10,SKU_0166,122,0,7.0,24
2024-11-17,SKU_0166,119,0,7.0,24
2024-11-24,SKU_0166,115,0,7.0,24
2024-12-01,SKU_0166,108,0,7.0,24
2024-12-08,SKU_0166,103,0,7.0,24
2024-12-15,SKU_0166,91,0,7.0,24
2024-12-22,SKU_0166,71,0,7.0,24
2024-12-29,SKU_0166,64,0,7.0,24
2023-01-01,SKU_0167,100,0,21.0,91
2023-01-08,SKU_0167,167,0,21.0,91
2023-01-15,SKU_0167,139,0,21.0,91
2023-01-22,SKU_0167,122,0,21.0,91
2023-01-29,SKU_0167,252,0,21.0,91
2023-02-05,SKU_0167,177,0,21.0,91
2023-02-12,SKU_0167,152,0,21.0,91
2023-02-19,SKU_0167,144,0,21.0,91
2023-02-26,SKU_0167,132,0,21.0,91
2023-03-05,SKU_0167,116,0,21.0,91
2023-03-12,SKU_0167,97,0,21.0,91
2023-03-19,SKU_0167,91,0,21.0,91
2023-03-26,SKU_0167,169,0,21.0,91
2023-04-02,SKU_0167,124,0,21.0,91
2023-04-09,SKU_0167,115,0,21.0,91
2023-04-16,SKU_0167,112,0,21.0,91
2023-04-23,SKU_0167,84,94,21.0,91
2023-04-30,SKU_0167,218,0,21.0,91
2023-05-07,SKU_0167,218,0,21.0,91
2023-05-14,SKU_0167,205,0,21.0,91
2023-05-21,SKU_0167,177,0,21.0,91
2023-05-28,SKU_0167,159,0,21.0,91
2023-06-04,SKU_0167,119,0,21.0,91
2023-06-11,SKU_0167,93,0,21.0,91
2023-06-18,SKU_0167,85,96,21.0,91
2023-06-25,SKU_0167,255,0,21.0,91
2023-07-02,SKU_0167,233,0,21.0,91
2023-07-09,SKU_0167,223,0,21.0,91
2023-07-16,SKU_0167,165,0,21.0,91
2023-07-23,SKU_0167,122,0,21.0,91
2023-07-30,SKU_0167,91,0,21.0,91
2023-08-06,SKU_0167,83,84,21.0,91
2023-08-13,SKU_0167,82,162,21.0,91
2023-08-20,SKU_0167,188,0,21.0,91
2023-08-27,SKU_0167,148,0,21.0,91
2023-09-03,SKU_0167,141,0,21.0,91
2023-09-10,SKU_0167,129,0,21.0,91
2023-09-17,SKU_0167,127,0,21.0,91
2023-09-24,SKU_0167,121,0,21.0,91
2023-10-01,SKU_0167,101,0,21.0,91
2023-10-08,SKU_0167,178,0,21.0,91
2023-10-15,SKU_0167,126,0,21.0,91
2023-10-22,SKU_0167,107,0,21.0,91
2023-10-29,SKU_0167,94,0,21.0,91
2023-11-05,SKU_0167,231,0,21.0,91
2023-11-12,SKU_0167,165,0,21.0,91
2023-11-19,SKU_0167,117,0,21.0,91
2023-11-26,SKU_0167,105,0,21.0,91
2023-12-03,SKU_0167,74,131,21.0,91
2023-12-10,SKU_0167,208,0,21.0,91
2023-12-17,SKU_0167,170,0,21.0,91
2023-12-24,SKU_0167,151,0,21.0,91
2023-12-31,SKU_0167,148,0,21.0,91
2024-01-07,SKU_0167,109,0,21.0,91
2024-01-14,SKU_0167,89,97,21.0,91
2024-01-21,SKU_0167,229,0,21.0,91
2024-01-28,SKU_0167,189,0,21.0,91
2024-02-04,SKU_0167,148,0,21.0,91
2024-02-11,SKU_0167,133,0,21.0,91
2024-02-18,SKU_0167,103,0,21.0,91
2024-02-25,SKU_0167,88,163,21.0,91
2024-03-03,SKU_0167,65,155,21.0,91
2024-03-10,SKU_0167,222,0,21.0,91
2024-03-17,SKU_0167,220,0,21.0,91
2024-03-24,SKU_0167,154,0,21.0,91
2024-03-31,SKU_0167,132,0,21.0,91
2024-04-07,SKU_0167,96,0,21.0,91
2024-04-14,SKU_0167,190,0,21.0,91
2024-04-21,SKU_0167,184,0,21.0,91
2024-04-28,SKU_0167,179,0,21.0,91
2024-05-05,SKU_0167,139,0,21.0,91
2024-05-12,SKU_0167,139,0,21.0,91
2024-05-19,SKU_0167,131,0,21.0,91
2024-05-26,SKU_0167,100,0,21.0,91
2024-06-02,SKU_0167,130,0,21.0,91
2024-06-09,SKU_0167,109,0,21.0,91
2024-06-16,SKU_0167,265,0,21.0,91
2024-06-23,SKU_0167,255,0,21.0,91
2024-06-30,SKU_0167,250,0,21.0,91
2024-07-07,SKU_0167,206,0,21.0,91
2024-07-14,SKU_0167,174,0,21.0,91
2024-07-21,SKU_0167,140,0,21.0,91
2024-07-28,SKU_0167,113,0,21.0,91
2024-08-04,SKU_0167,273,0,21.0,91
2024-08-11,SKU_0167,227,0,21.0,91
2024-08-18,SKU_0167,177,0,21.0,91
2024-08-25,SKU_0167,175,0,21.0,91
2024-09-01,SKU_0167,156,0,21.0,91
2024-09-08,SKU_0167,122,0,21.0,91
2024-09-15,SKU_0167,104,0,21.0,91
2024-09-22,SKU_0167,98,0,21.0,91
2024-09-29,SKU_0167,93,0,21.0,91
2024-10-06,SKU_0167,78,130,21.0,91
2024-10-13,SKU_0167,73,61,21.0,91
2024-10-20,SKU_0167,237,0,21.0,91
2024-10-27,SKU_0167,225,0,21.0,91
2024-11-03,SKU_0167,200,0,21.0,91
2024-11-10,SKU_0167,192,0,21.0,91
2024-11-17,SKU_0167,151,0,21.0,91
2024-11-24,SKU_0167,106,0,21.0,91
2024-12-01,SKU_0167,80,104,21.0,91
2024-12-08,SKU_0167,265,0,21.0,91
2024-12-15,SKU_0167,252,0,21.0,91
2024-12-22,SKU_0167,240,0,21.0,91
2024-12-29,SKU_0167,170,0,21.0,91
2023-01-01,SKU_0168,202,0,21.0,26
2023-01-08,SKU_0168,170,0,21.0,26
2023-01-15,SKU_0168,125,0,21.0,26
2023-01-22,SKU_0168,113,0,21.0,26
2023-01-29,SKU_0168,99,0,21.0,26
2023-02-05,SKU_0168,80,0,21.0,26
2023-02-12,SKU_0168,73,0,21.0,26
2023-02-19,SKU_0168,55,0,21.0,26
2023-02-26,SKU_0168,43,0,21.0,26
2023-03-05,SKU_0168,41,0,21.0,26
2023-03-12,SKU_0168,30,0,21.0,26
2023-03-19,SKU_0168,26,0,21.0,26
2023-03-26,SKU_0168,129,0,21.0,26
2023-04-02,SKU_0168,103,0,21.0,26
2023-04-09,SKU_0168,76,0,21.0,26
2023-04-16,SKU_0168,57,0,21.0,26
2023-04-23,SKU_0168,42,0,21.0,26
2023-04-30,SKU_0168,34,0,21.0,26
2023-05-07,SKU_0168,29,0,21.0,26
2023-05-14,SKU_0168,28,0,21.0,26
2023-05-21,SKU_0168,132,0,21.0,26
2023-05-28,SKU_0168,113,0,21.0,26
2023-06-04,SKU_0168,97,0,21.0,26
2023-06-11,SKU_0168,94,0,21.0,26
2023-06-18,SKU_0168,77,0,21.0,26
2023-06-25,SKU_0168,72,0,21.0,26
2023-07-02,SKU_0168,66,0,21.0,26
2023-07-09,SKU_0168,52,0,21.0,26
2023-07-16,SKU_0168,48,0,21.0,26
2023-07-23,SKU_0168,36,0,21.0,26
2023-07-30,SKU_0168,34,0,21.0,26
2023-08-06,SKU_0168,32,0,21.0,26
2023-08-13,SKU_0168,30,0,21.0,26
2023-08-20,SKU_0168,23,196,21.0,26
2023-08-27,SKU_0168,23,59,21.0,26
2023-09-03,SKU_0168,101,0,21.0,26
2023-09-10,SKU_0168,82,0,21.0,26
2023-09-17,SKU_0168,68,0,21.0,26
2023-09-24,SKU_0168,48,0,21.0,26
2023-10-01,SKU_0168,46,0,21.0,26
2023-10-08,SKU_0168,39,0,21.0,26
2023-10-15,SKU_0168,29,0,21.0,26
2023-10-22,SKU_0168,28,0,21.0,26
2023-10-29,SKU_0168,27,0,21.0,26
2023-11-05,SKU_0168,23,102,21.0,26
2023-11-12,SKU_0168,168,0,21.0,26
2023-11-19,SKU_0168,149,0,21.0,26
2023-11-26,SKU_0168,106,0,21.0,26
2023-12-03,SKU_0168,101,0,21.0,26
2023-12-10,SKU_0168,85,0,21.0,26
2023-12-17,SKU_0168,63,0,21.0,26
2023-12-24,SKU_0168,48,0,21.0,26
2023-12-31,SKU_0168,43,0,21.0,26
2024-01-07,SKU_0168,42,0,21.0,26
2024-01-14,SKU_0168,32,0,21.0,26
2024-01-21,SKU_0168,30,0,21.0,26
2024-01-28,SKU_0168,87,0,21.0,26
2024-02-04,SKU_0168,85,0,21.0,26
2024-02-11,SKU_0168,81,0,21.0,26
2024-02-18,SKU_0168,60,0,21.0,26
2024-02-25,SKU_0168,43,0,21.0,26
2024-03-03,SKU_0168,33,0,21.0,26
2024-03-10,SKU_0168,32,0,21.0,26
2024-03-17,SKU_0168,25,182,21.0,26
2024-03-24,SKU_0168,135,0,21.0,26
2024-03-31,SKU_0168,101,0,21.0,26
2024-04-07,SKU_0168,88,0,21.0,26
2024-04-14,SKU_0168,82,0,21.0,26
2024-04-21,SKU_0168,58,0,21.0,26
2024-04-28,SKU_0168,42,0,21.0,26
2024-05-05,SKU_0168,38,0,21.0,26
2024-05-12,SKU_0168,30,0,21.0,26
2024-05-19,SKU_0168,28,0,21.0,26
2024-05-26,SKU_0168,88,0,21.0,26
2024-06-02,SKU_0168,86,0,21.0,26
2024-06-09,SKU_0168,83,0,21.0,26
2024-06-16,SKU_0168,67,0,21.0,26
2024-06-23,SKU_0168,51,0,21.0,26
2024-06-30,SKU_0168,42,0,21.0,26
2024-07-07,SKU_0168,41,0,21.0,26
2024-07-14,SKU_0168,41,0,21.0,26
2024-07-21,SKU_0168,32,0,21.0,26
2024-07-28,SKU_0168,23,62,21.0,26
2024-08-04,SKU_0168,111,0,21.0,26
2024-08-11,SKU_0168,90,0,21.0,26
2024-08-18,SKU_0168,87,0,21.0,26
2024-08-25,SKU_0168,82,0,21.0,26
2024-09-01,SKU_0168,78,0,21.0,26
2024-09-08,SKU_0168,69,0,21.0,26
2024-09-15,SKU_0168,52,0,21.0,26
2024-09-22,SKU_0168,39,0,21.0,26
2024-09-29,SKU_0168,34,0,21.0,26
2024-10-06,SKU_0168,34,0,21.0,26
2024-10-13,SKU_0168,27,0,21.0,26
2024-10-20,SKU_0168,22,85,21.0,26
2024-10-27,SKU_0168,16,195,21.0,26
2024-11-03,SKU_0168,78,0,21.0,26
2024-11-10,SKU_0168,57,0,21.0,26
2024-11-17,SKU_0168,56,0,21.0,26
2024-11-24,SKU_0168,55,0,21.0,26
2024-12-01,SKU_0168,48,0,21.0,26
2024-12-08,SKU_0168,35,0,21.0,26
2024-12-15,SKU_0168,117,0,21.0,26
2024-12-22,SKU_0168,86,0,21.0,26
2024-12-29,SKU_0168,73,0,21.0,26
2023-01-01,SKU_0169,185,0,7.0,73
2023-01-08,SKU_0169,157,0,7.0,73
2023-01-15,SKU_0169,126,0,7.0,73
2023-01-22,SKU_0169,122,0,7.0,73
2023-01-29,SKU_0169,115,0,7.0,73
2023-02-05,SKU_0169,95,0,7.0,73
2023-02-12,SKU_0169,89,0,7.0,73
2023-02-19,SKU_0169,85,0,7.0,73
2023-02-26,SKU_0169,71,143,7.0,73
2023-03-05,SKU_0169,240,0,7.0,73
2023-03-12,SKU_0169,213,0,7.0,73
2023-03-19,SKU_0169,180,0,7.0,73
2023-03-26,SKU_0169,149,0,7.0,73
2023-04-02,SKU_0169,105,0,7.0,73
2023-04-09,SKU_0169,98,0,7.0,73
2023-04-16,SKU_0169,209,0,7.0,73
2023-04-23,SKU_0169,205,0,7.0,73
2023-04-30,SKU_0169,204,0,7.0,73
2023-05-07,SKU_0169,175,0,7.0,73
2023-05-14,SKU_0169,126,0,7.0,73
2023-05-21,SKU_0169,104,0,7.0,73
2023-05-28,SKU_0169,75,0,7.0,73
2023-06-04,SKU_0169,139,0,7.0,73
2023-06-11,SKU_0169,124,0,7.0,73
2023-06-18,SKU_0169,100,0,7.0,73
2023-06-25,SKU_0169,81,0,7.0,73
2023-07-02,SKU_0169,131,0,7.0,73
2023-07-09,SKU_0169,126,0,7.0,73
2023-07-16,SKU_0169,102,0,7.0,73
2023-07-23,SKU_0169,97,0,7.0,73
2023-07-30,SKU_0169,97,0,7.0,73
2023-08-06,SKU_0169,86,0,7.0,73
2023-08-13,SKU_0169,86,0,7.0,73
2023-08-20,SKU_0169,81,0,7.0,73
2023-08-27,SKU_0169,250,0,7.0,73
2023-09-03,SKU_0169,176,0,7.0,73
2023-09-10,SKU_0169,134,0,7.0,73
2023-09-17,SKU_0169,124,0,7.0,73
2023-09-24,SKU_0169,105,0,7.0,73
2023-10-01,SKU_0169,75,0,7.0,73
2023-10-08,SKU_0169,258,0,7.0,73
2023-10-15,SKU_0169,209,0,7.0,73
2023-10-22,SKU_0169,165,0,7.0,73
2023-10-29,SKU_0169,164,0,7.0,73
2023-11-05,SKU_0169,129,0,7.0,73
2023-11-12,SKU_0169,113,0,7.0,73
2023-11-19,SKU_0169,91,0,7.0,73
2023-11-26,SKU_0169,91,0,7.0,73
2023-12-03,SKU_0169,85,0,7.0,73
2023-12-10,SKU_0169,62,79,7.0,73
2023-12-17,SKU_0169,111,0,7.0,73
2023-12-24,SKU_0169,108,0,7.0,73
2023-12-31,SKU_0169,96,0,7.0,73
2024-01-07,SKU_0169,89,0,7.0,73
2024-01-14,SKU_0169,88,0,7.0,73
2024-01-21,SKU_0169,141,0,7.0,73
2024-01-28,SKU_0169,125,0,7.0,73
2024-02-04,SKU_0169,90,0,7.0,73
2024-02-11,SKU_0169,78,0,7.0,73
2024-02-18,SKU_0169,137,0,7.0,73
2024-02-25,SKU_0169,106,0,7.0,73
2024-03-03,SKU_0169,93,0,7.0,73
2024-03-10,SKU_0169,92,0,7.0,73
2024-03-17,SKU_0169,259,0,7.0,73
2024-03-24,SKU_0169,245,0,7.0,73
2024-03-31,SKU_0169,218,0,7.0,73
2024-04-07,SKU_0169,194,0,7.0,73
2024-04-14,SKU_0169,158,0,7.0,73
2024-04-21,SKU_0169,151,0,7.0,73
2024-04-28,SKU_0169,131,0,7.0,73
2024-05-05,SKU_0169,123,0,7.0,73
2024-05-12,SKU_0169,89,0,7.0,73
2024-05-19,SKU_0169,74,0,7.0,73
2024-05-26,SKU_0169,52,104,7.0,73
2024-06-02,SKU_0169,39,74,7.0,73
2024-06-09,SKU_0169,30,122,7.0,73
2024-06-16,SKU_0169,140,0,7.0,73
2024-06-23,SKU_0169,126,0,7.0,73
2024-06-30,SKU_0169,99,0,7.0,73
2024-07-07,SKU_0169,85,0,7.0,73
2024-07-14,SKU_0169,72,79,7.0,73
2024-07-21,SKU_0169,247,0,7.0,73
2024-07-28,SKU_0169,189,0,7.0,73
2024-08-04,SKU_0169,161,0,7.0,73
2024-08-11,SKU_0169,147,0,7.0,73
2024-08-18,SKU_0169,144,0,7.0,73
2024-08-25,SKU_0169,104,0,7.0,73
2024-09-01,SKU_0169,90,0,7.0,73
2024-09-08,SKU_0169,81,0,7.0,73
2024-09-15,SKU_0169,58,64,7.0,73
2024-09-22,SKU_0169,235,0,7.0,73
2024-09-29,SKU_0169,229,0,7.0,73
2024-10-06,SKU_0169,167,0,7.0,73
2024-10-13,SKU_0169,136,0,7.0,73
2024-10-20,SKU_0169,122,0,7.0,73
2024-10-27,SKU_0169,112,0,7.0,73
2024-11-03,SKU_0169,111,0,7.0,73
2024-11-10,SKU_0169,97,0,7.0,73
2024-11-17,SKU_0169,84,0,7.0,73
2024-11-24,SKU_0169,62,71,7.0,73
2024-12-01,SKU_0169,153,0,7.0,73
2024-12-08,SKU_0169,149,0,7.0,73
2024-12-15,SKU_0169,115,0,7.0,73
2024-12-22,SKU_0169,112,0,7.0,73
2024-12-29,SKU_0169,98,0,7.0,73
2023-01-01,SKU_0170,282,0,28.0,79
2023-01-08,SKU_0170,256,0,28.0,79
2023-01-15,SKU_0170,247,0,28.0,79
2023-01-22,SKU_0170,183,0,28.0,79
2023-01-29,SKU_0170,179,0,28.0,79
2023-02-05,SKU_0170,153,0,28.0,79
2023-02-12,SKU_0170,131,0,28.0,79
2023-02-19,SKU_0170,109,0,28.0,79
2023-02-26,SKU_0170,87,0,28.0,79
2023-03-05,SKU_0170,85,0,28.0,79
2023-03-12,SKU_0170,76,144,28.0,79
2023-03-19,SKU_0170,56,106,28.0,79
2023-03-26,SKU_0170,122,0,28.0,79
2023-04-02,SKU_0170,95,0,28.0,79
2023-04-09,SKU_0170,226,0,28.0,79
2023-04-16,SKU_0170,183,0,28.0,79
2023-04-23,SKU_0170,166,0,28.0,79
2023-04-30,SKU_0170,166,0,28.0,79
2023-05-07,SKU_0170,151,0,28.0,79
2023-05-14,SKU_0170,117,0,28.0,79
2023-05-21,SKU_0170,106,0,28.0,79
2023-05-28,SKU_0170,92,0,28.0,79
2023-06-04,SKU_0170,260,0,28.0,79
2023-06-11,SKU_0170,250,0,28.0,79
2023-06-18,SKU_0170,231,0,28.0,79
2023-06-25,SKU_0170,170,0,28.0,79
2023-07-02,SKU_0170,164,0,28.0,79
2023-07-09,SKU_0170,154,0,28.0,79
2023-07-16,SKU_0170,132,0,28.0,79
2023-07-23,SKU_0170,103,0,28.0,79
2023-07-30,SKU_0170,82,0,28.0,79
2023-08-06,SKU_0170,196,0,28.0,79
2023-08-13,SKU_0170,139,0,28.0,79
2023-08-20,SKU_0170,125,0,28.0,79
2023-08-27,SKU_0170,124,0,28.0,79
2023-09-03,SKU_0170,104,0,28.0,79
2023-09-10,SKU_0170,100,0,28.0,79
2023-09-17,SKU_0170,99,0,28.0,79
2023-09-24,SKU_0170,96,0,28.0,79
2023-10-01,SKU_0170,96,0,28.0,79
2023-10-08,SKU_0170,82,0,28.0,79
2023-10-15,SKU_0170,71,143,28.0,79
2023-10-22,SKU_0170,68,94,28.0,79
2023-10-29,SKU_0170,242,0,28.0,79
2023-11-05,SKU_0170,217,0,28.0,79
2023-11-12,SKU_0170,190,0,28.0,79
2023-11-19,SKU_0170,141,0,28.0,79
2023-11-26,SKU_0170,114,0,28.0,79
2023-12-03,SKU_0170,99,0,28.0,79
2023-12-10,SKU_0170,94,0,28.0,79
2023-12-17,SKU_0170,218,0,28.0,79
2023-12-24,SKU_0170,188,0,28.0,79
2023-12-31,SKU_0170,171,0,28.0,79
2024-01-07,SKU_0170,162,0,28.0,79
2024-01-14,SKU_0170,156,0,28.0,79
2024-01-21,SKU_0170,127,0,28.0,79
2024-01-28,SKU_0170,114,0,28.0,79
2024-02-04,SKU_0170,112,0,28.0,79
2024-02-11,SKU_0170,100,0,28.0,79
2024-02-18,SKU_0170,76,113,28.0,79
2024-02-25,SKU_0170,259,0,28.0,79
2024-03-03,SKU_0170,208,0,28.0,79
2024-03-10,SKU_0170,171,0,28.0,79
2024-03-17,SKU_0170,138,0,28.0,79
2024-03-24,SKU_0170,99,0,28.0,79
2024-03-31,SKU_0170,79,0,28.0,79
2024-04-07,SKU_0170,152,0,28.0,79
2024-04-14,SKU_0170,147,0,28.0,79
2024-04-21,SKU_0170,143,0,28.0,79
2024-04-28,SKU_0170,117,0,28.0,79
2024-05-05,SKU_0170,113,0,28.0,79
2024-05-12,SKU_0170,89,0,28.0,79
2024-05-19,SKU_0170,86,0,28.0,79
2024-05-26,SKU_0170,65,145,28.0,79
2024-06-02,SKU_0170,206,0,28.0,79
2024-06-09,SKU_0170,192,0,28.0,79
2024-06-16,SKU_0170,188,0,28.0,79
2024-06-23,SKU_0170,148,0,28.0,79
2024-06-30,SKU_0170,132,0,28.0,79
2024-07-07,SKU_0170,130,0,28.0,79
2024-07-14,SKU_0170,129,0,28.0,79
2024-07-21,SKU_0170,120,0,28.0,79
2024-07-28,SKU_0170,94,0,28.0,79
2024-08-04,SKU_0170,93,0,28.0,79
2024-08-11,SKU_0170,125,0,28.0,79
2024-08-18,SKU_0170,103,0,28.0,79
2024-08-25,SKU_0170,83,0,28.0,79
2024-09-01,SKU_0170,79,0,28.0,79
2024-09-08,SKU_0170,76,84,28.0,79
2024-09-15,SKU_0170,198,0,28.0,79
2024-09-22,SKU_0170,156,0,28.0,79
2024-09-29,SKU_0170,139,0,28.0,79
2024-10-06,SKU_0170,137,0,28.0,79
2024-10-13,SKU_0170,127,0,28.0,79
2024-10-20,SKU_0170,89,0,28.0,79
2024-10-27,SKU_0170,72,183,28.0,79
2024-11-03,SKU_0170,219,0,28.0,79
2024-11-10,SKU_0170,213,0,28.0,79
2024-11-17,SKU_0170,165,0,28.0,79
2024-11-24,SKU_0170,138,0,28.0,79
2024-12-01,SKU_0170,138,0,28.0,79
2024-12-08,SKU_0170,134,0,28.0,79
2024-12-15,SKU_0170,122,0,28.0,79
2024-12-22,SKU_0170,108,0,28.0,79
2024-12-29,SKU_0170,96,0,28.0,79
2023-01-01,SKU_0171,344,0,7.0,58
2023-01-08,SKU_0171,324,0,7.0,58
2023-01-15,SKU_0171,317,0,7.0,58
2023-01-22,SKU_0171,269,0,7.0,58
2023-01-29,SKU_0171,217,0,7.0,58
2023-02-05,SKU_0171,190,0,7.0,58
2023-02-12,SKU_0171,190,0,7.0,58
2023-02-19,SKU_0171,137,0,7.0,58
2023-02-26,SKU_0171,130,0,7.0,58
2023-03-05,SKU_0171,108,0,7.0,58
2023-03-12,SKU_0171,90,0,7.0,58
2023-03-19,SKU_0171,71,0,7.0,58
2023-03-26,SKU_0171,69,0,7.0,58
2023-04-02,SKU_0171,63,0,7.0,58
2023-04-09,SKU_0171,52,138,7.0,58
2023-04-16,SKU_0171,103,0,7.0,58
2023-04-23,SKU_0171,94,0,7.0,58
2023-04-30,SKU_0171,84,0,7.0,58
2023-05-07,SKU_0171,59,0,7.0,58
2023-05-14,SKU_0171,48,147,7.0,58
2023-05-21,SKU_0171,40,155,7.0,58
2023-05-28,SKU_0171,37,196,7.0,58
2023-06-04,SKU_0171,155,0,7.0,58
2023-06-11,SKU_0171,115,0,7.0,58
2023-06-18,SKU_0171,110,0,7.0,58
2023-06-25,SKU_0171,96,0,7.0,58
2023-07-02,SKU_0171,93,0,7.0,58
2023-07-09,SKU_0171,71,0,7.0,58
2023-07-16,SKU_0171,113,0,7.0,58
2023-07-23,SKU_0171,113,0,7.0,58
2023-07-30,SKU_0171,97,0,7.0,58
2023-08-06,SKU_0171,72,0,7.0,58
2023-08-13,SKU_0171,71,0,7.0,58
2023-08-20,SKU_0171,52,157,7.0,58
2023-08-27,SKU_0171,168,0,7.0,58
2023-09-03,SKU_0171,125,0,7.0,58
2023-09-10,SKU_0171,102,0,7.0,58
2023-09-17,SKU_0171,88,0,7.0,58
2023-09-24,SKU_0171,72,0,7.0,58
2023-10-01,SKU_0171,54,186,7.0,58
2023-10-08,SKU_0171,40,182,7.0,58
2023-10-15,SKU_0171,29,169,7.0,58
2023-10-22,SKU_0171,22,115,7.0,58
2023-10-29,SKU_0171,18,134,7.0,58
2023-11-05,SKU_0171,163,0,7.0,58
2023-11-12,SKU_0171,140,0,7.0,58
2023-11-19,SKU_0171,137,0,7.0,58
2023-11-26,SKU_0171,129,0,7.0,58
2023-12-03,SKU_0171,129,0,7.0,58
2023-12-10,SKU_0171,96,0,7.0,58
2023-12-17,SKU_0171,69,0,7.0,58
2023-12-24,SKU_0171,61,0,7.0,58
2023-12-31,SKU_0171,136,0,7.0,58
2024-01-07,SKU_0171,110,0,7.0,58
2024-01-14,SKU_0171,90,0,7.0,58
2024-01-21,SKU_0171,76,0,7.0,58
2024-01-28,SKU_0171,74,0,7.0,58
2024-02-04,SKU_0171,73,0,7.0,58
2024-02-11,SKU_0171,61,0,7.0,58
2024-02-18,SKU_0171,60,0,7.0,58
2024-02-25,SKU_0171,60,0,7.0,58
2024-03-03,SKU_0171,56,88,7.0,58
2024-03-10,SKU_0171,119,0,7.0,58
2024-03-17,SKU_0171,102,0,7.0,58
2024-03-24,SKU_0171,101,0,7.0,58
2024-03-31,SKU_0171,97,0,7.0,58
2024-04-07,SKU_0171,81,0,7.0,58
2024-04-14,SKU_0171,74,0,7.0,58
2024-04-21,SKU_0171,64,0,7.0,58
2024-04-28,SKU_0171,58,0,7.0,58
2024-05-05,SKU_0171,43,88,7.0,58
2024-05-12,SKU_0171,31,126,7.0,58
2024-05-19,SKU_0171,24,78,7.0,58
2024-05-26,SKU_0171,82,0,7.0,58
2024-06-02,SKU_0171,74,0,7.0,58
2024-06-09,SKU_0171,59,0,7.0,58
2024-06-16,SKU_0171,225,0,7.0,58
2024-06-23,SKU_0171,170,0,7.0,58
2024-06-30,SKU_0171,162,0,7.0,58
2024-07-07,SKU_0171,131,0,7.0,58
2024-07-14,SKU_0171,94,0,7.0,58
2024-07-21,SKU_0171,80,0,7.0,58
2024-07-28,SKU_0171,65,0,7.0,58
2024-08-04,SKU_0171,49,175,7.0,58
2024-08-11,SKU_0171,41,194,7.0,58
2024-08-18,SKU_0171,100,0,7.0,58
2024-08-25,SKU_0171,95,0,7.0,58
2024-09-01,SKU_0171,92,0,7.0,58
2024-09-08,SKU_0171,83,0,7.0,58
2024-09-15,SKU_0171,69,0,7.0,58
2024-09-22,SKU_0171,59,0,7.0,58
2024-09-29,SKU_0171,47,67,7.0,58
2024-10-06,SKU_0171,45,101,7.0,58
2024-10-13,SKU_0171,35,95,7.0,58
2024-10-20,SKU_0171,148,0,7.0,58
2024-10-27,SKU_0171,140,0,7.0,58
2024-11-03,SKU_0171,128,0,7.0,58
2024-11-10,SKU_0171,97,0,7.0,58
2024-11-17,SKU_0171,87,0,7.0,58
2024-11-24,SKU_0171,79,0,7.0,58
2024-12-01,SKU_0171,75,0,7.0,58
2024-12-08,SKU_0171,65,0,7.0,58
2024-12-15,SKU_0171,62,0,7.0,58
2024-12-22,SKU_0171,122,0,7.0,58
2024-12-29,SKU_0171,89,0,7.0,58
2023-01-01,SKU_0172,343,0,7.0,23
2023-01-08,SKU_0172,244,0,7.0,23
2023-01-15,SKU_0172,216,0,7.0,23
2023-01-22,SKU_0172,162,0,7.0,23
2023-01-29,SKU_0172,144,0,7.0,23
2023-02-05,SKU_0172,132,0,7.0,23
2023-02-12,SKU_0172,113,0,7.0,23
2023-02-19,SKU_0172,96,0,7.0,23
2023-02-26,SKU_0172,75,0,7.0,23
2023-03-05,SKU_0172,53,0,7.0,23
2023-03-12,SKU_0172,42,0,7.0,23
2023-03-19,SKU_0172,37,0,7.0,23
2023-03-26,SKU_0172,35,0,7.0,23
2023-04-02,SKU_0172,32,0,7.0,23
2023-04-09,SKU_0172,28,0,7.0,23
2023-04-16,SKU_0172,21,124,7.0,23
2023-04-23,SKU_0172,19,199,7.0,23
2023-04-30,SKU_0172,210,0,7.0,23
2023-05-07,SKU_0172,168,0,7.0,23
2023-05-14,SKU_0172,162,0,7.0,23
2023-05-21,SKU_0172,145,0,7.0,23
2023-05-28,SKU_0172,122,0,7.0,23
2023-06-04,SKU_0172,90,0,7.0,23
2023-06-11,SKU_0172,87,0,7.0,23
2023-06-18,SKU_0172,68,0,7.0,23
2023-06-25,SKU_0172,54,0,7.0,23
2023-07-02,SKU_0172,54,0,7.0,23
2023-07-09,SKU_0172,47,0,7.0,23
2023-07-16,SKU_0172,47,0,7.0,23
2023-07-23,SKU_0172,38,0,7.0,23
2023-07-30,SKU_0172,33,0,7.0,23
2023-08-06,SKU_0172,24,0,7.0,23
2023-08-13,SKU_0172,22,145,7.0,23
2023-08-20,SKU_0172,130,0,7.0,23
2023-08-27,SKU_0172,120,0,7.0,23
2023-09-03,SKU_0172,110,0,7.0,23
2023-09-10,SKU_0172,86,0,7.0,23
2023-09-17,SKU_0172,85,0,7.0,23
2023-09-24,SKU_0172,72,0,7.0,23
2023-10-01,SKU_0172,62,0,7.0,23
2023-10-08,SKU_0172,56,0,7.0,23
2023-10-15,SKU_0172,55,0,7.0,23
2023-10-22,SKU_0172,40,0,7.0,23
2023-10-29,SKU_0172,37,0,7.0,23
2023-11-05,SKU_0172,35,0,7.0,23
2023-11-12,SKU_0172,26,0,7.0,23
2023-11-19,SKU_0172,71,0,7.0,23
2023-11-26,SKU_0172,56,0,7.0,23
2023-12-03,SKU_0172,40,0,7.0,23
2023-12-10,SKU_0172,40,0,7.0,23
2023-12-17,SKU_0172,37,0,7.0,23
2023-12-24,SKU_0172,27,0,7.0,23
2023-12-31,SKU_0172,24,0,7.0,23
2024-01-07,SKU_0172,191,0,7.0,23
2024-01-14,SKU_0172,177,0,7.0,23
2024-01-21,SKU_0172,153,0,7.0,23
2024-01-28,SKU_0172,151,0,7.0,23
2024-02-04,SKU_0172,122,0,7.0,23
2024-02-11,SKU_0172,96,0,7.0,23
2024-02-18,SKU_0172,89,0,7.0,23
2024-02-25,SKU_0172,80,0,7.0,23
2024-03-03,SKU_0172,70,0,7.0,23
2024-03-10,SKU_0172,70,0,7.0,23
2024-03-17,SKU_0172,61,0,7.0,23
2024-03-24,SKU_0172,59,0,7.0,23
2024-03-31,SKU_0172,42,0,7.0,23
2024-04-07,SKU_0172,37,0,7.0,23
2024-04-14,SKU_0172,33,0,7.0,23
2024-04-21,SKU_0172,29,0,7.0,23
2024-04-28,SKU_0172,25,0,7.0,23
2024-05-05,SKU_0172,130,0,7.0,23
2024-05-12,SKU_0172,99,0,7.0,23
2024-05-19,SKU_0172,74,0,7.0,23
2024-05-26,SKU_0172,61,0,7.0,23
2024-06-02,SKU_0172,43,0,7.0,23
2024-06-09,SKU_0172,34,0,7.0,23
2024-06-16,SKU_0172,27,0,7.0,23
2024-06-23,SKU_0172,25,0,7.0,23
2024-06-30,SKU_0172,133,0,7.0,23
2024-07-07,SKU_0172,124,0,7.0,23
2024-07-14,SKU_0172,100,0,7.0,23
2024-07-21,SKU_0172,93,0,7.0,23
2024-07-28,SKU_0172,91,0,7.0,23
2024-08-04,SKU_0172,65,0,7.0,23
2024-08-11,SKU_0172,52,0,7.0,23
2024-08-18,SKU_0172,50,0,7.0,23
2024-08-25,SKU_0172,48,0,7.0,23
2024-09-01,SKU_0172,45,0,7.0,23
2024-09-08,SKU_0172,38,0,7.0,23
2024-09-15,SKU_0172,37,0,7.0,23
2024-09-22,SKU_0172,28,0,7.0,23
2024-09-29,SKU_0172,24,0,7.0,23
2024-10-06,SKU_0172,214,0,7.0,23
2024-10-13,SKU_0172,210,0,7.0,23
2024-10-20,SKU_0172,194,0,7.0,23
2024-10-27,SKU_0172,174,0,7.0,23
2024-11-03,SKU_0172,174,0,7.0,23
2024-11-10,SKU_0172,159,0,7.0,23
2024-11-17,SKU_0172,124,0,7.0,23
2024-11-24,SKU_0172,110,0,7.0,23
2024-12-01,SKU_0172,88,0,7.0,23
2024-12-08,SKU_0172,64,0,7.0,23
2024-12-15,SKU_0172,45,0,7.0,23
2024-12-22,SKU_0172,38,0,7.0,23
2024-12-29,SKU_0172,29,0,7.0,23
2023-01-01,SKU_0173,75,0,21.0,59
2023-01-08,SKU_0173,62,0,21.0,59
2023-01-15,SKU_0173,169,0,21.0,59
2023-01-22,SKU_0173,156,0,21.0,59
2023-01-29,SKU_0173,112,0,21.0,59
2023-02-05,SKU_0173,87,0,21.0,59
2023-02-12,SKU_0173,76,0,21.0,59
2023-02-19,SKU_0173,74,0,21.0,59
2023-02-26,SKU_0173,191,0,21.0,59
2023-03-05,SKU_0173,173,0,21.0,59
2023-03-12,SKU_0173,122,0,21.0,59
2023-03-19,SKU_0173,112,0,21.0,59
2023-03-26,SKU_0173,98,0,21.0,59
2023-04-02,SKU_0173,83,0,21.0,59
2023-04-09,SKU_0173,78,0,21.0,59
2023-04-16,SKU_0173,59,0,21.0,59
2023-04-23,SKU_0173,50,173,21.0,59
2023-04-30,SKU_0173,238,0,21.0,59
2023-05-07,SKU_0173,208,0,21.0,59
2023-05-14,SKU_0173,147,0,21.0,59
2023-05-21,SKU_0173,146,0,21.0,59
2023-05-28,SKU_0173,114,0,21.0,59
2023-06-04,SKU_0173,107,0,21.0,59
2023-06-11,SKU_0173,107,0,21.0,59
2023-06-18,SKU_0173,96,0,21.0,59
2023-06-25,SKU_0173,87,0,21.0,59
2023-07-02,SKU_0173,79,0,21.0,59
2023-07-09,SKU_0173,67,0,21.0,59
2023-07-16,SKU_0173,53,53,21.0,59
2023-07-23,SKU_0173,169,0,21.0,59
2023-07-30,SKU_0173,161,0,21.0,59
2023-08-06,SKU_0173,149,0,21.0,59
2023-08-13,SKU_0173,133,0,21.0,59
2023-08-20,SKU_0173,115,0,21.0,59
2023-08-27,SKU_0173,111,0,21.0,59
2023-09-03,SKU_0173,96,0,21.0,59
2023-09-10,SKU_0173,70,0,21.0,59
2023-09-17,SKU_0173,65,0,21.0,59
2023-09-24,SKU_0173,101,0,21.0,59
2023-10-01,SKU_0173,76,0,21.0,59
2023-10-08,SKU_0173,69,0,21.0,59
2023-10-15,SKU_0173,51,150,21.0,59
2023-10-22,SKU_0173,41,83,21.0,59
2023-10-29,SKU_0173,227,0,21.0,59
2023-11-05,SKU_0173,213,0,21.0,59
2023-11-12,SKU_0173,182,0,21.0,59
2023-11-19,SKU_0173,180,0,21.0,59
2023-11-26,SKU_0173,150,0,21.0,59
2023-12-03,SKU_0173,148,0,21.0,59
2023-12-10,SKU_0173,106,0,21.0,59
2023-12-17,SKU_0173,88,0,21.0,59
2023-12-24,SKU_0173,77,0,21.0,59
2023-12-31,SKU_0173,63,0,21.0,59
2024-01-07,SKU_0173,61,0,21.0,59
2024-01-14,SKU_0173,131,0,21.0,59
2024-01-21,SKU_0173,106,0,21.0,59
2024-01-28,SKU_0173,82,0,21.0,59
2024-02-04,SKU_0173,77,0,21.0,59
2024-02-11,SKU_0173,116,0,21.0,59
2024-02-18,SKU_0173,108,0,21.0,59
2024-02-25,SKU_0173,97,0,21.0,59
2024-03-03,SKU_0173,84,0,21.0,59
2024-03-10,SKU_0173,66,0,21.0,59
2024-03-17,SKU_0173,48,141,21.0,59
2024-03-24,SKU_0173,34,174,21.0,59
2024-03-31,SKU_0173,30,162,21.0,59
2024-04-07,SKU_0173,126,0,21.0,59
2024-04-14,SKU_0173,102,0,21.0,59
2024-04-21,SKU_0173,86,0,21.0,59
2024-04-28,SKU_0173,74,0,21.0,59
2024-05-05,SKU_0173,60,0,21.0,59
2024-05-12,SKU_0173,119,0,21.0,59
2024-05-19,SKU_0173,108,0,21.0,59
2024-05-26,SKU_0173,94,0,21.0,59
2024-06-02,SKU_0173,72,0,21.0,59
2024-06-09,SKU_0173,62,0,21.0,59
2024-06-16,SKU_0173,59,0,21.0,59
2024-06-23,SKU_0173,51,137,21.0,59
2024-06-30,SKU_0173,238,0,21.0,59
2024-07-07,SKU_0173,183,0,21.0,59
2024-07-14,SKU_0173,178,0,21.0,59
2024-07-21,SKU_0173,126,0,21.0,59
2024-07-28,SKU_0173,100,0,21.0,59
2024-08-04,SKU_0173,99,0,21.0,59
2024-08-11,SKU_0173,74,0,21.0,59
2024-08-18,SKU_0173,149,0,21.0,59
2024-08-25,SKU_0173,106,0,21.0,59
2024-09-01,SKU_0173,88,0,21.0,59
2024-09-08,SKU_0173,64,0,21.0,59
2024-09-15,SKU_0173,48,115,21.0,59
2024-09-22,SKU_0173,35,132,21.0,59
2024-09-29,SKU_0173,34,67,21.0,59
2024-10-06,SKU_0173,25,178,21.0,59
2024-10-13,SKU_0173,21,134,21.0,59
2024-10-20,SKU_0173,106,0,21.0,59
2024-10-27,SKU_0173,79,0,21.0,59
2024-11-03,SKU_0173,60,0,21.0,59
2024-11-10,SKU_0173,219,0,21.0,59
2024-11-17,SKU_0173,199,0,21.0,59
2024-11-24,SKU_0173,165,0,21.0,59
2024-12-01,SKU_0173,139,0,21.0,59
2024-12-08,SKU_0173,100,0,21.0,59
2024-12-15,SKU_0173,100,0,21.0,59
2024-12-22,SKU_0173,97,0,21.0,59
2024-12-29,SKU_0173,97,0,21.0,59
2023-01-01,SKU_0174,288,0,28.0,94
2023-01-08,SKU_0174,253,0,28.0,94
2023-01-15,SKU_0174,188,0,28.0,94
2023-01-22,SKU_0174,135,0,28.0,94
2023-01-29,SKU_0174,129,0,28.0,94
2023-02-05,SKU_0174,117,0,28.0,94
2023-02-12,SKU_0174,243,0,28.0,94
2023-02-19,SKU_0174,213,0,28.0,94
2023-02-26,SKU_0174,153,0,28.0,94
2023-03-05,SKU_0174,129,0,28.0,94
2023-03-12,SKU_0174,124,0,28.0,94
2023-03-19,SKU_0174,107,0,28.0,94
2023-03-26,SKU_0174,96,0,28.0,94
2023-04-02,SKU_0174,87,56,28.0,94
2023-04-09,SKU_0174,214,0,28.0,94
2023-04-16,SKU_0174,198,0,28.0,94
2023-04-23,SKU_0174,195,0,28.0,94
2023-04-30,SKU_0174,176,0,28.0,94
2023-05-07,SKU_0174,148,0,28.0,94
2023-05-14,SKU_0174,124,0,28.0,94
2023-05-21,SKU_0174,108,0,28.0,94
2023-05-28,SKU_0174,143,0,28.0,94
2023-06-04,SKU_0174,134,0,28.0,94
2023-06-11,SKU_0174,125,0,28.0,94
2023-06-18,SKU_0174,106,0,28.0,94
2023-06-25,SKU_0174,197,0,28.0,94
2023-07-02,SKU_0174,145,0,28.0,94
2023-07-09,SKU_0174,103,0,28.0,94
2023-07-16,SKU_0174,98,0,28.0,94
2023-07-23,SKU_0174,87,124,28.0,94
2023-07-30,SKU_0174,123,0,28.0,94
2023-08-06,SKU_0174,108,0,28.0,94
2023-08-13,SKU_0174,107,0,28.0,94
2023-08-20,SKU_0174,173,0,28.0,94
2023-08-27,SKU_0174,144,0,28.0,94
2023-09-03,SKU_0174,138,0,28.0,94
2023-09-10,SKU_0174,115,0,28.0,94
2023-09-17,SKU_0174,86,193,28.0,94
2023-09-24,SKU_0174,73,187,28.0,94
2023-10-01,SKU_0174,55,161,28.0,94
2023-10-08,SKU_0174,204,0,28.0,94
2023-10-15,SKU_0174,158,0,28.0,94
2023-10-22,SKU_0174,126,0,28.0,94
2023-10-29,SKU_0174,104,0,28.0,94
2023-11-05,SKU_0174,94,0,28.0,94
2023-11-12,SKU_0174,186,0,28.0,94
2023-11-19,SKU_0174,151,0,28.0,94
2023-11-26,SKU_0174,117,0,28.0,94
2023-12-03,SKU_0174,102,0,28.0,94
2023-12-10,SKU_0174,80,136,28.0,94
2023-12-17,SKU_0174,56,147,28.0,94
2023-12-24,SKU_0174,41,158,28.0,94
2023-12-31,SKU_0174,38,199,28.0,94
2024-01-07,SKU_0174,223,0,28.0,94
2024-01-14,SKU_0174,186,0,28.0,94
2024-01-21,SKU_0174,157,0,28.0,94
2024-01-28,SKU_0174,128,0,28.0,94
2024-02-04,SKU_0174,115,0,28.0,94
2024-02-11,SKU_0174,97,0,28.0,94
2024-02-18,SKU_0174,93,142,28.0,94
2024-02-25,SKU_0174,255,0,28.0,94
2024-03-03,SKU_0174,185,0,28.0,94
2024-03-10,SKU_0174,161,0,28.0,94
2024-03-17,SKU_0174,136,0,28.0,94
2024-03-24,SKU_0174,126,0,28.0,94
2024-03-31,SKU_0174,125,0,28.0,94
2024-04-07,SKU_0174,226,0,28.0,94
2024-04-14,SKU_0174,184,0,28.0,94
2024-04-21,SKU_0174,133,0,28.0,94
2024-04-28,SKU_0174,95,0,28.0,94
2024-05-05,SKU_0174,91,55,28.0,94
2024-05-12,SKU_0174,65,169,28.0,94
2024-05-19,SKU_0174,60,134,28.0,94
2024-05-26,SKU_0174,45,106,28.0,94
2024-06-02,SKU_0174,117,0,28.0,94
2024-06-09,SKU_0174,108,0,28.0,94
2024-06-16,SKU_0174,107,0,28.0,94
2024-06-23,SKU_0174,75,192,28.0,94
2024-06-30,SKU_0174,70,82,28.0,94
2024-07-07,SKU_0174,187,0,28.0,94
2024-07-14,SKU_0174,184,0,28.0,94
2024-07-21,SKU_0174,136,0,28.0,94
2024-07-28,SKU_0174,97,0,28.0,94
2024-08-04,SKU_0174,88,163,28.0,94
2024-08-11,SKU_0174,77,168,28.0,94
2024-08-18,SKU_0174,73,66,28.0,94
2024-08-25,SKU_0174,258,0,28.0,94
2024-09-01,SKU_0174,239,0,28.0,94
2024-09-08,SKU_0174,168,0,28.0,94
2024-09-15,SKU_0174,123,0,28.0,94
2024-09-22,SKU_0174,101,0,28.0,94
2024-09-29,SKU_0174,249,0,28.0,94
2024-10-06,SKU_0174,247,0,28.0,94
2024-10-13,SKU_0174,231,0,28.0,94
2024-10-20,SKU_0174,173,0,28.0,94
2024-10-27,SKU_0174,162,0,28.0,94
2024-11-03,SKU_0174,150,0,28.0,94
2024-11-10,SKU_0174,136,0,28.0,94
2024-11-17,SKU_0174,96,0,28.0,94
2024-11-24,SKU_0174,96,0,28.0,94
2024-12-01,SKU_0174,84,80,28.0,94
2024-12-08,SKU_0174,61,99,28.0,94
2024-12-15,SKU_0174,61,54,28.0,94
2024-12-22,SKU_0174,49,52,28.0,94
2024-12-29,SKU_0174,47,146,28.0,94
2023-01-01,SKU_0175,285,0,28.0,84
2023-01-08,SKU_0175,255,0,28.0,84
2023-01-15,SKU_0175,209,0,28.0,84
2023-01-22,SKU_0175,182,0,28.0,84
2023-01-29,SKU_0175,137,0,28.0,84
2023-02-05,SKU_0175,113,0,28.0,84
2023-02-12,SKU_0175,96,0,28.0,84
2023-02-19,SKU_0175,94,0,28.0,84
2023-02-26,SKU_0175,86,0,28.0,84
2023-03-05,SKU_0175,188,0,28.0,84
2023-03-12,SKU_0175,143,0,28.0,84
2023-03-19,SKU_0175,109,0,28.0,84
2023-03-26,SKU_0175,103,0,28.0,84
2023-04-02,SKU_0175,99,0,28.0,84
2023-04-09,SKU_0175,99,0,28.0,84
2023-04-16,SKU_0175,136,0,28.0,84
2023-04-23,SKU_0175,100,0,28.0,84
2023-04-30,SKU_0175,181,0,28.0,84
2023-05-07,SKU_0175,148,0,28.0,84
2023-05-14,SKU_0175,130,0,28.0,84
2023-05-21,SKU_0175,103,0,28.0,84
2023-05-28,SKU_0175,99,0,28.0,84
2023-06-04,SKU_0175,82,80,28.0,84
2023-06-11,SKU_0175,61,152,28.0,84
2023-06-18,SKU_0175,126,0,28.0,84
2023-06-25,SKU_0175,126,0,28.0,84
2023-07-02,SKU_0175,115,0,28.0,84
2023-07-09,SKU_0175,108,0,28.0,84
2023-07-16,SKU_0175,94,0,28.0,84
2023-07-23,SKU_0175,142,0,28.0,84
2023-07-30,SKU_0175,137,0,28.0,84
2023-08-06,SKU_0175,108,0,28.0,84
2023-08-13,SKU_0175,100,0,28.0,84
2023-08-20,SKU_0175,233,0,28.0,84
2023-08-27,SKU_0175,170,0,28.0,84
2023-09-03,SKU_0175,157,0,28.0,84
2023-09-10,SKU_0175,119,0,28.0,84
2023-09-17,SKU_0175,96,0,28.0,84
2023-09-24,SKU_0175,232,0,28.0,84
2023-10-01,SKU_0175,225,0,28.0,84
2023-10-08,SKU_0175,181,0,28.0,84
2023-10-15,SKU_0175,169,0,28.0,84
2023-10-22,SKU_0175,145,0,28.0,84
2023-10-29,SKU_0175,122,0,28.0,84
2023-11-05,SKU_0175,100,0,28.0,84
2023-11-12,SKU_0175,98,0,28.0,84
2023-11-19,SKU_0175,86,0,28.0,84
2023-11-26,SKU_0175,85,0,28.0,84
2023-12-03,SKU_0175,143,0,28.0,84
2023-12-10,SKU_0175,116,0,28.0,84
2023-12-17,SKU_0175,115,0,28.0,84
2023-12-24,SKU_0175,89,0,28.0,84
2023-12-31,SKU_0175,245,0,28.0,84
2024-01-07,SKU_0175,218,0,28.0,84
2024-01-14,SKU_0175,192,0,28.0,84
2024-01-21,SKU_0175,182,0,28.0,84
2024-01-28,SKU_0175,173,0,28.0,84
2024-02-04,SKU_0175,155,0,28.0,84
2024-02-11,SKU_0175,120,0,28.0,84
2024-02-18,SKU_0175,102,0,28.0,84
2024-02-25,SKU_0175,101,0,28.0,84
2024-03-03,SKU_0175,74,118,28.0,84
2024-03-10,SKU_0175,144,0,28.0,84
2024-03-17,SKU_0175,117,0,28.0,84
2024-03-24,SKU_0175,117,0,28.0,84
2024-03-31,SKU_0175,82,62,28.0,84
2024-04-07,SKU_0175,136,0,28.0,84
2024-04-14,SKU_0175,120,0,28.0,84
2024-04-21,SKU_0175,88,0,28.0,84
2024-04-28,SKU_0175,202,0,28.0,84
2024-05-05,SKU_0175,151,0,28.0,84
2024-05-12,SKU_0175,144,0,28.0,84
2024-05-19,SKU_0175,104,0,28.0,84
2024-05-26,SKU_0175,134,0,28.0,84
2024-06-02,SKU_0175,120,0,28.0,84
2024-06-09,SKU_0175,91,0,28.0,84
2024-06-16,SKU_0175,68,192,28.0,84
2024-06-23,SKU_0175,230,0,28.0,84
2024-06-30,SKU_0175,199,0,28.0,84
2024-07-07,SKU_0175,181,0,28.0,84
2024-07-14,SKU_0175,172,0,28.0,84
2024-07-21,SKU_0175,141,0,28.0,84
2024-07-28,SKU_0175,100,0,28.0,84
2024-08-04,SKU_0175,84,0,28.0,84
2024-08-11,SKU_0175,247,0,28.0,84
2024-08-18,SKU_0175,232,0,28.0,84
2024-08-25,SKU_0175,175,0,28.0,84
2024-09-01,SKU_0175,152,0,28.0,84
2024-09-08,SKU_0175,107,0,28.0,84
2024-09-15,SKU_0175,103,0,28.0,84
2024-09-22,SKU_0175,94,0,28.0,84
2024-09-29,SKU_0175,71,65,28.0,84
2024-10-06,SKU_0175,58,121,28.0,84
2024-10-13,SKU_0175,190,0,28.0,84
2024-10-20,SKU_0175,158,0,28.0,84
2024-10-27,SKU_0175,135,0,28.0,84
2024-11-03,SKU_0175,98,0,28.0,84
2024-11-10,SKU_0175,225,0,28.0,84
2024-11-17,SKU_0175,223,0,28.0,84
2024-11-24,SKU_0175,205,0,28.0,84
2024-12-01,SKU_0175,162,0,28.0,84
2024-12-08,SKU_0175,119,0,28.0,84
2024-12-15,SKU_0175,86,0,28.0,84
2024-12-22,SKU_0175,71,189,28.0,84
2024-12-29,SKU_0175,252,0,28.0,84
2023-01-01,SKU_0176,110,0,14.0,64
2023-01-08,SKU_0176,100,0,14.0,64
2023-01-15,SKU_0176,87,0,14.0,64
2023-01-22,SKU_0176,87,0,14.0,64
2023-01-29,SKU_0176,76,0,14.0,64
2023-02-05,SKU_0176,59,154,14.0,64
2023-02-12,SKU_0176,155,0,14.0,64
2023-02-19,SKU_0176,146,0,14.0,64
2023-02-26,SKU_0176,134,0,14.0,64
2023-03-05,SKU_0176,111,0,14.0,64
2023-03-12,SKU_0176,106,0,14.0,64
2023-03-19,SKU_0176,93,0,14.0,64
2023-03-26,SKU_0176,86,0,14.0,64
2023-04-02,SKU_0176,84,0,14.0,64
2023-04-09,SKU_0176,59,189,14.0,64
2023-04-16,SKU_0176,50,177,14.0,64
2023-04-23,SKU_0176,146,0,14.0,64
2023-04-30,SKU_0176,141,0,14.0,64
2023-05-07,SKU_0176,102,0,14.0,64
2023-05-14,SKU_0176,85,0,14.0,64
2023-05-21,SKU_0176,64,0,14.0,64
2023-05-28,SKU_0176,178,0,14.0,64
2023-06-04,SKU_0176,148,0,14.0,64
2023-06-11,SKU_0176,108,0,14.0,64
2023-06-18,SKU_0176,94,0,14.0,64
2023-06-25,SKU_0176,66,0,14.0,64
2023-07-02,SKU_0176,134,0,14.0,64
2023-07-09,SKU_0176,111,0,14.0,64
2023-07-16,SKU_0176,92,0,14.0,64
2023-07-23,SKU_0176,86,0,14.0,64
2023-07-30,SKU_0176,71,0,14.0,64
2023-08-06,SKU_0176,70,0,14.0,64
2023-08-13,SKU_0176,66,0,14.0,64
2023-08-20,SKU_0176,115,0,14.0,64
2023-08-27,SKU_0176,84,0,14.0,64
2023-09-03,SKU_0176,70,0,14.0,64
2023-09-10,SKU_0176,62,85,14.0,64
2023-09-17,SKU_0176,54,173,14.0,64
2023-09-24,SKU_0176,39,88,14.0,64
2023-10-01,SKU_0176,180,0,14.0,64
2023-10-08,SKU_0176,127,0,14.0,64
2023-10-15,SKU_0176,108,0,14.0,64
2023-10-22,SKU_0176,92,0,14.0,64
2023-10-29,SKU_0176,82,0,14.0,64
2023-11-05,SKU_0176,67,0,14.0,64
2023-11-12,SKU_0176,57,84,14.0,64
2023-11-19,SKU_0176,42,99,14.0,64
2023-11-26,SKU_0176,32,82,14.0,64
2023-12-03,SKU_0176,24,194,14.0,64
2023-12-10,SKU_0176,174,0,14.0,64
2023-12-17,SKU_0176,147,0,14.0,64
2023-12-24,SKU_0176,120,0,14.0,64
2023-12-31,SKU_0176,103,0,14.0,64
2024-01-07,SKU_0176,81,0,14.0,64
2024-01-14,SKU_0176,80,0,14.0,64
2024-01-21,SKU_0176,78,0,14.0,64
2024-01-28,SKU_0176,76,0,14.0,64
2024-02-04,SKU_0176,58,94,14.0,64
2024-02-11,SKU_0176,119,0,14.0,64
2024-02-18,SKU_0176,109,0,14.0,64
2024-02-25,SKU_0176,93,0,14.0,64
2024-03-03,SKU_0176,70,0,14.0,64
2024-03-10,SKU_0176,237,0,14.0,64
2024-03-17,SKU_0176,195,0,14.0,64
2024-03-24,SKU_0176,193,0,14.0,64
2024-03-31,SKU_0176,168,0,14.0,64
2024-04-07,SKU_0176,160,0,14.0,64
2024-04-14,SKU_0176,137,0,14.0,64
2024-04-21,SKU_0176,128,0,14.0,64
2024-04-28,SKU_0176,121,0,14.0,64
2024-05-05,SKU_0176,113,0,14.0,64
2024-05-12,SKU_0176,86,0,14.0,64
2024-05-19,SKU_0176,69,0,14.0,64
2024-05-26,SKU_0176,254,0,14.0,64
2024-06-02,SKU_0176,182,0,14.0,64
2024-06-09,SKU_0176,182,0,14.0,64
2024-06-16,SKU_0176,144,0,14.0,64
2024-06-23,SKU_0176,136,0,14.0,64
2024-06-30,SKU_0176,135,0,14.0,64
2024-07-07,SKU_0176,120,0,14.0,64
2024-07-14,SKU_0176,100,0,14.0,64
2024-07-21,SKU_0176,94,0,14.0,64
2024-07-28,SKU_0176,83,0,14.0,64
2024-08-04,SKU_0176,74,0,14.0,64
2024-08-11,SKU_0176,71,0,14.0,64
2024-08-18,SKU_0176,236,0,14.0,64
2024-08-25,SKU_0176,168,0,14.0,64
2024-09-01,SKU_0176,121,0,14.0,64
2024-09-08,SKU_0176,92,0,14.0,64
2024-09-15,SKU_0176,85,0,14.0,64
2024-09-22,SKU_0176,71,0,14.0,64
2024-09-29,SKU_0176,61,194,14.0,64
2024-10-06,SKU_0176,112,0,14.0,64
2024-10-13,SKU_0176,103,0,14.0,64
2024-10-20,SKU_0176,93,0,14.0,64
2024-10-27,SKU_0176,89,0,14.0,64
2024-11-03,SKU_0176,65,0,14.0,64
2024-11-10,SKU_0176,226,0,14.0,64
2024-11-17,SKU_0176,225,0,14.0,64
2024-11-24,SKU_0176,174,0,14.0,64
2024-12-01,SKU_0176,156,0,14.0,64
2024-12-08,SKU_0176,121,0,14.0,64
2024-12-15,SKU_0176,97,0,14.0,64
2024-12-22,SKU_0176,70,0,14.0,64
2024-12-29,SKU_0176,64,0,14.0,64
2023-01-01,SKU_0177,130,0,7.0,66
2023-01-08,SKU_0177,114,0,7.0,66
2023-01-15,SKU_0177,89,0,7.0,66
2023-01-22,SKU_0177,79,0,7.0,66
2023-01-29,SKU_0177,73,0,7.0,66
2023-02-05,SKU_0177,62,106,7.0,66
2023-02-12,SKU_0177,140,0,7.0,66
2023-02-19,SKU_0177,111,0,7.0,66
2023-02-26,SKU_0177,80,0,7.0,66
2023-03-05,SKU_0177,72,0,7.0,66
2023-03-12,SKU_0177,56,135,7.0,66
2023-03-19,SKU_0177,243,0,7.0,66
2023-03-26,SKU_0177,175,0,7.0,66
2023-04-02,SKU_0177,148,0,7.0,66
2023-04-09,SKU_0177,131,0,7.0,66
2023-04-16,SKU_0177,114,0,7.0,66
2023-04-23,SKU_0177,81,0,7.0,66
2023-04-30,SKU_0177,176,0,7.0,66
2023-05-07,SKU_0177,152,0,7.0,66
2023-05-14,SKU_0177,127,0,7.0,66
2023-05-21,SKU_0177,93,0,7.0,66
2023-05-28,SKU_0177,77,0,7.0,66
2023-06-04,SKU_0177,67,0,7.0,66
2023-06-11,SKU_0177,208,0,7.0,66
2023-06-18,SKU_0177,185,0,7.0,66
2023-06-25,SKU_0177,138,0,7.0,66
2023-07-02,SKU_0177,120,0,7.0,66
2023-07-09,SKU_0177,89,0,7.0,66
2023-07-16,SKU_0177,83,0,7.0,66
2023-07-23,SKU_0177,159,0,7.0,66
2023-07-30,SKU_0177,158,0,7.0,66
2023-08-06,SKU_0177,157,0,7.0,66
2023-08-13,SKU_0177,155,0,7.0,66
2023-08-20,SKU_0177,114,0,7.0,66
2023-08-27,SKU_0177,99,0,7.0,66
2023-09-03,SKU_0177,76,0,7.0,66
2023-09-10,SKU_0177,227,0,7.0,66
2023-09-17,SKU_0177,181,0,7.0,66
2023-09-24,SKU_0177,177,0,7.0,66
2023-10-01,SKU_0177,176,0,7.0,66
2023-10-08,SKU_0177,145,0,7.0,66
2023-10-15,SKU_0177,141,0,7.0,66
2023-10-22,SKU_0177,104,0,7.0,66
2023-10-29,SKU_0177,82,0,7.0,66
2023-11-05,SKU_0177,80,0,7.0,66
2023-11-12,SKU_0177,75,0,7.0,66
2023-11-19,SKU_0177,64,106,7.0,66
2023-11-26,SKU_0177,161,0,7.0,66
2023-12-03,SKU_0177,155,0,7.0,66
2023-12-10,SKU_0177,138,0,7.0,66
2023-12-17,SKU_0177,124,0,7.0,66
2023-12-24,SKU_0177,123,0,7.0,66
2023-12-31,SKU_0177,117,0,7.0,66
2024-01-07,SKU_0177,88,0,7.0,66
2024-01-14,SKU_0177,83,0,7.0,66
2024-01-21,SKU_0177,69,0,7.0,66
2024-01-28,SKU_0177,182,0,7.0,66
2024-02-04,SKU_0177,179,0,7.0,66
2024-02-11,SKU_0177,167,0,7.0,66
2024-02-18,SKU_0177,146,0,7.0,66
2024-02-25,SKU_0177,104,0,7.0,66
2024-03-03,SKU_0177,78,0,7.0,66
2024-03-10,SKU_0177,64,86,7.0,66
2024-03-17,SKU_0177,215,0,7.0,66
2024-03-24,SKU_0177,160,0,7.0,66
2024-03-31,SKU_0177,148,0,7.0,66
2024-04-07,SKU_0177,132,0,7.0,66
2024-04-14,SKU_0177,113,0,7.0,66
2024-04-21,SKU_0177,82,0,7.0,66
2024-04-28,SKU_0177,81,0,7.0,66
2024-05-05,SKU_0177,75,0,7.0,66
2024-05-12,SKU_0177,61,156,7.0,66
2024-05-19,SKU_0177,61,133,7.0,66
2024-05-26,SKU_0177,186,0,7.0,66
2024-06-02,SKU_0177,186,0,7.0,66
2024-06-09,SKU_0177,147,0,7.0,66
2024-06-16,SKU_0177,107,0,7.0,66
2024-06-23,SKU_0177,84,0,7.0,66
2024-06-30,SKU_0177,72,0,7.0,66
2024-07-07,SKU_0177,71,0,7.0,66
2024-07-14,SKU_0177,59,143,7.0,66
2024-07-21,SKU_0177,227,0,7.0,66
2024-07-28,SKU_0177,182,0,7.0,66
2024-08-04,SKU_0177,165,0,7.0,66
2024-08-11,SKU_0177,126,0,7.0,66
2024-08-18,SKU_0177,94,0,7.0,66
2024-08-25,SKU_0177,76,0,7.0,66
2024-09-01,SKU_0177,74,0,7.0,66
2024-09-08,SKU_0177,57,160,7.0,66
2024-09-15,SKU_0177,52,132,7.0,66
2024-09-22,SKU_0177,113,0,7.0,66
2024-09-29,SKU_0177,111,0,7.0,66
2024-10-06,SKU_0177,105,0,7.0,66
2024-10-13,SKU_0177,76,0,7.0,66
2024-10-20,SKU_0177,75,0,7.0,66
2024-10-27,SKU_0177,225,0,7.0,66
2024-11-03,SKU_0177,167,0,7.0,66
2024-11-10,SKU_0177,125,0,7.0,66
2024-11-17,SKU_0177,105,0,7.0,66
2024-11-24,SKU_0177,95,0,7.0,66
2024-12-01,SKU_0177,94,0,7.0,66
2024-12-08,SKU_0177,85,0,7.0,66
2024-12-15,SKU_0177,69,0,7.0,66
2024-12-22,SKU_0177,63,127,7.0,66
2024-12-29,SKU_0177,241,0,7.0,66
2023-01-01,SKU_0178,339,0,14.0,20
2023-01-08,SKU_0178,276,0,14.0,20
2023-01-15,SKU_0178,234,0,14.0,20
2023-01-22,SKU_0178,180,0,14.0,20
2023-01-29,SKU_0178,148,0,14.0,20
2023-02-05,SKU_0178,133,0,14.0,20
2023-02-12,SKU_0178,116,0,14.0,20
2023-02-19,SKU_0178,99,0,14.0,20
2023-02-26,SKU_0178,82,0,14.0,20
2023-03-05,SKU_0178,63,0,14.0,20
2023-03-12,SKU_0178,54,0,14.0,20
2023-03-19,SKU_0178,46,0,14.0,20
2023-03-26,SKU_0178,39,0,14.0,20
2023-04-02,SKU_0178,32,0,14.0,20
2023-04-09,SKU_0178,24,0,14.0,20
2023-04-16,SKU_0178,72,0,14.0,20
2023-04-23,SKU_0178,55,0,14.0,20
2023-04-30,SKU_0178,53,0,14.0,20
2023-05-07,SKU_0178,44,0,14.0,20
2023-05-14,SKU_0178,32,0,14.0,20
2023-05-21,SKU_0178,24,0,14.0,20
2023-05-28,SKU_0178,24,0,14.0,20
2023-06-04,SKU_0178,163,0,14.0,20
2023-06-11,SKU_0178,157,0,14.0,20
2023-06-18,SKU_0178,133,0,14.0,20
2023-06-25,SKU_0178,129,0,14.0,20
2023-07-02,SKU_0178,107,0,14.0,20
2023-07-09,SKU_0178,92,0,14.0,20
2023-07-16,SKU_0178,71,0,14.0,20
2023-07-23,SKU_0178,63,0,14.0,20
2023-07-30,SKU_0178,57,0,14.0,20
2023-08-06,SKU_0178,51,0,14.0,20
2023-08-13,SKU_0178,48,0,14.0,20
2023-08-20,SKU_0178,40,0,14.0,20
2023-08-27,SKU_0178,32,0,14.0,20
2023-09-03,SKU_0178,29,0,14.0,20
2023-09-10,SKU_0178,21,0,14.0,20
2023-09-17,SKU_0178,19,146,14.0,20
2023-09-24,SKU_0178,83,0,14.0,20
2023-10-01,SKU_0178,81,0,14.0,20
2023-10-08,SKU_0178,63,0,14.0,20
2023-10-15,SKU_0178,61,0,14.0,20
2023-10-22,SKU_0178,48,0,14.0,20
2023-10-29,SKU_0178,43,0,14.0,20
2023-11-05,SKU_0178,39,0,14.0,20
2023-11-12,SKU_0178,38,0,14.0,20
2023-11-19,SKU_0178,34,0,14.0,20
2023-11-26,SKU_0178,26,0,14.0,20
2023-12-03,SKU_0178,21,0,14.0,20
2023-12-10,SKU_0178,19,128,14.0,20
2023-12-17,SKU_0178,17,117,14.0,20
2023-12-24,SKU_0178,196,0,14.0,20
2023-12-31,SKU_0178,147,0,14.0,20
2024-01-07,SKU_0178,108,0,14.0,20
2024-01-14,SKU_0178,84,0,14.0,20
2024-01-21,SKU_0178,68,0,14.0,20
2024-01-28,SKU_0178,54,0,14.0,20
2024-02-04,SKU_0178,41,0,14.0,20
2024-02-11,SKU_0178,34,0,14.0,20
2024-02-18,SKU_0178,25,0,14.0,20
2024-02-25,SKU_0178,20,0,14.0,20
2024-03-03,SKU_0178,18,130,14.0,20
2024-03-10,SKU_0178,169,0,14.0,20
2024-03-17,SKU_0178,131,0,14.0,20
2024-03-24,SKU_0178,125,0,14.0,20
2024-03-31,SKU_0178,120,0,14.0,20
2024-04-07,SKU_0178,116,0,14.0,20
2024-04-14,SKU_0178,116,0,14.0,20
2024-04-21,SKU_0178,95,0,14.0,20
2024-04-28,SKU_0178,68,0,14.0,20
2024-05-05,SKU_0178,60,0,14.0,20
2024-05-12,SKU_0178,57,0,14.0,20
2024-05-19,SKU_0178,56,0,14.0,20
2024-05-26,SKU_0178,50,0,14.0,20
2024-06-02,SKU_0178,38,0,14.0,20
2024-06-09,SKU_0178,35,0,14.0,20
2024-06-16,SKU_0178,26,0,14.0,20
2024-06-23,SKU_0178,19,182,14.0,20
2024-06-30,SKU_0178,143,0,14.0,20
2024-07-07,SKU_0178,114,0,14.0,20
2024-07-14,SKU_0178,95,0,14.0,20
2024-07-21,SKU_0178,85,0,14.0,20
2024-07-28,SKU_0178,83,0,14.0,20
2024-08-04,SKU_0178,76,0,14.0,20
2024-08-11,SKU_0178,66,0,14.0,20
2024-08-18,SKU_0178,56,0,14.0,20
2024-08-25,SKU_0178,47,0,14.0,20
2024-09-01,SKU_0178,45,0,14.0,20
2024-09-08,SKU_0178,39,0,14.0,20
2024-09-15,SKU_0178,34,0,14.0,20
2024-09-22,SKU_0178,30,0,14.0,20
2024-09-29,SKU_0178,21,0,14.0,20
2024-10-06,SKU_0178,18,186,14.0,20
2024-10-13,SKU_0178,135,0,14.0,20
2024-10-20,SKU_0178,103,0,14.0,20
2024-10-27,SKU_0178,97,0,14.0,20
2024-11-03,SKU_0178,72,0,14.0,20
2024-11-10,SKU_0178,59,0,14.0,20
2024-11-17,SKU_0178,50,0,14.0,20
2024-11-24,SKU_0178,50,0,14.0,20
2024-12-01,SKU_0178,43,0,14.0,20
2024-12-08,SKU_0178,33,0,14.0,20
2024-12-15,SKU_0178,27,0,14.0,20
2024-12-22,SKU_0178,24,0,14.0,20
2024-12-29,SKU_0178,22,0,14.0,20
2023-01-01,SKU_0179,187,0,21.0,44
2023-01-08,SKU_0179,174,0,21.0,44
2023-01-15,SKU_0179,149,0,21.0,44
2023-01-22,SKU_0179,126,0,21.0,44
2023-01-29,SKU_0179,99,0,21.0,44
2023-02-05,SKU_0179,88,0,21.0,44
2023-02-12,SKU_0179,85,0,21.0,44
2023-02-19,SKU_0179,62,0,21.0,44
2023-02-26,SKU_0179,55,0,21.0,44
2023-03-05,SKU_0179,51,0,21.0,44
2023-03-12,SKU_0179,168,0,21.0,44
2023-03-19,SKU_0179,135,0,21.0,44
2023-03-26,SKU_0179,105,0,21.0,44
2023-04-02,SKU_0179,95,0,21.0,44
2023-04-09,SKU_0179,94,0,21.0,44
2023-04-16,SKU_0179,73,0,21.0,44
2023-04-23,SKU_0179,70,0,21.0,44
2023-04-30,SKU_0179,61,0,21.0,44
2023-05-07,SKU_0179,45,0,21.0,44
2023-05-14,SKU_0179,41,176,21.0,44
2023-05-21,SKU_0179,234,0,21.0,44
2023-05-28,SKU_0179,202,0,21.0,44
2023-06-04,SKU_0179,178,0,21.0,44
2023-06-11,SKU_0179,144,0,21.0,44
2023-06-18,SKU_0179,103,0,21.0,44
2023-06-25,SKU_0179,103,0,21.0,44
2023-07-02,SKU_0179,93,0,21.0,44
2023-07-09,SKU_0179,89,0,21.0,44
2023-07-16,SKU_0179,85,0,21.0,44
2023-07-23,SKU_0179,79,0,21.0,44
2023-07-30,SKU_0179,63,0,21.0,44
2023-08-06,SKU_0179,51,0,21.0,44
2023-08-13,SKU_0179,44,0,21.0,44
2023-08-20,SKU_0179,35,165,21.0,44
2023-08-27,SKU_0179,120,0,21.0,44
2023-09-03,SKU_0179,114,0,21.0,44
2023-09-10,SKU_0179,95,0,21.0,44
2023-09-17,SKU_0179,92,0,21.0,44
2023-09-24,SKU_0179,80,0,21.0,44
2023-10-01,SKU_0179,75,0,21.0,44
2023-10-08,SKU_0179,69,0,21.0,44
2023-10-15,SKU_0179,67,0,21.0,44
2023-10-22,SKU_0179,55,0,21.0,44
2023-10-29,SKU_0179,144,0,21.0,44
2023-11-05,SKU_0179,101,0,21.0,44
2023-11-12,SKU_0179,97,0,21.0,44
2023-11-19,SKU_0179,72,0,21.0,44
2023-11-26,SKU_0179,65,0,21.0,44
2023-12-03,SKU_0179,60,0,21.0,44
2023-12-10,SKU_0179,58,0,21.0,44
2023-12-17,SKU_0179,43,189,21.0,44
2023-12-24,SKU_0179,153,0,21.0,44
2023-12-31,SKU_0179,125,0,21.0,44
2024-01-07,SKU_0179,101,0,21.0,44
2024-01-14,SKU_0179,93,0,21.0,44
2024-01-21,SKU_0179,82,0,21.0,44
2024-01-28,SKU_0179,70,0,21.0,44
2024-02-04,SKU_0179,53,0,21.0,44
2024-02-11,SKU_0179,150,0,21.0,44
2024-02-18,SKU_0179,143,0,21.0,44
2024-02-25,SKU_0179,113,0,21.0,44
2024-03-03,SKU_0179,88,0,21.0,44
2024-03-10,SKU_0179,75,0,21.0,44
2024-03-17,SKU_0179,60,0,21.0,44
2024-03-24,SKU_0179,48,0,21.0,44
2024-03-31,SKU_0179,47,0,21.0,44
2024-04-07,SKU_0179,46,0,21.0,44
2024-04-14,SKU_0179,42,63,21.0,44
2024-04-21,SKU_0179,35,56,21.0,44
2024-04-28,SKU_0179,103,0,21.0,44
2024-05-05,SKU_0179,95,0,21.0,44
2024-05-12,SKU_0179,89,0,21.0,44
2024-05-19,SKU_0179,63,0,21.0,44
2024-05-26,SKU_0179,61,0,21.0,44
2024-06-02,SKU_0179,61,0,21.0,44
2024-06-09,SKU_0179,49,0,21.0,44
2024-06-16,SKU_0179,167,0,21.0,44
2024-06-23,SKU_0179,140,0,21.0,44
2024-06-30,SKU_0179,103,0,21.0,44
2024-07-07,SKU_0179,83,0,21.0,44
2024-07-14,SKU_0179,61,0,21.0,44
2024-07-21,SKU_0179,45,0,21.0,44
2024-07-28,SKU_0179,118,0,21.0,44
2024-08-04,SKU_0179,91,0,21.0,44
2024-08-11,SKU_0179,69,0,21.0,44
2024-08-18,SKU_0179,63,0,21.0,44
2024-08-25,SKU_0179,63,0,21.0,44
2024-09-01,SKU_0179,63,0,21.0,44
2024-09-08,SKU_0179,50,0,21.0,44
2024-09-15,SKU_0179,199,0,21.0,44
2024-09-22,SKU_0179,142,0,21.0,44
2024-09-29,SKU_0179,140,0,21.0,44
2024-10-06,SKU_0179,113,0,21.0,44
2024-10-13,SKU_0179,93,0,21.0,44
2024-10-20,SKU_0179,93,0,21.0,44
2024-10-27,SKU_0179,71,0,21.0,44
2024-11-03,SKU_0179,65,0,21.0,44
2024-11-10,SKU_0179,64,0,21.0,44
2024-11-17,SKU_0179,60,0,21.0,44
2024-11-24,SKU_0179,42,59,21.0,44
2024-12-01,SKU_0179,37,153,21.0,44
2024-12-08,SKU_0179,166,0,21.0,44
2024-12-15,SKU_0179,151,0,21.0,44
2024-12-22,SKU_0179,115,0,21.0,44
2024-12-29,SKU_0179,99,0,21.0,44
2023-01-01,SKU_0180,227,0,21.0,68
2023-01-08,SKU_0180,185,0,21.0,68
2023-01-15,SKU_0180,170,0,21.0,68
2023-01-22,SKU_0180,152,0,21.0,68
2023-01-29,SKU_0180,119,0,21.0,68
2023-02-05,SKU_0180,115,0,21.0,68
2023-02-12,SKU_0180,113,0,21.0,68
2023-02-19,SKU_0180,113,0,21.0,68
2023-02-26,SKU_0180,98,0,21.0,68
2023-03-05,SKU_0180,82,0,21.0,68
2023-03-12,SKU_0180,79,0,21.0,68
2023-03-19,SKU_0180,59,162,21.0,68
2023-03-26,SKU_0180,129,0,21.0,68
2023-04-02,SKU_0180,104,0,21.0,68
2023-04-09,SKU_0180,94,0,21.0,68
2023-04-16,SKU_0180,83,0,21.0,68
2023-04-23,SKU_0180,81,0,21.0,68
2023-04-30,SKU_0180,57,193,21.0,68
2023-05-07,SKU_0180,45,106,21.0,68
2023-05-14,SKU_0180,34,167,21.0,68
2023-05-21,SKU_0180,160,0,21.0,68
2023-05-28,SKU_0180,156,0,21.0,68
2023-06-04,SKU_0180,148,0,21.0,68
2023-06-11,SKU_0180,104,0,21.0,68
2023-06-18,SKU_0180,99,0,21.0,68
2023-06-25,SKU_0180,97,0,21.0,68
2023-07-02,SKU_0180,70,0,21.0,68
2023-07-09,SKU_0180,62,99,21.0,68
2023-07-16,SKU_0180,148,0,21.0,68
2023-07-23,SKU_0180,143,0,21.0,68
2023-07-30,SKU_0180,104,0,21.0,68
2023-08-06,SKU_0180,79,0,21.0,68
2023-08-13,SKU_0180,56,60,21.0,68
2023-08-20,SKU_0180,174,0,21.0,68
2023-08-27,SKU_0180,155,0,21.0,68
2023-09-03,SKU_0180,140,0,21.0,68
2023-09-10,SKU_0180,122,0,21.0,68
2023-09-17,SKU_0180,100,0,21.0,68
2023-09-24,SKU_0180,75,0,21.0,68
2023-10-01,SKU_0180,127,0,21.0,68
2023-10-08,SKU_0180,115,0,21.0,68
2023-10-15,SKU_0180,87,0,21.0,68
2023-10-22,SKU_0180,80,0,21.0,68
2023-10-29,SKU_0180,80,0,21.0,68
2023-11-05,SKU_0180,74,0,21.0,68
2023-11-12,SKU_0180,151,0,21.0,68
2023-11-19,SKU_0180,118,0,21.0,68
2023-11-26,SKU_0180,116,0,21.0,68
2023-12-03,SKU_0180,94,0,21.0,68
2023-12-10,SKU_0180,70,0,21.0,68
2023-12-17,SKU_0180,244,0,21.0,68
2023-12-24,SKU_0180,197,0,21.0,68
2023-12-31,SKU_0180,182,0,21.0,68
2024-01-07,SKU_0180,157,0,21.0,68
2024-01-14,SKU_0180,129,0,21.0,68
2024-01-21,SKU_0180,108,0,21.0,68
2024-01-28,SKU_0180,88,0,21.0,68
2024-02-04,SKU_0180,69,0,21.0,68
2024-02-11,SKU_0180,69,0,21.0,68
2024-02-18,SKU_0180,59,62,21.0,68
2024-02-25,SKU_0180,42,135,21.0,68
2024-03-03,SKU_0180,182,0,21.0,68
2024-03-10,SKU_0180,163,0,21.0,68
2024-03-17,SKU_0180,138,0,21.0,68
2024-03-24,SKU_0180,123,0,21.0,68
2024-03-31,SKU_0180,122,0,21.0,68
2024-04-07,SKU_0180,107,0,21.0,68
2024-04-14,SKU_0180,101,0,21.0,68
2024-04-21,SKU_0180,74,0,21.0,68
2024-04-28,SKU_0180,71,0,21.0,68
2024-05-05,SKU_0180,195,0,21.0,68
2024-05-12,SKU_0180,178,0,21.0,68
2024-05-19,SKU_0180,134,0,21.0,68
2024-05-26,SKU_0180,113,0,21.0,68
2024-06-02,SKU_0180,90,0,21.0,68
2024-06-09,SKU_0180,197,0,21.0,68
2024-06-16,SKU_0180,146,0,21.0,68
2024-06-23,SKU_0180,144,0,21.0,68
2024-06-30,SKU_0180,103,0,21.0,68
2024-07-07,SKU_0180,101,0,21.0,68
2024-07-14,SKU_0180,77,0,21.0,68
2024-07-21,SKU_0180,163,0,21.0,68
2024-07-28,SKU_0180,161,0,21.0,68
2024-08-04,SKU_0180,148,0,21.0,68
2024-08-11,SKU_0180,119,0,21.0,68
2024-08-18,SKU_0180,100,0,21.0,68
2024-08-25,SKU_0180,100,0,21.0,68
2024-09-01,SKU_0180,88,0,21.0,68
2024-09-08,SKU_0180,259,0,21.0,68
2024-09-15,SKU_0180,211,0,21.0,68
2024-09-22,SKU_0180,154,0,21.0,68
2024-09-29,SKU_0180,126,0,21.0,68
2024-10-06,SKU_0180,122,0,21.0,68
2024-10-13,SKU_0180,110,0,21.0,68
2024-10-20,SKU_0180,85,0,21.0,68
2024-10-27,SKU_0180,75,0,21.0,68
2024-11-03,SKU_0180,116,0,21.0,68
2024-11-10,SKU_0180,110,0,21.0,68
2024-11-17,SKU_0180,81,0,21.0,68
2024-11-24,SKU_0180,232,0,21.0,68
2024-12-01,SKU_0180,189,0,21.0,68
2024-12-08,SKU_0180,142,0,21.0,68
2024-12-15,SKU_0180,113,0,21.0,68
2024-12-22,SKU_0180,103,0,21.0,68
2024-12-29,SKU_0180,80,0,21.0,68
2023-01-01,SKU_0181,373,0,21.0,87
2023-01-08,SKU_0181,331,0,21.0,87
2023-01-15,SKU_0181,305,0,21.0,87
2023-01-22,SKU_0181,244,0,21.0,87
2023-01-29,SKU_0181,196,0,21.0,87
2023-02-05,SKU_0181,160,0,21.0,87
2023-02-12,SKU_0181,140,0,21.0,87
2023-02-19,SKU_0181,140,0,21.0,87
2023-02-26,SKU_0181,118,0,21.0,87
2023-03-05,SKU_0181,94,0,21.0,87
2023-03-12,SKU_0181,264,0,21.0,87
2023-03-19,SKU_0181,218,0,21.0,87
2023-03-26,SKU_0181,153,0,21.0,87
2023-04-02,SKU_0181,133,0,21.0,87
2023-04-09,SKU_0181,97,0,21.0,87
2023-04-16,SKU_0181,157,0,21.0,87
2023-04-23,SKU_0181,139,0,21.0,87
2023-04-30,SKU_0181,100,0,21.0,87
2023-05-07,SKU_0181,78,121,21.0,87
2023-05-14,SKU_0181,69,60,21.0,87
2023-05-21,SKU_0181,62,77,21.0,87
2023-05-28,SKU_0181,192,0,21.0,87
2023-06-04,SKU_0181,155,0,21.0,87
2023-06-11,SKU_0181,154,0,21.0,87
2023-06-18,SKU_0181,108,0,21.0,87
2023-06-25,SKU_0181,93,0,21.0,87
2023-07-02,SKU_0181,183,0,21.0,87
2023-07-09,SKU_0181,131,0,21.0,87
2023-07-16,SKU_0181,125,0,21.0,87
2023-07-23,SKU_0181,114,0,21.0,87
2023-07-30,SKU_0181,113,0,21.0,87
2023-08-06,SKU_0181,101,0,21.0,87
2023-08-13,SKU_0181,258,0,21.0,87
2023-08-20,SKU_0181,239,0,21.0,87
2023-08-27,SKU_0181,224,0,21.0,87
2023-09-03,SKU_0181,221,0,21.0,87
2023-09-10,SKU_0181,169,0,21.0,87
2023-09-17,SKU_0181,129,0,21.0,87
2023-09-24,SKU_0181,121,0,21.0,87
2023-10-01,SKU_0181,97,0,21.0,87
2023-10-08,SKU_0181,94,0,21.0,87
2023-10-15,SKU_0181,91,0,21.0,87
2023-10-22,SKU_0181,69,64,21.0,87
2023-10-29,SKU_0181,157,0,21.0,87
2023-11-05,SKU_0181,125,0,21.0,87
2023-11-12,SKU_0181,100,0,21.0,87
2023-11-19,SKU_0181,254,0,21.0,87
2023-11-26,SKU_0181,190,0,21.0,87
2023-12-03,SKU_0181,181,0,21.0,87
2023-12-10,SKU_0181,169,0,21.0,87
2023-12-17,SKU_0181,166,0,21.0,87
2023-12-24,SKU_0181,150,0,21.0,87
2023-12-31,SKU_0181,105,0,21.0,87
2024-01-07,SKU_0181,88,0,21.0,87
2024-01-14,SKU_0181,80,121,21.0,87
2024-01-21,SKU_0181,64,126,21.0,87
2024-01-28,SKU_0181,204,0,21.0,87
2024-02-04,SKU_0181,172,0,21.0,87
2024-02-11,SKU_0181,140,0,21.0,87
2024-02-18,SKU_0181,119,0,21.0,87
2024-02-25,SKU_0181,101,0,21.0,87
2024-03-03,SKU_0181,78,173,21.0,87
2024-03-10,SKU_0181,193,0,21.0,87
2024-03-17,SKU_0181,189,0,21.0,87
2024-03-24,SKU_0181,158,0,21.0,87
2024-03-31,SKU_0181,126,0,21.0,87
2024-04-07,SKU_0181,114,0,21.0,87
2024-04-14,SKU_0181,92,0,21.0,87
2024-04-21,SKU_0181,78,180,21.0,87
2024-04-28,SKU_0181,249,0,21.0,87
2024-05-05,SKU_0181,200,0,21.0,87
2024-05-12,SKU_0181,198,0,21.0,87
2024-05-19,SKU_0181,191,0,21.0,87
2024-05-26,SKU_0181,150,0,21.0,87
2024-06-02,SKU_0181,122,0,21.0,87
2024-06-09,SKU_0181,113,0,21.0,87
2024-06-16,SKU_0181,91,0,21.0,87
2024-06-23,SKU_0181,258,0,21.0,87
2024-06-30,SKU_0181,181,0,21.0,87
2024-07-07,SKU_0181,181,0,21.0,87
2024-07-14,SKU_0181,173,0,21.0,87
2024-07-21,SKU_0181,170,0,21.0,87
2024-07-28,SKU_0181,136,0,21.0,87
2024-08-04,SKU_0181,127,0,21.0,87
2024-08-11,SKU_0181,94,0,21.0,87
2024-08-18,SKU_0181,91,0,21.0,87
2024-08-25,SKU_0181,91,0,21.0,87
2024-09-01,SKU_0181,146,0,21.0,87
2024-09-08,SKU_0181,110,0,21.0,87
2024-09-15,SKU_0181,91,0,21.0,87
2024-09-22,SKU_0181,84,188,21.0,87
2024-09-29,SKU_0181,73,188,21.0,87
2024-10-06,SKU_0181,118,0,21.0,87
2024-10-13,SKU_0181,83,133,21.0,87
2024-10-20,SKU_0181,216,0,21.0,87
2024-10-27,SKU_0181,208,0,21.0,87
2024-11-03,SKU_0181,204,0,21.0,87
2024-11-10,SKU_0181,200,0,21.0,87
2024-11-17,SKU_0181,144,0,21.0,87
2024-11-24,SKU_0181,144,0,21.0,87
2024-12-01,SKU_0181,105,0,21.0,87
2024-12-08,SKU_0181,90,0,21.0,87
2024-12-15,SKU_0181,66,158,21.0,87
2024-12-22,SKU_0181,66,126,21.0,87
2024-12-29,SKU_0181,53,109,21.0,87
2023-01-01,SKU_0182,92,0,14.0,66
2023-01-08,SKU_0182,85,0,14.0,66
2023-01-15,SKU_0182,77,0,14.0,66
2023-01-22,SKU_0182,123,0,14.0,66
2023-01-29,SKU_0182,88,0,14.0,66
2023-02-05,SKU_0182,86,0,14.0,66
2023-02-12,SKU_0182,76,0,14.0,66
2023-02-19,SKU_0182,74,0,14.0,66
2023-02-26,SKU_0182,67,0,14.0,66
2023-03-05,SKU_0182,249,0,14.0,66
2023-03-12,SKU_0182,221,0,14.0,66
2023-03-19,SKU_0182,178,0,14.0,66
2023-03-26,SKU_0182,174,0,14.0,66
2023-04-02,SKU_0182,137,0,14.0,66
2023-04-09,SKU_0182,108,0,14.0,66
2023-04-16,SKU_0182,79,0,14.0,66
2023-04-23,SKU_0182,79,0,14.0,66
2023-04-30,SKU_0182,62,173,14.0,66
2023-05-07,SKU_0182,51,192,14.0,66
2023-05-14,SKU_0182,206,0,14.0,66
2023-05-21,SKU_0182,180,0,14.0,66
2023-05-28,SKU_0182,130,0,14.0,66
2023-06-04,SKU_0182,96,0,14.0,66
2023-06-11,SKU_0182,88,0,14.0,66
2023-06-18,SKU_0182,66,0,14.0,66
2023-06-25,SKU_0182,47,133,14.0,66
2023-07-02,SKU_0182,35,157,14.0,66
2023-07-09,SKU_0182,29,99,14.0,66
2023-07-16,SKU_0182,81,0,14.0,66
2023-07-23,SKU_0182,73,0,14.0,66
2023-07-30,SKU_0182,70,0,14.0,66
2023-08-06,SKU_0182,61,95,14.0,66
2023-08-13,SKU_0182,61,174,14.0,66
2023-08-20,SKU_0182,126,0,14.0,66
2023-08-27,SKU_0182,122,0,14.0,66
2023-09-03,SKU_0182,99,0,14.0,66
2023-09-10,SKU_0182,79,0,14.0,66
2023-09-17,SKU_0182,79,0,14.0,66
2023-09-24,SKU_0182,73,0,14.0,66
2023-10-01,SKU_0182,70,0,14.0,66
2023-10-08,SKU_0182,52,69,14.0,66
2023-10-15,SKU_0182,42,100,14.0,66
2023-10-22,SKU_0182,33,197,14.0,66
2023-10-29,SKU_0182,26,181,14.0,66
2023-11-05,SKU_0182,26,184,14.0,66
2023-11-12,SKU_0182,22,54,14.0,66
2023-11-19,SKU_0182,20,177,14.0,66
2023-11-26,SKU_0182,187,0,14.0,66
2023-12-03,SKU_0182,185,0,14.0,66
2023-12-10,SKU_0182,178,0,14.0,66
2023-12-17,SKU_0182,176,0,14.0,66
2023-12-24,SKU_0182,135,0,14.0,66
2023-12-31,SKU_0182,121,0,14.0,66
2024-01-07,SKU_0182,106,0,14.0,66
2024-01-14,SKU_0182,77,0,14.0,66
2024-01-21,SKU_0182,69,0,14.0,66
2024-01-28,SKU_0182,244,0,14.0,66
2024-02-04,SKU_0182,208,0,14.0,66
2024-02-11,SKU_0182,187,0,14.0,66
2024-02-18,SKU_0182,184,0,14.0,66
2024-02-25,SKU_0182,141,0,14.0,66
2024-03-03,SKU_0182,99,0,14.0,66
2024-03-10,SKU_0182,86,0,14.0,66
2024-03-17,SKU_0182,84,0,14.0,66
2024-03-24,SKU_0182,78,0,14.0,66
2024-03-31,SKU_0182,150,0,14.0,66
2024-04-07,SKU_0182,114,0,14.0,66
2024-04-14,SKU_0182,83,0,14.0,66
2024-04-21,SKU_0182,62,189,14.0,66
2024-04-28,SKU_0182,59,171,14.0,66
2024-05-05,SKU_0182,100,0,14.0,66
2024-05-12,SKU_0182,97,0,14.0,66
2024-05-19,SKU_0182,81,0,14.0,66
2024-05-26,SKU_0182,246,0,14.0,66
2024-06-02,SKU_0182,212,0,14.0,66
2024-06-09,SKU_0182,187,0,14.0,66
2024-06-16,SKU_0182,174,0,14.0,66
2024-06-23,SKU_0182,132,0,14.0,66
2024-06-30,SKU_0182,130,0,14.0,66
2024-07-07,SKU_0182,111,0,14.0,66
2024-07-14,SKU_0182,91,0,14.0,66
2024-07-21,SKU_0182,76,0,14.0,66
2024-07-28,SKU_0182,64,182,14.0,66
2024-08-04,SKU_0182,217,0,14.0,66
2024-08-11,SKU_0182,163,0,14.0,66
2024-08-18,SKU_0182,147,0,14.0,66
2024-08-25,SKU_0182,104,0,14.0,66
2024-09-01,SKU_0182,85,0,14.0,66
2024-09-08,SKU_0182,62,129,14.0,66
2024-09-15,SKU_0182,197,0,14.0,66
2024-09-22,SKU_0182,173,0,14.0,66
2024-09-29,SKU_0182,151,0,14.0,66
2024-10-06,SKU_0182,135,0,14.0,66
2024-10-13,SKU_0182,115,0,14.0,66
2024-10-20,SKU_0182,87,0,14.0,66
2024-10-27,SKU_0182,71,0,14.0,66
2024-11-03,SKU_0182,62,181,14.0,66
2024-11-10,SKU_0182,172,0,14.0,66
2024-11-17,SKU_0182,170,0,14.0,66
2024-11-24,SKU_0182,153,0,14.0,66
2024-12-01,SKU_0182,111,0,14.0,66
2024-12-08,SKU_0182,104,0,14.0,66
2024-12-15,SKU_0182,86,0,14.0,66
2024-12-22,SKU_0182,66,0,14.0,66
2024-12-29,SKU_0182,206,0,14.0,66
2023-01-01,SKU_0183,201,0,14.0,80
2023-01-08,SKU_0183,158,0,14.0,80
2023-01-15,SKU_0183,122,0,14.0,80
2023-01-22,SKU_0183,91,0,14.0,80
2023-01-29,SKU_0183,75,192,14.0,80
2023-02-05,SKU_0183,68,102,14.0,80
2023-02-12,SKU_0183,129,0,14.0,80
2023-02-19,SKU_0183,99,0,14.0,80
2023-02-26,SKU_0183,85,0,14.0,80
2023-03-05,SKU_0183,66,146,14.0,80
2023-03-12,SKU_0183,63,93,14.0,80
2023-03-19,SKU_0183,173,0,14.0,80
2023-03-26,SKU_0183,149,0,14.0,80
2023-04-02,SKU_0183,130,0,14.0,80
2023-04-09,SKU_0183,104,0,14.0,80
2023-04-16,SKU_0183,94,0,14.0,80
2023-04-23,SKU_0183,92,0,14.0,80
2023-04-30,SKU_0183,92,0,14.0,80
2023-05-07,SKU_0183,85,0,14.0,80
2023-05-14,SKU_0183,229,0,14.0,80
2023-05-21,SKU_0183,184,0,14.0,80
2023-05-28,SKU_0183,180,0,14.0,80
2023-06-04,SKU_0183,155,0,14.0,80
2023-06-11,SKU_0183,131,0,14.0,80
2023-06-18,SKU_0183,93,0,14.0,80
2023-06-25,SKU_0183,90,0,14.0,80
2023-07-02,SKU_0183,76,66,14.0,80
2023-07-09,SKU_0183,73,198,14.0,80
2023-07-16,SKU_0183,243,0,14.0,80
2023-07-23,SKU_0183,213,0,14.0,80
2023-07-30,SKU_0183,194,0,14.0,80
2023-08-06,SKU_0183,170,0,14.0,80
2023-08-13,SKU_0183,156,0,14.0,80
2023-08-20,SKU_0183,150,0,14.0,80
2023-08-27,SKU_0183,133,0,14.0,80
2023-09-03,SKU_0183,95,0,14.0,80
2023-09-10,SKU_0183,95,0,14.0,80
2023-09-17,SKU_0183,95,0,14.0,80
2023-09-24,SKU_0183,73,152,14.0,80
2023-10-01,SKU_0183,52,160,14.0,80
2023-10-08,SKU_0183,44,126,14.0,80
2023-10-15,SKU_0183,97,0,14.0,80
2023-10-22,SKU_0183,86,0,14.0,80
2023-10-29,SKU_0183,142,0,14.0,80
2023-11-05,SKU_0183,121,0,14.0,80
2023-11-12,SKU_0183,85,0,14.0,80
2023-11-19,SKU_0183,204,0,14.0,80
2023-11-26,SKU_0183,159,0,14.0,80
2023-12-03,SKU_0183,137,0,14.0,80
2023-12-10,SKU_0183,119,0,14.0,80
2023-12-17,SKU_0183,116,0,14.0,80
2023-12-24,SKU_0183,88,0,14.0,80
2023-12-31,SKU_0183,212,0,14.0,80
2024-01-07,SKU_0183,186,0,14.0,80
2024-01-14,SKU_0183,158,0,14.0,80
2024-01-21,SKU_0183,112,0,14.0,80
2024-01-28,SKU_0183,84,0,14.0,80
2024-02-04,SKU_0183,80,0,14.0,80
2024-02-11,SKU_0183,75,134,14.0,80
2024-02-18,SKU_0183,174,0,14.0,80
2024-02-25,SKU_0183,126,0,14.0,80
2024-03-03,SKU_0183,105,0,14.0,80
2024-03-10,SKU_0183,93,0,14.0,80
2024-03-17,SKU_0183,235,0,14.0,80
2024-03-24,SKU_0183,220,0,14.0,80
2024-03-31,SKU_0183,176,0,14.0,80
2024-04-07,SKU_0183,154,0,14.0,80
2024-04-14,SKU_0183,135,0,14.0,80
2024-04-21,SKU_0183,100,0,14.0,80
2024-04-28,SKU_0183,94,0,14.0,80
2024-05-05,SKU_0183,83,0,14.0,80
2024-05-12,SKU_0183,247,0,14.0,80
2024-05-19,SKU_0183,246,0,14.0,80
2024-05-26,SKU_0183,211,0,14.0,80
2024-06-02,SKU_0183,166,0,14.0,80
2024-06-09,SKU_0183,135,0,14.0,80
2024-06-16,SKU_0183,96,0,14.0,80
2024-06-23,SKU_0183,172,0,14.0,80
2024-06-30,SKU_0183,144,0,14.0,80
2024-07-07,SKU_0183,124,0,14.0,80
2024-07-14,SKU_0183,90,0,14.0,80
2024-07-21,SKU_0183,202,0,14.0,80
2024-07-28,SKU_0183,197,0,14.0,80
2024-08-04,SKU_0183,148,0,14.0,80
2024-08-11,SKU_0183,130,0,14.0,80
2024-08-18,SKU_0183,107,0,14.0,80
2024-08-25,SKU_0183,90,0,14.0,80
2024-09-01,SKU_0183,85,0,14.0,80
2024-09-08,SKU_0183,65,187,14.0,80
2024-09-15,SKU_0183,255,0,14.0,80
2024-09-22,SKU_0183,188,0,14.0,80
2024-09-29,SKU_0183,184,0,14.0,80
2024-10-06,SKU_0183,156,0,14.0,80
2024-10-13,SKU_0183,146,0,14.0,80
2024-10-20,SKU_0183,108,0,14.0,80
2024-10-27,SKU_0183,78,71,14.0,80
2024-11-03,SKU_0183,122,0,14.0,80
2024-11-10,SKU_0183,107,0,14.0,80
2024-11-17,SKU_0183,107,0,14.0,80
2024-11-24,SKU_0183,76,181,14.0,80
2024-12-01,SKU_0183,71,114,14.0,80
2024-12-08,SKU_0183,57,160,14.0,80
2024-12-15,SKU_0183,144,0,14.0,80
2024-12-22,SKU_0183,125,0,14.0,80
2024-12-29,SKU_0183,107,0,14.0,80
2023-01-01,SKU_0184,112,0,21.0,65
2023-01-08,SKU_0184,92,0,21.0,65
2023-01-15,SKU_0184,82,0,21.0,65
2023-01-22,SKU_0184,69,0,21.0,65
2023-01-29,SKU_0184,65,0,21.0,65
2023-02-05,SKU_0184,208,0,21.0,65
2023-02-12,SKU_0184,204,0,21.0,65
2023-02-19,SKU_0184,143,0,21.0,65
2023-02-26,SKU_0184,128,0,21.0,65
2023-03-05,SKU_0184,115,0,21.0,65
2023-03-12,SKU_0184,81,0,21.0,65
2023-03-19,SKU_0184,70,0,21.0,65
2023-03-26,SKU_0184,63,189,21.0,65
2023-04-02,SKU_0184,109,0,21.0,65
2023-04-09,SKU_0184,99,0,21.0,65
2023-04-16,SKU_0184,76,0,21.0,65
2023-04-23,SKU_0184,69,0,21.0,65
2023-04-30,SKU_0184,66,0,21.0,65
2023-05-07,SKU_0184,132,0,21.0,65
2023-05-14,SKU_0184,132,0,21.0,65
2023-05-21,SKU_0184,106,0,21.0,65
2023-05-28,SKU_0184,80,0,21.0,65
2023-06-04,SKU_0184,76,0,21.0,65
2023-06-11,SKU_0184,61,103,21.0,65
2023-06-18,SKU_0184,166,0,21.0,65
2023-06-25,SKU_0184,155,0,21.0,65
2023-07-02,SKU_0184,123,0,21.0,65
2023-07-09,SKU_0184,91,0,21.0,65
2023-07-16,SKU_0184,88,0,21.0,65
2023-07-23,SKU_0184,73,0,21.0,65
2023-07-30,SKU_0184,126,0,21.0,65
2023-08-06,SKU_0184,117,0,21.0,65
2023-08-13,SKU_0184,111,0,21.0,65
2023-08-20,SKU_0184,78,0,21.0,65
2023-08-27,SKU_0184,60,63,21.0,65
2023-09-03,SKU_0184,46,77,21.0,65
2023-09-10,SKU_0184,44,192,21.0,65
2023-09-17,SKU_0184,122,0,21.0,65
2023-09-24,SKU_0184,94,0,21.0,65
2023-10-01,SKU_0184,74,0,21.0,65
2023-10-08,SKU_0184,68,0,21.0,65
2023-10-15,SKU_0184,53,86,21.0,65
2023-10-22,SKU_0184,50,88,21.0,65
2023-10-29,SKU_0184,117,0,21.0,65
2023-11-05,SKU_0184,116,0,21.0,65
2023-11-12,SKU_0184,97,0,21.0,65
2023-11-19,SKU_0184,79,0,21.0,65
2023-11-26,SKU_0184,72,0,21.0,65
2023-12-03,SKU_0184,72,0,21.0,65
2023-12-10,SKU_0184,55,84,21.0,65
2023-12-17,SKU_0184,238,0,21.0,65
2023-12-24,SKU_0184,234,0,21.0,65
2023-12-31,SKU_0184,181,0,21.0,65
2024-01-07,SKU_0184,180,0,21.0,65
2024-01-14,SKU_0184,150,0,21.0,65
2024-01-21,SKU_0184,120,0,21.0,65
2024-01-28,SKU_0184,92,0,21.0,65
2024-02-04,SKU_0184,92,0,21.0,65
2024-02-11,SKU_0184,67,0,21.0,65
2024-02-18,SKU_0184,151,0,21.0,65
2024-02-25,SKU_0184,149,0,21.0,65
2024-03-03,SKU_0184,130,0,21.0,65
2024-03-10,SKU_0184,119,0,21.0,65
2024-03-17,SKU_0184,101,0,21.0,65
2024-03-24,SKU_0184,96,0,21.0,65
2024-03-31,SKU_0184,74,0,21.0,65
2024-04-07,SKU_0184,73,0,21.0,65
2024-04-14,SKU_0184,69,0,21.0,65
2024-04-21,SKU_0184,62,102,21.0,65
2024-04-28,SKU_0184,50,146,21.0,65
2024-05-05,SKU_0184,98,0,21.0,65
2024-05-12,SKU_0184,70,0,21.0,65
2024-05-19,SKU_0184,66,0,21.0,65
2024-05-26,SKU_0184,210,0,21.0,65
2024-06-02,SKU_0184,179,0,21.0,65
2024-06-09,SKU_0184,163,0,21.0,65
2024-06-16,SKU_0184,158,0,21.0,65
2024-06-23,SKU_0184,128,0,21.0,65
2024-06-30,SKU_0184,124,0,21.0,65
2024-07-07,SKU_0184,95,0,21.0,65
2024-07-14,SKU_0184,95,0,21.0,65
2024-07-21,SKU_0184,74,0,21.0,65
2024-07-28,SKU_0184,57,118,21.0,65
2024-08-04,SKU_0184,47,181,21.0,65
2024-08-11,SKU_0184,46,119,21.0,65
2024-08-18,SKU_0184,39,121,21.0,65
2024-08-25,SKU_0184,36,151,21.0,65
2024-09-01,SKU_0184,28,155,21.0,65
2024-09-08,SKU_0184,26,188,21.0,65
2024-09-15,SKU_0184,184,0,21.0,65
2024-09-22,SKU_0184,139,0,21.0,65
2024-09-29,SKU_0184,116,0,21.0,65
2024-10-06,SKU_0184,116,0,21.0,65
2024-10-13,SKU_0184,108,0,21.0,65
2024-10-20,SKU_0184,97,0,21.0,65
2024-10-27,SKU_0184,87,0,21.0,65
2024-11-03,SKU_0184,67,0,21.0,65
2024-11-10,SKU_0184,67,0,21.0,65
2024-11-17,SKU_0184,164,0,21.0,65
2024-11-24,SKU_0184,137,0,21.0,65
2024-12-01,SKU_0184,126,0,21.0,65
2024-12-08,SKU_0184,93,0,21.0,65
2024-12-15,SKU_0184,70,0,21.0,65
2024-12-22,SKU_0184,181,0,21.0,65
2024-12-29,SKU_0184,171,0,21.0,65
2023-01-01,SKU_0185,343,0,21.0,48
2023-01-08,SKU_0185,339,0,21.0,48
2023-01-15,SKU_0185,259,0,21.0,48
2023-01-22,SKU_0185,196,0,21.0,48
2023-01-29,SKU_0185,171,0,21.0,48
2023-02-05,SKU_0185,123,0,21.0,48
2023-02-12,SKU_0185,113,0,21.0,48
2023-02-19,SKU_0185,96,0,21.0,48
2023-02-26,SKU_0185,92,0,21.0,48
2023-03-05,SKU_0185,89,0,21.0,48
2023-03-12,SKU_0185,76,0,21.0,48
2023-03-19,SKU_0185,68,0,21.0,48
2023-03-26,SKU_0185,54,0,21.0,48
2023-04-02,SKU_0185,134,0,21.0,48
2023-04-09,SKU_0185,107,0,21.0,48
2023-04-16,SKU_0185,98,0,21.0,48
2023-04-23,SKU_0185,77,0,21.0,48
2023-04-30,SKU_0185,74,0,21.0,48
2023-05-07,SKU_0185,55,0,21.0,48
2023-05-14,SKU_0185,55,0,21.0,48
2023-05-21,SKU_0185,216,0,21.0,48
2023-05-28,SKU_0185,164,0,21.0,48
2023-06-04,SKU_0185,163,0,21.0,48
2023-06-11,SKU_0185,157,0,21.0,48
2023-06-18,SKU_0185,118,0,21.0,48
2023-06-25,SKU_0185,110,0,21.0,48
2023-07-02,SKU_0185,110,0,21.0,48
2023-07-09,SKU_0185,77,0,21.0,48
2023-07-16,SKU_0185,60,0,21.0,48
2023-07-23,SKU_0185,171,0,21.0,48
2023-07-30,SKU_0185,132,0,21.0,48
2023-08-06,SKU_0185,126,0,21.0,48
2023-08-13,SKU_0185,97,0,21.0,48
2023-08-20,SKU_0185,85,0,21.0,48
2023-08-27,SKU_0185,66,0,21.0,48
2023-09-03,SKU_0185,51,0,21.0,48
2023-09-10,SKU_0185,200,0,21.0,48
2023-09-17,SKU_0185,186,0,21.0,48
2023-09-24,SKU_0185,171,0,21.0,48
2023-10-01,SKU_0185,133,0,21.0,48
2023-10-08,SKU_0185,95,0,21.0,48
2023-10-15,SKU_0185,73,0,21.0,48
2023-10-22,SKU_0185,53,0,21.0,48
2023-10-29,SKU_0185,42,144,21.0,48
2023-11-05,SKU_0185,37,98,21.0,48
2023-11-12,SKU_0185,157,0,21.0,48
2023-11-19,SKU_0185,115,0,21.0,48
2023-11-26,SKU_0185,115,0,21.0,48
2023-12-03,SKU_0185,104,0,21.0,48
2023-12-10,SKU_0185,99,0,21.0,48
2023-12-17,SKU_0185,89,0,21.0,48
2023-12-24,SKU_0185,74,0,21.0,48
2023-12-31,SKU_0185,71,0,21.0,48
2024-01-07,SKU_0185,56,0,21.0,48
2024-01-14,SKU_0185,49,0,21.0,48
2024-01-21,SKU_0185,120,0,21.0,48
2024-01-28,SKU_0185,96,0,21.0,48
2024-02-04,SKU_0185,71,0,21.0,48
2024-02-11,SKU_0185,65,0,21.0,48
2024-02-18,SKU_0185,59,0,21.0,48
2024-02-25,SKU_0185,57,0,21.0,48
2024-03-03,SKU_0185,140,0,21.0,48
2024-03-10,SKU_0185,112,0,21.0,48
2024-03-17,SKU_0185,87,0,21.0,48
2024-03-24,SKU_0185,85,0,21.0,48
2024-03-31,SKU_0185,60,0,21.0,48
2024-04-07,SKU_0185,57,0,21.0,48
2024-04-14,SKU_0185,42,199,21.0,48
2024-04-21,SKU_0185,84,0,21.0,48
2024-04-28,SKU_0185,84,0,21.0,48
2024-05-05,SKU_0185,62,0,21.0,48
2024-05-12,SKU_0185,141,0,21.0,48
2024-05-19,SKU_0185,138,0,21.0,48
2024-05-26,SKU_0185,131,0,21.0,48
2024-06-02,SKU_0185,99,0,21.0,48
2024-06-09,SKU_0185,72,0,21.0,48
2024-06-16,SKU_0185,60,0,21.0,48
2024-06-23,SKU_0185,50,0,21.0,48
2024-06-30,SKU_0185,48,0,21.0,48
2024-07-07,SKU_0185,175,0,21.0,48
2024-07-14,SKU_0185,131,0,21.0,48
2024-07-21,SKU_0185,104,0,21.0,48
2024-07-28,SKU_0185,73,0,21.0,48
2024-08-04,SKU_0185,70,0,21.0,48
2024-08-11,SKU_0185,49,0,21.0,48
2024-08-18,SKU_0185,45,142,21.0,48
2024-08-25,SKU_0185,45,77,21.0,48
2024-09-01,SKU_0185,40,116,21.0,48
2024-09-08,SKU_0185,131,0,21.0,48
2024-09-15,SKU_0185,121,0,21.0,48
2024-09-22,SKU_0185,88,0,21.0,48
2024-09-29,SKU_0185,64,0,21.0,48
2024-10-06,SKU_0185,48,0,21.0,48
2024-10-13,SKU_0185,157,0,21.0,48
2024-10-20,SKU_0185,114,0,21.0,48
2024-10-27,SKU_0185,87,0,21.0,48
2024-11-03,SKU_0185,69,0,21.0,48
2024-11-10,SKU_0185,49,0,21.0,48
2024-11-17,SKU_0185,120,0,21.0,48
2024-11-24,SKU_0185,95,0,21.0,48
2024-12-01,SKU_0185,85,0,21.0,48
2024-12-08,SKU_0185,67,0,21.0,48
2024-12-15,SKU_0185,55,0,21.0,48
2024-12-22,SKU_0185,55,0,21.0,48
2024-12-29,SKU_0185,174,0,21.0,48
2023-01-01,SKU_0186,167,0,21.0,61
2023-01-08,SKU_0186,157,0,21.0,61
2023-01-15,SKU_0186,123,0,21.0,61
2023-01-22,SKU_0186,95,0,21.0,61
2023-01-29,SKU_0186,94,0,21.0,61
2023-02-05,SKU_0186,72,0,21.0,61
2023-02-12,SKU_0186,251,0,21.0,61
2023-02-19,SKU_0186,223,0,21.0,61
2023-02-26,SKU_0186,215,0,21.0,61
2023-03-05,SKU_0186,206,0,21.0,61
2023-03-12,SKU_0186,158,0,21.0,61
2023-03-19,SKU_0186,127,0,21.0,61
2023-03-26,SKU_0186,121,0,21.0,61
2023-04-02,SKU_0186,117,0,21.0,61
2023-04-09,SKU_0186,114,0,21.0,61
2023-04-16,SKU_0186,86,0,21.0,61
2023-04-23,SKU_0186,68,0,21.0,61
2023-04-30,SKU_0186,66,0,21.0,61
2023-05-07,SKU_0186,47,123,21.0,61
2023-05-14,SKU_0186,112,0,21.0,61
2023-05-21,SKU_0186,102,0,21.0,61
2023-05-28,SKU_0186,94,0,21.0,61
2023-06-04,SKU_0186,76,0,21.0,61
2023-06-11,SKU_0186,72,0,21.0,61
2023-06-18,SKU_0186,69,0,21.0,61
2023-06-25,SKU_0186,140,0,21.0,61
2023-07-02,SKU_0186,108,0,21.0,61
2023-07-09,SKU_0186,88,0,21.0,61
2023-07-16,SKU_0186,71,0,21.0,61
2023-07-23,SKU_0186,239,0,21.0,61
2023-07-30,SKU_0186,238,0,21.0,61
2023-08-06,SKU_0186,179,0,21.0,61
2023-08-13,SKU_0186,158,0,21.0,61
2023-08-20,SKU_0186,141,0,21.0,61
2023-08-27,SKU_0186,99,0,21.0,61
2023-09-03,SKU_0186,89,0,21.0,61
2023-09-10,SKU_0186,68,0,21.0,61
2023-09-17,SKU_0186,68,0,21.0,61
2023-09-24,SKU_0186,64,0,21.0,61
2023-10-01,SKU_0186,62,0,21.0,61
2023-10-08,SKU_0186,51,150,21.0,61
2023-10-15,SKU_0186,36,175,21.0,61
2023-10-22,SKU_0186,205,0,21.0,61
2023-10-29,SKU_0186,196,0,21.0,61
2023-11-05,SKU_0186,148,0,21.0,61
2023-11-12,SKU_0186,130,0,21.0,61
2023-11-19,SKU_0186,127,0,21.0,61
2023-11-26,SKU_0186,117,0,21.0,61
2023-12-03,SKU_0186,88,0,21.0,61
2023-12-10,SKU_0186,68,0,21.0,61
2023-12-17,SKU_0186,61,0,21.0,61
2023-12-24,SKU_0186,55,198,21.0,61
2023-12-31,SKU_0186,193,0,21.0,61
2024-01-07,SKU_0186,148,0,21.0,61
2024-01-14,SKU_0186,140,0,21.0,61
2024-01-21,SKU_0186,105,0,21.0,61
2024-01-28,SKU_0186,82,0,21.0,61
2024-02-04,SKU_0186,63,0,21.0,61
2024-02-11,SKU_0186,169,0,21.0,61
2024-02-18,SKU_0186,162,0,21.0,61
2024-02-25,SKU_0186,139,0,21.0,61
2024-03-03,SKU_0186,119,0,21.0,61
2024-03-10,SKU_0186,90,0,21.0,61
2024-03-17,SKU_0186,71,0,21.0,61
2024-03-24,SKU_0186,51,73,21.0,61
2024-03-31,SKU_0186,217,0,21.0,61
2024-04-07,SKU_0186,213,0,21.0,61
2024-04-14,SKU_0186,204,0,21.0,61
2024-04-21,SKU_0186,147,0,21.0,61
2024-04-28,SKU_0186,135,0,21.0,61
2024-05-05,SKU_0186,99,0,21.0,61
2024-05-12,SKU_0186,80,0,21.0,61
2024-05-19,SKU_0186,71,0,21.0,61
2024-05-26,SKU_0186,146,0,21.0,61
2024-06-02,SKU_0186,144,0,21.0,61
2024-06-09,SKU_0186,110,0,21.0,61
2024-06-16,SKU_0186,100,0,21.0,61
2024-06-23,SKU_0186,80,0,21.0,61
2024-06-30,SKU_0186,74,0,21.0,61
2024-07-07,SKU_0186,72,0,21.0,61
2024-07-14,SKU_0186,67,0,21.0,61
2024-07-21,SKU_0186,245,0,21.0,61
2024-07-28,SKU_0186,213,0,21.0,61
2024-08-04,SKU_0186,211,0,21.0,61
2024-08-11,SKU_0186,209,0,21.0,61
2024-08-18,SKU_0186,190,0,21.0,61
2024-08-25,SKU_0186,184,0,21.0,61
2024-09-01,SKU_0186,161,0,21.0,61
2024-09-08,SKU_0186,140,0,21.0,61
2024-09-15,SKU_0186,120,0,21.0,61
2024-09-22,SKU_0186,93,0,21.0,61
2024-09-29,SKU_0186,81,0,21.0,61
2024-10-06,SKU_0186,70,0,21.0,61
2024-10-13,SKU_0186,229,0,21.0,61
2024-10-20,SKU_0186,220,0,21.0,61
2024-10-27,SKU_0186,181,0,21.0,61
2024-11-03,SKU_0186,155,0,21.0,61
2024-11-10,SKU_0186,139,0,21.0,61
2024-11-17,SKU_0186,120,0,21.0,61
2024-11-24,SKU_0186,89,0,21.0,61
2024-12-01,SKU_0186,76,0,21.0,61
2024-12-08,SKU_0186,68,0,21.0,61
2024-12-15,SKU_0186,64,0,21.0,61
2024-12-22,SKU_0186,143,0,21.0,61
2024-12-29,SKU_0186,141,0,21.0,61
2023-01-01,SKU_0187,147,0,21.0,72
2023-01-08,SKU_0187,128,0,21.0,72
2023-01-15,SKU_0187,95,0,21.0,72
2023-01-22,SKU_0187,91,0,21.0,72
2023-01-29,SKU_0187,89,0,21.0,72
2023-02-05,SKU_0187,79,0,21.0,72
2023-02-12,SKU_0187,234,0,21.0,72
2023-02-19,SKU_0187,196,0,21.0,72
2023-02-26,SKU_0187,195,0,21.0,72
2023-03-05,SKU_0187,186,0,21.0,72
2023-03-12,SKU_0187,132,0,21.0,72
2023-03-19,SKU_0187,106,0,21.0,72
2023-03-26,SKU_0187,102,0,21.0,72
2023-04-02,SKU_0187,75,0,21.0,72
2023-04-09,SKU_0187,234,0,21.0,72
2023-04-16,SKU_0187,184,0,21.0,72
2023-04-23,SKU_0187,181,0,21.0,72
2023-04-30,SKU_0187,130,0,21.0,72
2023-05-07,SKU_0187,123,0,21.0,72
2023-05-14,SKU_0187,117,0,21.0,72
2023-05-21,SKU_0187,109,0,21.0,72
2023-05-28,SKU_0187,82,0,21.0,72
2023-06-04,SKU_0187,81,0,21.0,72
2023-06-11,SKU_0187,71,114,21.0,72
2023-06-18,SKU_0187,50,131,21.0,72
2023-06-25,SKU_0187,198,0,21.0,72
2023-07-02,SKU_0187,161,0,21.0,72
2023-07-09,SKU_0187,131,0,21.0,72
2023-07-16,SKU_0187,116,0,21.0,72
2023-07-23,SKU_0187,109,0,21.0,72
2023-07-30,SKU_0187,93,0,21.0,72
2023-08-06,SKU_0187,78,0,21.0,72
2023-08-13,SKU_0187,72,0,21.0,72
2023-08-20,SKU_0187,53,144,21.0,72
2023-08-27,SKU_0187,224,0,21.0,72
2023-09-03,SKU_0187,204,0,21.0,72
2023-09-10,SKU_0187,185,0,21.0,72
2023-09-17,SKU_0187,184,0,21.0,72
2023-09-24,SKU_0187,154,0,21.0,72
2023-10-01,SKU_0187,115,0,21.0,72
2023-10-08,SKU_0187,103,0,21.0,72
2023-10-15,SKU_0187,87,0,21.0,72
2023-10-22,SKU_0187,73,0,21.0,72
2023-10-29,SKU_0187,58,154,21.0,72
2023-11-05,SKU_0187,47,79,21.0,72
2023-11-12,SKU_0187,46,159,21.0,72
2023-11-19,SKU_0187,35,106,21.0,72
2023-11-26,SKU_0187,120,0,21.0,72
2023-12-03,SKU_0187,106,0,21.0,72
2023-12-10,SKU_0187,88,0,21.0,72
2023-12-17,SKU_0187,79,0,21.0,72
2023-12-24,SKU_0187,254,0,21.0,72
2023-12-31,SKU_0187,187,0,21.0,72
2024-01-07,SKU_0187,140,0,21.0,72
2024-01-14,SKU_0187,138,0,21.0,72
2024-01-21,SKU_0187,124,0,21.0,72
2024-01-28,SKU_0187,123,0,21.0,72
2024-02-04,SKU_0187,120,0,21.0,72
2024-02-11,SKU_0187,112,0,21.0,72
2024-02-18,SKU_0187,102,0,21.0,72
2024-02-25,SKU_0187,86,0,21.0,72
2024-03-03,SKU_0187,76,0,21.0,72
2024-03-10,SKU_0187,72,0,21.0,72
2024-03-17,SKU_0187,59,115,21.0,72
2024-03-24,SKU_0187,164,0,21.0,72
2024-03-31,SKU_0187,124,0,21.0,72
2024-04-07,SKU_0187,99,0,21.0,72
2024-04-14,SKU_0187,95,0,21.0,72
2024-04-21,SKU_0187,88,0,21.0,72
2024-04-28,SKU_0187,69,172,21.0,72
2024-05-05,SKU_0187,61,79,21.0,72
2024-05-12,SKU_0187,61,195,21.0,72
2024-05-19,SKU_0187,180,0,21.0,72
2024-05-26,SKU_0187,165,0,21.0,72
2024-06-02,SKU_0187,147,0,21.0,72
2024-06-09,SKU_0187,126,0,21.0,72
2024-06-16,SKU_0187,105,0,21.0,72
2024-06-23,SKU_0187,89,0,21.0,72
2024-06-30,SKU_0187,82,0,21.0,72
2024-07-07,SKU_0187,71,128,21.0,72
2024-07-14,SKU_0187,103,0,21.0,72
2024-07-21,SKU_0187,90,0,21.0,72
2024-07-28,SKU_0187,79,0,21.0,72
2024-08-04,SKU_0187,155,0,21.0,72
2024-08-11,SKU_0187,113,0,21.0,72
2024-08-18,SKU_0187,107,0,21.0,72
2024-08-25,SKU_0187,81,0,21.0,72
2024-09-01,SKU_0187,78,0,21.0,72
2024-09-08,SKU_0187,240,0,21.0,72
2024-09-15,SKU_0187,217,0,21.0,72
2024-09-22,SKU_0187,212,0,21.0,72
2024-09-29,SKU_0187,181,0,21.0,72
2024-10-06,SKU_0187,173,0,21.0,72
2024-10-13,SKU_0187,148,0,21.0,72
2024-10-20,SKU_0187,139,0,21.0,72
2024-10-27,SKU_0187,114,0,21.0,72
2024-11-03,SKU_0187,88,0,21.0,72
2024-11-10,SKU_0187,72,0,21.0,72
2024-11-17,SKU_0187,229,0,21.0,72
2024-11-24,SKU_0187,187,0,21.0,72
2024-12-01,SKU_0187,171,0,21.0,72
2024-12-08,SKU_0187,136,0,21.0,72
2024-12-15,SKU_0187,110,0,21.0,72
2024-12-22,SKU_0187,100,0,21.0,72
2024-12-29,SKU_0187,80,0,21.0,72
2023-01-01,SKU_0188,135,0,7.0,84
2023-01-08,SKU_0188,120,0,7.0,84
2023-01-15,SKU_0188,111,0,7.0,84
2023-01-22,SKU_0188,97,0,7.0,84
2023-01-29,SKU_0188,90,0,7.0,84
2023-02-05,SKU_0188,66,67,7.0,84
2023-02-12,SKU_0188,252,0,7.0,84
2023-02-19,SKU_0188,252,0,7.0,84
2023-02-26,SKU_0188,188,0,7.0,84
2023-03-05,SKU_0188,149,0,7.0,84
2023-03-12,SKU_0188,148,0,7.0,84
2023-03-19,SKU_0188,143,0,7.0,84
2023-03-26,SKU_0188,106,0,7.0,84
2023-04-02,SKU_0188,105,0,7.0,84
2023-04-09,SKU_0188,86,0,7.0,84
2023-04-16,SKU_0188,84,0,7.0,84
2023-04-23,SKU_0188,200,0,7.0,84
2023-04-30,SKU_0188,142,0,7.0,84
2023-05-07,SKU_0188,108,0,7.0,84
2023-05-14,SKU_0188,106,0,7.0,84
2023-05-21,SKU_0188,85,0,7.0,84
2023-05-28,SKU_0188,71,75,7.0,84
2023-06-04,SKU_0188,220,0,7.0,84
2023-06-11,SKU_0188,159,0,7.0,84
2023-06-18,SKU_0188,158,0,7.0,84
2023-06-25,SKU_0188,158,0,7.0,84
2023-07-02,SKU_0188,155,0,7.0,84
2023-07-09,SKU_0188,152,0,7.0,84
2023-07-16,SKU_0188,129,0,7.0,84
2023-07-23,SKU_0188,119,0,7.0,84
2023-07-30,SKU_0188,91,0,7.0,84
2023-08-06,SKU_0188,217,0,7.0,84
2023-08-13,SKU_0188,164,0,7.0,84
2023-08-20,SKU_0188,162,0,7.0,84
2023-08-27,SKU_0188,114,0,7.0,84
2023-09-03,SKU_0188,93,0,7.0,84
2023-09-10,SKU_0188,130,0,7.0,84
2023-09-17,SKU_0188,103,0,7.0,84
2023-09-24,SKU_0188,84,0,7.0,84
2023-10-01,SKU_0188,276,0,7.0,84
2023-10-08,SKU_0188,266,0,7.0,84
2023-10-15,SKU_0188,232,0,7.0,84
2023-10-22,SKU_0188,224,0,7.0,84
2023-10-29,SKU_0188,191,0,7.0,84
2023-11-05,SKU_0188,168,0,7.0,84
2023-11-12,SKU_0188,168,0,7.0,84
2023-11-19,SKU_0188,138,0,7.0,84
2023-11-26,SKU_0188,107,0,7.0,84
2023-12-03,SKU_0188,92,0,7.0,84
2023-12-10,SKU_0188,81,66,7.0,84
2023-12-17,SKU_0188,67,66,7.0,84
2023-12-24,SKU_0188,47,84,7.0,84
2023-12-31,SKU_0188,39,165,7.0,84
2024-01-07,SKU_0188,128,0,7.0,84
2024-01-14,SKU_0188,94,0,7.0,84
2024-01-21,SKU_0188,67,59,7.0,84
2024-01-28,SKU_0188,65,189,7.0,84
2024-02-04,SKU_0188,145,0,7.0,84
2024-02-11,SKU_0188,116,0,7.0,84
2024-02-18,SKU_0188,86,0,7.0,84
2024-02-25,SKU_0188,254,0,7.0,84
2024-03-03,SKU_0188,229,0,7.0,84
2024-03-10,SKU_0188,203,0,7.0,84
2024-03-17,SKU_0188,188,0,7.0,84
2024-03-24,SKU_0188,156,0,7.0,84
2024-03-31,SKU_0188,118,0,7.0,84
2024-04-07,SKU_0188,107,0,7.0,84
2024-04-14,SKU_0188,252,0,7.0,84
2024-04-21,SKU_0188,181,0,7.0,84
2024-04-28,SKU_0188,153,0,7.0,84
2024-05-05,SKU_0188,140,0,7.0,84
2024-05-12,SKU_0188,122,0,7.0,84
2024-05-19,SKU_0188,89,0,7.0,84
2024-05-26,SKU_0188,79,171,7.0,84
2024-06-02,SKU_0188,187,0,7.0,84
2024-06-09,SKU_0188,141,0,7.0,84
2024-06-16,SKU_0188,131,0,7.0,84
2024-06-23,SKU_0188,103,0,7.0,84
2024-06-30,SKU_0188,97,0,7.0,84
2024-07-07,SKU_0188,93,0,7.0,84
2024-07-14,SKU_0188,164,0,7.0,84
2024-07-21,SKU_0188,161,0,7.0,84
2024-07-28,SKU_0188,126,0,7.0,84
2024-08-04,SKU_0188,119,0,7.0,84
2024-08-11,SKU_0188,116,0,7.0,84
2024-08-18,SKU_0188,104,0,7.0,84
2024-08-25,SKU_0188,88,0,7.0,84
2024-09-01,SKU_0188,80,192,7.0,84
2024-09-08,SKU_0188,64,108,7.0,84
2024-09-15,SKU_0188,59,100,7.0,84
2024-09-22,SKU_0188,233,0,7.0,84
2024-09-29,SKU_0188,211,0,7.0,84
2024-10-06,SKU_0188,202,0,7.0,84
2024-10-13,SKU_0188,180,0,7.0,84
2024-10-20,SKU_0188,168,0,7.0,84
2024-10-27,SKU_0188,121,0,7.0,84
2024-11-03,SKU_0188,116,0,7.0,84
2024-11-10,SKU_0188,95,0,7.0,84
2024-11-17,SKU_0188,169,0,7.0,84
2024-11-24,SKU_0188,169,0,7.0,84
2024-12-01,SKU_0188,151,0,7.0,84
2024-12-08,SKU_0188,139,0,7.0,84
2024-12-15,SKU_0188,135,0,7.0,84
2024-12-22,SKU_0188,118,0,7.0,84
2024-12-29,SKU_0188,87,0,7.0,84
2023-01-01,SKU_0189,365,0,28.0,69
2023-01-08,SKU_0189,341,0,28.0,69
2023-01-15,SKU_0189,288,0,28.0,69
2023-01-22,SKU_0189,272,0,28.0,69
2023-01-29,SKU_0189,253,0,28.0,69
2023-02-05,SKU_0189,188,0,28.0,69
2023-02-12,SKU_0189,166,0,28.0,69
2023-02-19,SKU_0189,142,0,28.0,69
2023-02-26,SKU_0189,105,0,28.0,69
2023-03-05,SKU_0189,97,0,28.0,69
2023-03-12,SKU_0189,80,0,28.0,69
2023-03-19,SKU_0189,78,0,28.0,69
2023-03-26,SKU_0189,177,0,28.0,69
2023-04-02,SKU_0189,155,0,28.0,69
2023-04-09,SKU_0189,136,0,28.0,69
2023-04-16,SKU_0189,120,0,28.0,69
2023-04-23,SKU_0189,102,0,28.0,69
2023-04-30,SKU_0189,85,0,28.0,69
2023-05-07,SKU_0189,74,0,28.0,69
2023-05-14,SKU_0189,140,0,28.0,69
2023-05-21,SKU_0189,105,0,28.0,69
2023-05-28,SKU_0189,99,0,28.0,69
2023-06-04,SKU_0189,79,0,28.0,69
2023-06-11,SKU_0189,67,176,28.0,69
2023-06-18,SKU_0189,260,0,28.0,69
2023-06-25,SKU_0189,212,0,28.0,69
2023-07-02,SKU_0189,157,0,28.0,69
2023-07-09,SKU_0189,157,0,28.0,69
2023-07-16,SKU_0189,138,0,28.0,69
2023-07-23,SKU_0189,119,0,28.0,69
2023-07-30,SKU_0189,115,0,28.0,69
2023-08-06,SKU_0189,86,0,28.0,69
2023-08-13,SKU_0189,223,0,28.0,69
2023-08-20,SKU_0189,178,0,28.0,69
2023-08-27,SKU_0189,173,0,28.0,69
2023-09-03,SKU_0189,149,0,28.0,69
2023-09-10,SKU_0189,122,0,28.0,69
2023-09-17,SKU_0189,92,0,28.0,69
2023-09-24,SKU_0189,83,0,28.0,69
2023-10-01,SKU_0189,76,0,28.0,69
2023-10-08,SKU_0189,71,0,28.0,69
2023-10-15,SKU_0189,233,0,28.0,69
2023-10-22,SKU_0189,211,0,28.0,69
2023-10-29,SKU_0189,176,0,28.0,69
2023-11-05,SKU_0189,158,0,28.0,69
2023-11-12,SKU_0189,151,0,28.0,69
2023-11-19,SKU_0189,143,0,28.0,69
2023-11-26,SKU_0189,115,0,28.0,69
2023-12-03,SKU_0189,111,0,28.0,69
2023-12-10,SKU_0189,104,0,28.0,69
2023-12-17,SKU_0189,87,0,28.0,69
2023-12-24,SKU_0189,83,0,28.0,69
2023-12-31,SKU_0189,74,0,28.0,69
2024-01-07,SKU_0189,53,144,28.0,69
2024-01-14,SKU_0189,51,143,28.0,69
2024-01-21,SKU_0189,51,122,28.0,69
2024-01-28,SKU_0189,138,0,28.0,69
2024-02-04,SKU_0189,136,0,28.0,69
2024-02-11,SKU_0189,98,0,28.0,69
2024-02-18,SKU_0189,87,0,28.0,69
2024-02-25,SKU_0189,84,0,28.0,69
2024-03-03,SKU_0189,62,191,28.0,69
2024-03-10,SKU_0189,53,106,28.0,69
2024-03-17,SKU_0189,44,105,28.0,69
2024-03-24,SKU_0189,36,170,28.0,69
2024-03-31,SKU_0189,29,196,28.0,69
2024-04-07,SKU_0189,29,81,28.0,69
2024-04-14,SKU_0189,22,192,28.0,69
2024-04-21,SKU_0189,20,165,28.0,69
2024-04-28,SKU_0189,17,83,28.0,69
2024-05-05,SKU_0189,15,92,28.0,69
2024-05-12,SKU_0189,13,180,28.0,69
2024-05-19,SKU_0189,11,114,28.0,69
2024-05-26,SKU_0189,113,0,28.0,69
2024-06-02,SKU_0189,98,0,28.0,69
2024-06-09,SKU_0189,96,0,28.0,69
2024-06-16,SKU_0189,90,0,28.0,69
2024-06-23,SKU_0189,72,0,28.0,69
2024-06-30,SKU_0189,55,82,28.0,69
2024-07-07,SKU_0189,55,63,28.0,69
2024-07-14,SKU_0189,43,162,28.0,69
2024-07-21,SKU_0189,32,169,28.0,69
2024-07-28,SKU_0189,30,89,28.0,69
2024-08-04,SKU_0189,112,0,28.0,69
2024-08-11,SKU_0189,104,0,28.0,69
2024-08-18,SKU_0189,76,0,28.0,69
2024-08-25,SKU_0189,216,0,28.0,69
2024-09-01,SKU_0189,159,0,28.0,69
2024-09-08,SKU_0189,125,0,28.0,69
2024-09-15,SKU_0189,109,0,28.0,69
2024-09-22,SKU_0189,89,0,28.0,69
2024-09-29,SKU_0189,76,0,28.0,69
2024-10-06,SKU_0189,69,0,28.0,69
2024-10-13,SKU_0189,62,115,28.0,69
2024-10-20,SKU_0189,246,0,28.0,69
2024-10-27,SKU_0189,202,0,28.0,69
2024-11-03,SKU_0189,200,0,28.0,69
2024-11-10,SKU_0189,187,0,28.0,69
2024-11-17,SKU_0189,141,0,28.0,69
2024-11-24,SKU_0189,102,0,28.0,69
2024-12-01,SKU_0189,88,0,28.0,69
2024-12-08,SKU_0189,70,0,28.0,69
2024-12-15,SKU_0189,200,0,28.0,69
2024-12-22,SKU_0189,194,0,28.0,69
2024-12-29,SKU_0189,182,0,28.0,69
2023-01-01,SKU_0190,89,0,28.0,63
2023-01-08,SKU_0190,87,0,28.0,63
2023-01-15,SKU_0190,75,0,28.0,63
2023-01-22,SKU_0190,66,0,28.0,63
2023-01-29,SKU_0190,66,0,28.0,63
2023-02-05,SKU_0190,48,164,28.0,63
2023-02-12,SKU_0190,172,0,28.0,63
2023-02-19,SKU_0190,144,0,28.0,63
2023-02-26,SKU_0190,120,0,28.0,63
2023-03-05,SKU_0190,113,0,28.0,63
2023-03-12,SKU_0190,102,0,28.0,63
2023-03-19,SKU_0190,81,0,28.0,63
2023-03-26,SKU_0190,71,0,28.0,63
2023-04-02,SKU_0190,65,0,28.0,63
2023-04-09,SKU_0190,57,64,28.0,63
2023-04-16,SKU_0190,44,102,28.0,63
2023-04-23,SKU_0190,110,0,28.0,63
2023-04-30,SKU_0190,93,0,28.0,63
2023-05-07,SKU_0190,84,0,28.0,63
2023-05-14,SKU_0190,83,0,28.0,63
2023-05-21,SKU_0190,61,55,28.0,63
2023-05-28,SKU_0190,222,0,28.0,63
2023-06-04,SKU_0190,202,0,28.0,63
2023-06-11,SKU_0190,165,0,28.0,63
2023-06-18,SKU_0190,122,0,28.0,63
2023-06-25,SKU_0190,103,0,28.0,63
2023-07-02,SKU_0190,89,0,28.0,63
2023-07-09,SKU_0190,82,0,28.0,63
2023-07-16,SKU_0190,68,0,28.0,63
2023-07-23,SKU_0190,67,0,28.0,63
2023-07-30,SKU_0190,56,171,28.0,63
2023-08-06,SKU_0190,50,154,28.0,63
2023-08-13,SKU_0190,129,0,28.0,63
2023-08-20,SKU_0190,117,0,28.0,63
2023-08-27,SKU_0190,108,0,28.0,63
2023-09-03,SKU_0190,104,0,28.0,63
2023-09-10,SKU_0190,93,0,28.0,63
2023-09-17,SKU_0190,70,0,28.0,63
2023-09-24,SKU_0190,180,0,28.0,63
2023-10-01,SKU_0190,166,0,28.0,63
2023-10-08,SKU_0190,130,0,28.0,63
2023-10-15,SKU_0190,119,0,28.0,63
2023-10-22,SKU_0190,89,0,28.0,63
2023-10-29,SKU_0190,84,0,28.0,63
2023-11-05,SKU_0190,70,0,28.0,63
2023-11-12,SKU_0190,138,0,28.0,63
2023-11-19,SKU_0190,138,0,28.0,63
2023-11-26,SKU_0190,117,0,28.0,63
2023-12-03,SKU_0190,101,0,28.0,63
2023-12-10,SKU_0190,76,0,28.0,63
2023-12-17,SKU_0190,67,0,28.0,63
2023-12-24,SKU_0190,48,59,28.0,63
2023-12-31,SKU_0190,88,0,28.0,63
2024-01-07,SKU_0190,76,0,28.0,63
2024-01-14,SKU_0190,71,0,28.0,63
2024-01-21,SKU_0190,219,0,28.0,63
2024-01-28,SKU_0190,161,0,28.0,63
2024-02-04,SKU_0190,151,0,28.0,63
2024-02-11,SKU_0190,146,0,28.0,63
2024-02-18,SKU_0190,142,0,28.0,63
2024-02-25,SKU_0190,109,0,28.0,63
2024-03-03,SKU_0190,101,0,28.0,63
2024-03-10,SKU_0190,80,0,28.0,63
2024-03-17,SKU_0190,65,0,28.0,63
2024-03-24,SKU_0190,51,138,28.0,63
2024-03-31,SKU_0190,239,0,28.0,63
2024-04-07,SKU_0190,186,0,28.0,63
2024-04-14,SKU_0190,132,0,28.0,63
2024-04-21,SKU_0190,108,0,28.0,63
2024-04-28,SKU_0190,94,0,28.0,63
2024-05-05,SKU_0190,81,0,28.0,63
2024-05-12,SKU_0190,65,0,28.0,63
2024-05-19,SKU_0190,53,96,28.0,63
2024-05-26,SKU_0190,53,177,28.0,63
2024-06-02,SKU_0190,43,142,28.0,63
2024-06-09,SKU_0190,41,90,28.0,63
2024-06-16,SKU_0190,31,189,28.0,63
2024-06-23,SKU_0190,29,112,28.0,63
2024-06-30,SKU_0190,22,101,28.0,63
2024-07-07,SKU_0190,161,0,28.0,63
2024-07-14,SKU_0190,134,0,28.0,63
2024-07-21,SKU_0190,104,0,28.0,63
2024-07-28,SKU_0190,98,0,28.0,63
2024-08-04,SKU_0190,72,0,28.0,63
2024-08-11,SKU_0190,168,0,28.0,63
2024-08-18,SKU_0190,164,0,28.0,63
2024-08-25,SKU_0190,127,0,28.0,63
2024-09-01,SKU_0190,90,0,28.0,63
2024-09-08,SKU_0190,73,0,28.0,63
2024-09-15,SKU_0190,197,0,28.0,63
2024-09-22,SKU_0190,142,0,28.0,63
2024-09-29,SKU_0190,107,0,28.0,63
2024-10-06,SKU_0190,101,0,28.0,63
2024-10-13,SKU_0190,96,0,28.0,63
2024-10-20,SKU_0190,84,0,28.0,63
2024-10-27,SKU_0190,83,0,28.0,63
2024-11-03,SKU_0190,66,0,28.0,63
2024-11-10,SKU_0190,66,0,28.0,63
2024-11-17,SKU_0190,63,0,28.0,63
2024-11-24,SKU_0190,209,0,28.0,63
2024-12-01,SKU_0190,188,0,28.0,63
2024-12-08,SKU_0190,162,0,28.0,63
2024-12-15,SKU_0190,151,0,28.0,63
2024-12-22,SKU_0190,122,0,28.0,63
2024-12-29,SKU_0190,114,0,28.0,63
2023-01-01,SKU_0191,190,0,7.0,75
2023-01-08,SKU_0191,178,0,7.0,75
2023-01-15,SKU_0191,142,0,7.0,75
2023-01-22,SKU_0191,136,0,7.0,75
2023-01-29,SKU_0191,134,0,7.0,75
2023-02-05,SKU_0191,97,0,7.0,75
2023-02-12,SKU_0191,97,0,7.0,75
2023-02-19,SKU_0191,84,0,7.0,75
2023-02-26,SKU_0191,72,121,7.0,75
2023-03-05,SKU_0191,155,0,7.0,75
2023-03-12,SKU_0191,118,0,7.0,75
2023-03-19,SKU_0191,90,0,7.0,75
2023-03-26,SKU_0191,67,69,7.0,75
2023-04-02,SKU_0191,63,77,7.0,75
2023-04-09,SKU_0191,62,75,7.0,75
2023-04-16,SKU_0191,127,0,7.0,75
2023-04-23,SKU_0191,123,0,7.0,75
2023-04-30,SKU_0191,94,0,7.0,75
2023-05-07,SKU_0191,215,0,7.0,75
2023-05-14,SKU_0191,204,0,7.0,75
2023-05-21,SKU_0191,148,0,7.0,75
2023-05-28,SKU_0191,108,0,7.0,75
2023-06-04,SKU_0191,94,0,7.0,75
2023-06-11,SKU_0191,79,0,7.0,75
2023-06-18,SKU_0191,76,0,7.0,75
2023-06-25,SKU_0191,55,129,7.0,75
2023-07-02,SKU_0191,45,98,7.0,75
2023-07-09,SKU_0191,166,0,7.0,75
2023-07-16,SKU_0191,165,0,7.0,75
2023-07-23,SKU_0191,147,0,7.0,75
2023-07-30,SKU_0191,112,0,7.0,75
2023-08-06,SKU_0191,84,0,7.0,75
2023-08-13,SKU_0191,62,192,7.0,75
2023-08-20,SKU_0191,50,62,7.0,75
2023-08-27,SKU_0191,40,133,7.0,75
2023-09-03,SKU_0191,37,106,7.0,75
2023-09-10,SKU_0191,147,0,7.0,75
2023-09-17,SKU_0191,117,0,7.0,75
2023-09-24,SKU_0191,100,0,7.0,75
2023-10-01,SKU_0191,85,0,7.0,75
2023-10-08,SKU_0191,85,0,7.0,75
2023-10-15,SKU_0191,60,103,7.0,75
2023-10-22,SKU_0191,44,52,7.0,75
2023-10-29,SKU_0191,122,0,7.0,75
2023-11-05,SKU_0191,86,0,7.0,75
2023-11-12,SKU_0191,265,0,7.0,75
2023-11-19,SKU_0191,256,0,7.0,75
2023-11-26,SKU_0191,233,0,7.0,75
2023-12-03,SKU_0191,203,0,7.0,75
2023-12-10,SKU_0191,165,0,7.0,75
2023-12-17,SKU_0191,138,0,7.0,75
2023-12-24,SKU_0191,130,0,7.0,75
2023-12-31,SKU_0191,101,0,7.0,75
2024-01-07,SKU_0191,91,0,7.0,75
2024-01-14,SKU_0191,90,0,7.0,75
2024-01-21,SKU_0191,89,0,7.0,75
2024-01-28,SKU_0191,80,0,7.0,75
2024-02-04,SKU_0191,76,0,7.0,75
2024-02-11,SKU_0191,73,155,7.0,75
2024-02-18,SKU_0191,172,0,7.0,75
2024-02-25,SKU_0191,124,0,7.0,75
2024-03-03,SKU_0191,99,0,7.0,75
2024-03-10,SKU_0191,80,0,7.0,75
2024-03-17,SKU_0191,62,161,7.0,75
2024-03-24,SKU_0191,61,152,7.0,75
2024-03-31,SKU_0191,56,125,7.0,75
2024-04-07,SKU_0191,45,100,7.0,75
2024-04-14,SKU_0191,137,0,7.0,75
2024-04-21,SKU_0191,97,0,7.0,75
2024-04-28,SKU_0191,82,0,7.0,75
2024-05-05,SKU_0191,179,0,7.0,75
2024-05-12,SKU_0191,144,0,7.0,75
2024-05-19,SKU_0191,139,0,7.0,75
2024-05-26,SKU_0191,139,0,7.0,75
2024-06-02,SKU_0191,98,0,7.0,75
2024-06-09,SKU_0191,85,0,7.0,75
2024-06-16,SKU_0191,81,0,7.0,75
2024-06-23,SKU_0191,61,130,7.0,75
2024-06-30,SKU_0191,56,128,7.0,75
2024-07-07,SKU_0191,175,0,7.0,75
2024-07-14,SKU_0191,159,0,7.0,75
2024-07-21,SKU_0191,144,0,7.0,75
2024-07-28,SKU_0191,115,0,7.0,75
2024-08-04,SKU_0191,115,0,7.0,75
2024-08-11,SKU_0191,87,0,7.0,75
2024-08-18,SKU_0191,181,0,7.0,75
2024-08-25,SKU_0191,135,0,7.0,75
2024-09-01,SKU_0191,133,0,7.0,75
2024-09-08,SKU_0191,100,0,7.0,75
2024-09-15,SKU_0191,97,0,7.0,75
2024-09-22,SKU_0191,69,144,7.0,75
2024-09-29,SKU_0191,60,74,7.0,75
2024-10-06,SKU_0191,113,0,7.0,75
2024-10-13,SKU_0191,82,0,7.0,75
2024-10-20,SKU_0191,190,0,7.0,75
2024-10-27,SKU_0191,179,0,7.0,75
2024-11-03,SKU_0191,175,0,7.0,75
2024-11-10,SKU_0191,149,0,7.0,75
2024-11-17,SKU_0191,140,0,7.0,75
2024-11-24,SKU_0191,128,0,7.0,75
2024-12-01,SKU_0191,94,0,7.0,75
2024-12-08,SKU_0191,88,0,7.0,75
2024-12-15,SKU_0191,83,0,7.0,75
2024-12-22,SKU_0191,174,0,7.0,75
2024-12-29,SKU_0191,174,0,7.0,75
2023-01-01,SKU_0192,301,0,21.0,71
2023-01-08,SKU_0192,282,0,21.0,71
2023-01-15,SKU_0192,203,0,21.0,71
2023-01-22,SKU_0192,162,0,21.0,71
2023-01-29,SKU_0192,126,0,21.0,71
2023-02-05,SKU_0192,107,0,21.0,71
2023-02-12,SKU_0192,97,0,21.0,71
2023-02-19,SKU_0192,71,0,21.0,71
2023-02-26,SKU_0192,256,0,21.0,71
2023-03-05,SKU_0192,221,0,21.0,71
2023-03-12,SKU_0192,198,0,21.0,71
2023-03-19,SKU_0192,142,0,21.0,71
2023-03-26,SKU_0192,130,0,21.0,71
2023-04-02,SKU_0192,122,0,21.0,71
2023-04-09,SKU_0192,120,0,21.0,71
2023-04-16,SKU_0192,88,0,21.0,71
2023-04-23,SKU_0192,82,0,21.0,71
2023-04-30,SKU_0192,77,0,21.0,71
2023-05-07,SKU_0192,237,0,21.0,71
2023-05-14,SKU_0192,192,0,21.0,71
2023-05-21,SKU_0192,142,0,21.0,71
2023-05-28,SKU_0192,101,0,21.0,71
2023-06-04,SKU_0192,73,0,21.0,71
2023-06-11,SKU_0192,53,57,21.0,71
2023-06-18,SKU_0192,44,126,21.0,71
2023-06-25,SKU_0192,39,143,21.0,71
2023-07-02,SKU_0192,102,0,21.0,71
2023-07-09,SKU_0192,87,0,21.0,71
2023-07-16,SKU_0192,80,0,21.0,71
2023-07-23,SKU_0192,205,0,21.0,71
2023-07-30,SKU_0192,150,0,21.0,71
2023-08-06,SKU_0192,132,0,21.0,71
2023-08-13,SKU_0192,101,0,21.0,71
2023-08-20,SKU_0192,98,0,21.0,71
2023-08-27,SKU_0192,90,0,21.0,71
2023-09-03,SKU_0192,77,0,21.0,71
2023-09-10,SKU_0192,222,0,21.0,71
2023-09-17,SKU_0192,172,0,21.0,71
2023-09-24,SKU_0192,153,0,21.0,71
2023-10-01,SKU_0192,125,0,21.0,71
2023-10-08,SKU_0192,122,0,21.0,71
2023-10-15,SKU_0192,91,0,21.0,71
2023-10-22,SKU_0192,79,0,21.0,71
2023-10-29,SKU_0192,63,79,21.0,71
2023-11-05,SKU_0192,221,0,21.0,71
2023-11-12,SKU_0192,200,0,21.0,71
2023-11-19,SKU_0192,175,0,21.0,71
2023-11-26,SKU_0192,172,0,21.0,71
2023-12-03,SKU_0192,123,0,21.0,71
2023-12-10,SKU_0192,120,0,21.0,71
2023-12-17,SKU_0192,93,0,21.0,71
2023-12-24,SKU_0192,75,0,21.0,71
2023-12-31,SKU_0192,60,77,21.0,71
2024-01-07,SKU_0192,197,0,21.0,71
2024-01-14,SKU_0192,192,0,21.0,71
2024-01-21,SKU_0192,158,0,21.0,71
2024-01-28,SKU_0192,138,0,21.0,71
2024-02-04,SKU_0192,97,0,21.0,71
2024-02-11,SKU_0192,83,0,21.0,71
2024-02-18,SKU_0192,64,55,21.0,71
2024-02-25,SKU_0192,50,72,21.0,71
2024-03-03,SKU_0192,39,96,21.0,71
2024-03-10,SKU_0192,91,0,21.0,71
2024-03-17,SKU_0192,91,0,21.0,71
2024-03-24,SKU_0192,74,0,21.0,71
2024-03-31,SKU_0192,260,0,21.0,71
2024-04-07,SKU_0192,199,0,21.0,71
2024-04-14,SKU_0192,192,0,21.0,71
2024-04-21,SKU_0192,150,0,21.0,71
2024-04-28,SKU_0192,113,0,21.0,71
2024-05-05,SKU_0192,109,0,21.0,71
2024-05-12,SKU_0192,82,0,21.0,71
2024-05-19,SKU_0192,151,0,21.0,71
2024-05-26,SKU_0192,130,0,21.0,71
2024-06-02,SKU_0192,126,0,21.0,71
2024-06-09,SKU_0192,110,0,21.0,71
2024-06-16,SKU_0192,94,0,21.0,71
2024-06-23,SKU_0192,71,0,21.0,71
2024-06-30,SKU_0192,64,93,21.0,71
2024-07-07,SKU_0192,111,0,21.0,71
2024-07-14,SKU_0192,94,0,21.0,71
2024-07-21,SKU_0192,74,0,21.0,71
2024-07-28,SKU_0192,179,0,21.0,71
2024-08-04,SKU_0192,153,0,21.0,71
2024-08-11,SKU_0192,127,0,21.0,71
2024-08-18,SKU_0192,92,0,21.0,71
2024-08-25,SKU_0192,82,0,21.0,71
2024-09-01,SKU_0192,81,0,21.0,71
2024-09-08,SKU_0192,72,0,21.0,71
2024-09-15,SKU_0192,187,0,21.0,71
2024-09-22,SKU_0192,163,0,21.0,71
2024-09-29,SKU_0192,133,0,21.0,71
2024-10-06,SKU_0192,113,0,21.0,71
2024-10-13,SKU_0192,85,0,21.0,71
2024-10-20,SKU_0192,73,0,21.0,71
2024-10-27,SKU_0192,64,65,21.0,71
2024-11-03,SKU_0192,57,188,21.0,71
2024-11-10,SKU_0192,203,0,21.0,71
2024-11-17,SKU_0192,177,0,21.0,71
2024-11-24,SKU_0192,141,0,21.0,71
2024-12-01,SKU_0192,105,0,21.0,71
2024-12-08,SKU_0192,88,0,21.0,71
2024-12-15,SKU_0192,75,0,21.0,71
2024-12-22,SKU_0192,124,0,21.0,71
2024-12-29,SKU_0192,92,0,21.0,71
